{"type":"FeatureCollection","features":[{"type":"Feature","id":"infra_3241c1a854b12e5e","geometry":{"type":"Point","coordinates":[36.587766,50.59673]},"properties":{"uid":"infra_3241c1a854b12e5e","object_id":"infra_3241c1a854b12e5e","source":"russia_oil_power_map","source_dataset":"Russia Oil & Power Infrastructure Map","source_id":"russia_oil_power_map","source_record_id":"pin_68d9957ab8b307.41901098","source_url":"https://russiaoilpowermap.com/data/custom_pins.json","source_capture_date":"2026-09-25T08:56:03Z","source_layer":"custom_pins","source_reference_id":"ref_53ef0245aa04ef2e","source_name":"Russia Oil & Power Infrastructure Map","source_type":"map_layer","source_reliability":"B","license_or_terms":"unknown","name":"Belgorod Government Offices","name_en":"","description":"","name_translated":"","description_translated":"","display_label":"Belgorod Government Offices","asset_class":"other_infrastructure","asset_type":"other","asset_subtype":"other","domain":"other","status":"","operator":"","product":"","country":"Russia","country_code":"","country_source":"","countries":["Russia"],"source_country":"Russia","country_match_method":"point_in_boundary","region":"","region_translated":"","subdivision":"","inn":"","is_sanctioned":"","is_mass_director":"","is_mass_founder":"","is_disqualified_persons":"","geometry_type":"Point","latitude":"50.59673000","longitude":"36.58776600","centroid_latitude":"50.59673000","centroid_longitude":"36.58776600","map_latitude":"50.59673000","map_longitude":"36.58776600","start_latitude":"50.59673","start_longitude":"36.587766","end_latitude":"50.59673","end_longitude":"36.587766","coordinate_count":"1","length_km":"","has_point_location":"true","location_quality":"exact","coordinate_precision":"exact","coordinate_source":"","entity_confidence":"high","freshness":"recent","cross_source_support":"1","review_status":"unreviewed","confidence":"A","confidence_grade":"A","confidence_score":"1.00","selectable":"true","map_layer":"other_infrastructure","map_color":"#2a93d5","map_icon":"circle","risk_flags":"","subcategory":"other","transport_functions":"","un_locode":"","locode_country":"","locode_location":"","iata":"","remarks":"","source_date":"","detected_language":"en_or_unknown","translation_source":"","derived_subcategory":"other","derived_subcategory_label":"Other","derived_subcategory_confidence":"0.5","derived_subcategory_reason":"asset type fallback","possible_duplicate_group":"","search_text":"Belgorod Government Offices Belgorod Government Offices other_infrastructure other other other Russia Oil & Power Infrastructure Map custom_pins Other","references_json":"[{\"reference_id\":\"ref_53ef0245aa04ef2e\",\"source_id\":\"russia_oil_power_map\",\"source_name\":\"Russia Oil & Power Infrastructure Map\",\"source_type\":\"map_layer\",\"url\":\"https://russiaoilpowermap.com/data/custom_pins.json\",\"archive_url\":\"\",\"retrieved_at\":\"2026-09-25T08:56:03Z\",\"source_record_id\":\"pin_68d9957ab8b307.41901098\",\"source_file\":\"data/russia_oil_power_infrastructure.csv\",\"source_line_or_record_id\":\"113641\",\"extractor_version\":\"unknown\",\"license_or_terms\":\"unknown\",\"confidence_contribution\":\"0.82\"}]","first_seen_build":"2026-09-21T09:07:38Z","last_seen_build":"2026-09-25T08:56:03Z","change_status":"unchanged","change_types":[],"changed_since_previous_build":"false","new_in_latest_build":"false","removed_from_latest_build":"false","source_archive_date":"2026-09-25T08:56:03Z","generation_type":"","primary_fuel":"","secondary_fuels":"","plant_role":"","technology":"","installed_capacity_mw":"","operational_status":"","classification_confidence":"","classification_confidence_score":"","classification_method":"","classification_sources":"","classification_notes":"","alternate_names":"","name_ru":"","match_score":"","match_method":"","matched_source_record_ids":"","is_nuclear":"","nuclear_status":"","reactor_count":"","operating_reactor_count":"","reactor_types":"","nuclear_reference_ids":"","radiological_risk":"","substation_type":"","voltage_kv":"","voltage_levels_kv":"","connected_generation_type":"","ecological_risk_category":"","political_significance":"","risk_assessment_status":"","references":[{"reference_id":"ref_53ef0245aa04ef2e","source_id":"russia_oil_power_map","source_name":"Russia Oil & Power Infrastructure Map","source_type":"map_layer","url":"https://russiaoilpowermap.com/data/custom_pins.json","archive_url":"","retrieved_at":"2026-09-25T08:56:03Z","source_record_id":"pin_68d9957ab8b307.41901098","source_file":"data/russia_oil_power_infrastructure.csv","source_line_or_record_id":"113641","extractor_version":"unknown","license_or_terms":"unknown","confidence_contribution":"0.82"}]}},{"type":"Feature","id":"infra_ba179f6913f9a160","geometry":{"type":"Point","coordinates":[52.047987,55.821923]},"properties":{"uid":"infra_ba179f6913f9a160","object_id":"infra_ba179f6913f9a160","source":"russia_oil_power_map","source_dataset":"Russia Oil & Power Infrastructure Map","source_id":"russia_oil_power_map","source_record_id":"pin_68dc8ed65690c4.38621022","source_url":"https://russiaoilpowermap.com/data/custom_pins.json","source_capture_date":"2026-09-25T08:56:03Z","source_layer":"custom_pins","source_reference_id":"ref_8e53d0d9220330c4","source_name":"Russia Oil & Power Infrastructure Map","source_type":"map_layer","source_reliability":"B","license_or_terms":"unknown","name":"Yelabuga Shahed Drone Factory","name_en":"","description":"","name_translated":"","description_translated":"","display_label":"Yelabuga Shahed Drone Factory","asset_class":"other_infrastructure","asset_type":"other","asset_subtype":"military","domain":"other","status":"","operator":"","product":"","country":"Russia","country_code":"","country_source":"","countries":["Russia"],"source_country":"Russia","country_match_method":"point_in_boundary","region":"","region_translated":"","subdivision":"","inn":"","is_sanctioned":"","is_mass_director":"","is_mass_founder":"","is_disqualified_persons":"","geometry_type":"Point","latitude":"55.82192300","longitude":"52.04798700","centroid_latitude":"55.82192300","centroid_longitude":"52.04798700","map_latitude":"55.82192300","map_longitude":"52.04798700","start_latitude":"55.821923","start_longitude":"52.047987","end_latitude":"55.821923","end_longitude":"52.047987","coordinate_count":"1","length_km":"","has_point_location":"true","location_quality":"exact","coordinate_precision":"exact","coordinate_source":"","entity_confidence":"high","freshness":"recent","cross_source_support":"1","review_status":"unreviewed","confidence":"A","confidence_grade":"A","confidence_score":"1.00","selectable":"true","map_layer":"other_infrastructure","map_color":"#2a93d5","map_icon":"circle","risk_flags":"","subcategory":"other","transport_functions":"","un_locode":"","locode_country":"","locode_location":"","iata":"","remarks":"","source_date":"","detected_language":"en_or_unknown","translation_source":"","derived_subcategory":"other","derived_subcategory_label":"Other","derived_subcategory_confidence":"0.5","derived_subcategory_reason":"asset type fallback","possible_duplicate_group":"","search_text":"Yelabuga Shahed Drone Factory Yelabuga Shahed Drone Factory other_infrastructure other military other Russia Oil & Power Infrastructure Map custom_pins Other","references_json":"[{\"reference_id\":\"ref_8e53d0d9220330c4\",\"source_id\":\"russia_oil_power_map\",\"source_name\":\"Russia Oil & Power Infrastructure Map\",\"source_type\":\"map_layer\",\"url\":\"https://russiaoilpowermap.com/data/custom_pins.json\",\"archive_url\":\"\",\"retrieved_at\":\"2026-09-25T08:56:03Z\",\"source_record_id\":\"pin_68dc8ed65690c4.38621022\",\"source_file\":\"data/russia_oil_power_infrastructure.csv\",\"source_line_or_record_id\":\"113642\",\"extractor_version\":\"unknown\",\"license_or_terms\":\"unknown\",\"confidence_contribution\":\"0.82\"}]","first_seen_build":"2026-09-21T09:07:38Z","last_seen_build":"2026-09-25T08:56:03Z","change_status":"unchanged","change_types":[],"changed_since_previous_build":"false","new_in_latest_build":"false","removed_from_latest_build":"false","source_archive_date":"2026-09-25T08:56:03Z","generation_type":"","primary_fuel":"","secondary_fuels":"","plant_role":"","technology":"","installed_capacity_mw":"","operational_status":"","classification_confidence":"","classification_confidence_score":"","classification_method":"","classification_sources":"","classification_notes":"","alternate_names":"","name_ru":"","match_score":"","match_method":"","matched_source_record_ids":"","is_nuclear":"","nuclear_status":"","reactor_count":"","operating_reactor_count":"","reactor_types":"","nuclear_reference_ids":"","radiological_risk":"","substation_type":"","voltage_kv":"","voltage_levels_kv":"","connected_generation_type":"","ecological_risk_category":"","political_significance":"","risk_assessment_status":"","references":[{"reference_id":"ref_8e53d0d9220330c4","source_id":"russia_oil_power_map","source_name":"Russia Oil & Power Infrastructure Map","source_type":"map_layer","url":"https://russiaoilpowermap.com/data/custom_pins.json","archive_url":"","retrieved_at":"2026-09-25T08:56:03Z","source_record_id":"pin_68dc8ed65690c4.38621022","source_file":"data/russia_oil_power_infrastructure.csv","source_line_or_record_id":"113642","extractor_version":"unknown","license_or_terms":"unknown","confidence_contribution":"0.82"}]}},{"type":"Feature","id":"infra_4f1da384e5b644cc","geometry":{"type":"Point","coordinates":[39.62253,52.571636]},"properties":{"uid":"infra_4f1da384e5b644cc","object_id":"infra_4f1da384e5b644cc","source":"russia_oil_power_map","source_dataset":"Russia Oil & Power Infrastructure Map","source_id":"russia_oil_power_map","source_record_id":"pin_6ab025aa674174.60118755","source_url":"https://russiaoilpowermap.com/data/custom_pins.json","source_capture_date":"2026-09-25T08:56:03Z","source_layer":"custom_pins","source_reference_id":"ref_ccac819d921a00c7","source_name":"Russia Oil & Power Infrastructure Map","source_type":"map_layer","source_reliability":"B","license_or_terms":"unknown","name":"Novolipetsk Steel (NLMK)","name_en":"","description":"","name_translated":"","description_translated":"","display_label":"Novolipetsk Steel (NLMK)","asset_class":"other_infrastructure","asset_type":"other","asset_subtype":"manufacturing","domain":"other","status":"","operator":"","product":"","country":"Russia","country_code":"","country_source":"","countries":["Russia"],"source_country":"Russia","country_match_method":"point_in_boundary","region":"","region_translated":"","subdivision":"","inn":"","is_sanctioned":"","is_mass_director":"","is_mass_founder":"","is_disqualified_persons":"","geometry_type":"Point","latitude":"52.57163600","longitude":"39.62253000","centroid_latitude":"52.57163600","centroid_longitude":"39.62253000","map_latitude":"52.57163600","map_longitude":"39.62253000","start_latitude":"52.571636","start_longitude":"39.62253","end_latitude":"52.571636","end_longitude":"39.62253","coordinate_count":"1","length_km":"","has_point_location":"true","location_quality":"exact","coordinate_precision":"exact","coordinate_source":"","entity_confidence":"high","freshness":"recent","cross_source_support":"1","review_status":"unreviewed","confidence":"A","confidence_grade":"A","confidence_score":"1.00","selectable":"true","map_layer":"other_infrastructure","map_color":"#2a93d5","map_icon":"circle","risk_flags":"","subcategory":"other","transport_functions":"","un_locode":"","locode_country":"","locode_location":"","iata":"","remarks":"","source_date":"","detected_language":"en_or_unknown","translation_source":"","derived_subcategory":"other","derived_subcategory_label":"Other","derived_subcategory_confidence":"0.5","derived_subcategory_reason":"asset type fallback","possible_duplicate_group":"","search_text":"Novolipetsk Steel (NLMK) Novolipetsk Steel (NLMK) other_infrastructure other manufacturing other Russia Oil & Power Infrastructure Map custom_pins Other","references_json":"[{\"reference_id\":\"ref_ccac819d921a00c7\",\"source_id\":\"russia_oil_power_map\",\"source_name\":\"Russia Oil & Power Infrastructure Map\",\"source_type\":\"map_layer\",\"url\":\"https://russiaoilpowermap.com/data/custom_pins.json\",\"archive_url\":\"\",\"retrieved_at\":\"2026-09-25T08:56:03Z\",\"source_record_id\":\"pin_6ab025aa674174.60118755\",\"source_file\":\"data/russia_oil_power_infrastructure.csv\",\"source_line_or_record_id\":\"114018\",\"extractor_version\":\"unknown\",\"license_or_terms\":\"unknown\",\"confidence_contribution\":\"0.82\"}]","first_seen_build":"2026-09-21T09:07:38Z","last_seen_build":"2026-09-25T08:56:03Z","change_status":"unchanged","change_types":[],"changed_since_previous_build":"false","new_in_latest_build":"false","removed_from_latest_build":"false","source_archive_date":"2026-09-25T08:56:03Z","generation_type":"","primary_fuel":"","secondary_fuels":"","plant_role":"","technology":"","installed_capacity_mw":"","operational_status":"","classification_confidence":"","classification_confidence_score":"","classification_method":"","classification_sources":"","classification_notes":"","alternate_names":"","name_ru":"","match_score":"","match_method":"","matched_source_record_ids":"","is_nuclear":"","nuclear_status":"","reactor_count":"","operating_reactor_count":"","reactor_types":"","nuclear_reference_ids":"","radiological_risk":"","substation_type":"","voltage_kv":"","voltage_levels_kv":"","connected_generation_type":"","ecological_risk_category":"","political_significance":"","risk_assessment_status":"","references":[{"reference_id":"ref_ccac819d921a00c7","source_id":"russia_oil_power_map","source_name":"Russia Oil & Power Infrastructure Map","source_type":"map_layer","url":"https://russiaoilpowermap.com/data/custom_pins.json","archive_url":"","retrieved_at":"2026-09-25T08:56:03Z","source_record_id":"pin_6ab025aa674174.60118755","source_file":"data/russia_oil_power_infrastructure.csv","source_line_or_record_id":"114018","extractor_version":"unknown","license_or_terms":"unknown","confidence_contribution":"0.82"}]}},{"type":"Feature","id":"infra_28e64b810901d77d","geometry":{"type":"Point","coordinates":[37.871665,59.136637]},"properties":{"uid":"infra_28e64b810901d77d","object_id":"infra_28e64b810901d77d","source":"russia_oil_power_map","source_dataset":"Russia Oil & Power Infrastructure Map","source_id":"russia_oil_power_map","source_record_id":"pin_6ab025e1cc11b3.82227570","source_url":"https://russiaoilpowermap.com/data/custom_pins.json","source_capture_date":"2026-09-25T08:56:03Z","source_layer":"custom_pins","source_reference_id":"ref_1eb30f08b331a346","source_name":"Russia Oil & Power Infrastructure Map","source_type":"map_layer","source_reliability":"B","license_or_terms":"unknown","name":"Severstal (Cherepovets Steel Mill)","name_en":"","description":"","name_translated":"","description_translated":"","display_label":"Severstal (Cherepovets Steel Mill)","asset_class":"other_infrastructure","asset_type":"other","asset_subtype":"manufacturing","domain":"other","status":"","operator":"","product":"","country":"Russia","country_code":"","country_source":"","countries":["Russia"],"source_country":"Russia","country_match_method":"point_in_boundary","region":"","region_translated":"","subdivision":"","inn":"","is_sanctioned":"","is_mass_director":"","is_mass_founder":"","is_disqualified_persons":"","geometry_type":"Point","latitude":"59.13663700","longitude":"37.87166500","centroid_latitude":"59.13663700","centroid_longitude":"37.87166500","map_latitude":"59.13663700","map_longitude":"37.87166500","start_latitude":"59.136637","start_longitude":"37.871665","end_latitude":"59.136637","end_longitude":"37.871665","coordinate_count":"1","length_km":"","has_point_location":"true","location_quality":"exact","coordinate_precision":"exact","coordinate_source":"","entity_confidence":"high","freshness":"recent","cross_source_support":"1","review_status":"unreviewed","confidence":"A","confidence_grade":"A","confidence_score":"1.00","selectable":"true","map_layer":"other_infrastructure","map_color":"#2a93d5","map_icon":"circle","risk_flags":"","subcategory":"other","transport_functions":"","un_locode":"","locode_country":"","locode_location":"","iata":"","remarks":"","source_date":"","detected_language":"en_or_unknown","translation_source":"","derived_subcategory":"other","derived_subcategory_label":"Other","derived_subcategory_confidence":"0.5","derived_subcategory_reason":"asset type fallback","possible_duplicate_group":"","search_text":"Severstal (Cherepovets Steel Mill) Severstal (Cherepovets Steel Mill) other_infrastructure other manufacturing other Russia Oil & Power Infrastructure Map custom_pins Other","references_json":"[{\"reference_id\":\"ref_1eb30f08b331a346\",\"source_id\":\"russia_oil_power_map\",\"source_name\":\"Russia Oil & Power Infrastructure Map\",\"source_type\":\"map_layer\",\"url\":\"https://russiaoilpowermap.com/data/custom_pins.json\",\"archive_url\":\"\",\"retrieved_at\":\"2026-09-25T08:56:03Z\",\"source_record_id\":\"pin_6ab025e1cc11b3.82227570\",\"source_file\":\"data/russia_oil_power_infrastructure.csv\",\"source_line_or_record_id\":\"114019\",\"extractor_version\":\"unknown\",\"license_or_terms\":\"unknown\",\"confidence_contribution\":\"0.82\"}]","first_seen_build":"2026-09-21T09:07:38Z","last_seen_build":"2026-09-25T08:56:03Z","change_status":"unchanged","change_types":[],"changed_since_previous_build":"false","new_in_latest_build":"false","removed_from_latest_build":"false","source_archive_date":"2026-09-25T08:56:03Z","generation_type":"","primary_fuel":"","secondary_fuels":"","plant_role":"","technology":"","installed_capacity_mw":"","operational_status":"","classification_confidence":"","classification_confidence_score":"","classification_method":"","classification_sources":"","classification_notes":"","alternate_names":"","name_ru":"","match_score":"","match_method":"","matched_source_record_ids":"","is_nuclear":"","nuclear_status":"","reactor_count":"","operating_reactor_count":"","reactor_types":"","nuclear_reference_ids":"","radiological_risk":"","substation_type":"","voltage_kv":"","voltage_levels_kv":"","connected_generation_type":"","ecological_risk_category":"","political_significance":"","risk_assessment_status":"","references":[{"reference_id":"ref_1eb30f08b331a346","source_id":"russia_oil_power_map","source_name":"Russia Oil & Power Infrastructure Map","source_type":"map_layer","url":"https://russiaoilpowermap.com/data/custom_pins.json","archive_url":"","retrieved_at":"2026-09-25T08:56:03Z","source_record_id":"pin_6ab025e1cc11b3.82227570","source_file":"data/russia_oil_power_infrastructure.csv","source_line_or_record_id":"114019","extractor_version":"unknown","license_or_terms":"unknown","confidence_contribution":"0.82"}]}},{"type":"Feature","id":"infra_44b000e96dd1631e","geometry":{"type":"Point","coordinates":[37.940168,51.143265]},"properties":{"uid":"infra_44b000e96dd1631e","object_id":"infra_44b000e96dd1631e","source":"russia_oil_power_map","source_dataset":"Russia Oil & Power Infrastructure Map","source_id":"russia_oil_power_map","source_record_id":"pin_6ab0266ba99899.30036441","source_url":"https://russiaoilpowermap.com/data/custom_pins.json","source_capture_date":"2026-09-25T08:56:03Z","source_layer":"custom_pins","source_reference_id":"ref_36c1930be74a365c","source_name":"Russia Oil & Power Infrastructure Map","source_type":"map_layer","source_reliability":"B","license_or_terms":"unknown","name":"Metalloinvest OEMK Steel Plant","name_en":"","description":"","name_translated":"","description_translated":"","display_label":"Metalloinvest OEMK Steel Plant","asset_class":"other_infrastructure","asset_type":"other","asset_subtype":"manufacturing","domain":"other","status":"","operator":"","product":"","country":"Russia","country_code":"","country_source":"","countries":["Russia"],"source_country":"Russia","country_match_method":"point_in_boundary","region":"","region_translated":"","subdivision":"","inn":"","is_sanctioned":"","is_mass_director":"","is_mass_founder":"","is_disqualified_persons":"","geometry_type":"Point","latitude":"51.14326500","longitude":"37.94016800","centroid_latitude":"51.14326500","centroid_longitude":"37.94016800","map_latitude":"51.14326500","map_longitude":"37.94016800","start_latitude":"51.143265","start_longitude":"37.940168","end_latitude":"51.143265","end_longitude":"37.940168","coordinate_count":"1","length_km":"","has_point_location":"true","location_quality":"exact","coordinate_precision":"exact","coordinate_source":"","entity_confidence":"high","freshness":"recent","cross_source_support":"1","review_status":"unreviewed","confidence":"A","confidence_grade":"A","confidence_score":"1.00","selectable":"true","map_layer":"other_infrastructure","map_color":"#2a93d5","map_icon":"circle","risk_flags":"","subcategory":"other","transport_functions":"","un_locode":"","locode_country":"","locode_location":"","iata":"","remarks":"","source_date":"","detected_language":"en_or_unknown","translation_source":"","derived_subcategory":"other","derived_subcategory_label":"Other","derived_subcategory_confidence":"0.5","derived_subcategory_reason":"asset type fallback","possible_duplicate_group":"","search_text":"Metalloinvest OEMK Steel Plant Metalloinvest OEMK Steel Plant other_infrastructure other manufacturing other Russia Oil & Power Infrastructure Map custom_pins Other","references_json":"[{\"reference_id\":\"ref_36c1930be74a365c\",\"source_id\":\"russia_oil_power_map\",\"source_name\":\"Russia Oil & Power Infrastructure Map\",\"source_type\":\"map_layer\",\"url\":\"https://russiaoilpowermap.com/data/custom_pins.json\",\"archive_url\":\"\",\"retrieved_at\":\"2026-09-25T08:56:03Z\",\"source_record_id\":\"pin_6ab0266ba99899.30036441\",\"source_file\":\"data/russia_oil_power_infrastructure.csv\",\"source_line_or_record_id\":\"114020\",\"extractor_version\":\"unknown\",\"license_or_terms\":\"unknown\",\"confidence_contribution\":\"0.82\"}]","first_seen_build":"2026-09-21T09:07:38Z","last_seen_build":"2026-09-25T08:56:03Z","change_status":"unchanged","change_types":[],"changed_since_previous_build":"false","new_in_latest_build":"false","removed_from_latest_build":"false","source_archive_date":"2026-09-25T08:56:03Z","generation_type":"","primary_fuel":"","secondary_fuels":"","plant_role":"","technology":"","installed_capacity_mw":"","operational_status":"","classification_confidence":"","classification_confidence_score":"","classification_method":"","classification_sources":"","classification_notes":"","alternate_names":"","name_ru":"","match_score":"","match_method":"","matched_source_record_ids":"","is_nuclear":"","nuclear_status":"","reactor_count":"","operating_reactor_count":"","reactor_types":"","nuclear_reference_ids":"","radiological_risk":"","substation_type":"","voltage_kv":"","voltage_levels_kv":"","connected_generation_type":"","ecological_risk_category":"","political_significance":"","risk_assessment_status":"","references":[{"reference_id":"ref_36c1930be74a365c","source_id":"russia_oil_power_map","source_name":"Russia Oil & Power Infrastructure Map","source_type":"map_layer","url":"https://russiaoilpowermap.com/data/custom_pins.json","archive_url":"","retrieved_at":"2026-09-25T08:56:03Z","source_record_id":"pin_6ab0266ba99899.30036441","source_file":"data/russia_oil_power_infrastructure.csv","source_line_or_record_id":"114020","extractor_version":"unknown","license_or_terms":"unknown","confidence_contribution":"0.82"}]}},{"type":"Feature","id":"infra_db3b86fc8ab10f34","geometry":{"type":"Point","coordinates":[60.095354,57.924609]},"properties":{"uid":"infra_db3b86fc8ab10f34","object_id":"infra_db3b86fc8ab10f34","source":"russia_oil_power_map","source_dataset":"Russia Oil & Power Infrastructure Map","source_id":"russia_oil_power_map","source_record_id":"pin_6ab027be0f8b96.54336775","source_url":"https://russiaoilpowermap.com/data/custom_pins.json","source_capture_date":"2026-09-25T08:56:03Z","source_layer":"custom_pins","source_reference_id":"ref_f68f92c4085dcbac","source_name":"Russia Oil & Power Infrastructure Map","source_type":"map_layer","source_reliability":"B","license_or_terms":"unknown","name":"Uralvagonzavod","name_en":"","description":"","name_translated":"","description_translated":"","display_label":"Uralvagonzavod","asset_class":"other_infrastructure","asset_type":"other","asset_subtype":"manufacturing","domain":"other","status":"","operator":"","product":"","country":"Russia","country_code":"","country_source":"","countries":["Russia"],"source_country":"Russia","country_match_method":"point_in_boundary","region":"","region_translated":"","subdivision":"","inn":"","is_sanctioned":"","is_mass_director":"","is_mass_founder":"","is_disqualified_persons":"","geometry_type":"Point","latitude":"57.92460900","longitude":"60.09535400","centroid_latitude":"57.92460900","centroid_longitude":"60.09535400","map_latitude":"57.92460900","map_longitude":"60.09535400","start_latitude":"57.924609","start_longitude":"60.095354","end_latitude":"57.924609","end_longitude":"60.095354","coordinate_count":"1","length_km":"","has_point_location":"true","location_quality":"exact","coordinate_precision":"exact","coordinate_source":"","entity_confidence":"high","freshness":"recent","cross_source_support":"1","review_status":"unreviewed","confidence":"A","confidence_grade":"A","confidence_score":"1.00","selectable":"true","map_layer":"other_infrastructure","map_color":"#2a93d5","map_icon":"circle","risk_flags":"","subcategory":"other","transport_functions":"","un_locode":"","locode_country":"","locode_location":"","iata":"","remarks":"","source_date":"","detected_language":"en_or_unknown","translation_source":"","derived_subcategory":"other","derived_subcategory_label":"Other","derived_subcategory_confidence":"0.5","derived_subcategory_reason":"asset type fallback","possible_duplicate_group":"","search_text":"Uralvagonzavod Uralvagonzavod other_infrastructure other manufacturing other Russia Oil & Power Infrastructure Map custom_pins Other","references_json":"[{\"reference_id\":\"ref_f68f92c4085dcbac\",\"source_id\":\"russia_oil_power_map\",\"source_name\":\"Russia Oil & Power Infrastructure Map\",\"source_type\":\"map_layer\",\"url\":\"https://russiaoilpowermap.com/data/custom_pins.json\",\"archive_url\":\"\",\"retrieved_at\":\"2026-09-25T08:56:03Z\",\"source_record_id\":\"pin_6ab027be0f8b96.54336775\",\"source_file\":\"data/russia_oil_power_infrastructure.csv\",\"source_line_or_record_id\":\"114022\",\"extractor_version\":\"unknown\",\"license_or_terms\":\"unknown\",\"confidence_contribution\":\"0.82\"}]","first_seen_build":"2026-09-21T09:07:38Z","last_seen_build":"2026-09-25T08:56:03Z","change_status":"unchanged","change_types":[],"changed_since_previous_build":"false","new_in_latest_build":"false","removed_from_latest_build":"false","source_archive_date":"2026-09-25T08:56:03Z","generation_type":"","primary_fuel":"","secondary_fuels":"","plant_role":"","technology":"","installed_capacity_mw":"","operational_status":"","classification_confidence":"","classification_confidence_score":"","classification_method":"","classification_sources":"","classification_notes":"","alternate_names":"","name_ru":"","match_score":"","match_method":"","matched_source_record_ids":"","is_nuclear":"","nuclear_status":"","reactor_count":"","operating_reactor_count":"","reactor_types":"","nuclear_reference_ids":"","radiological_risk":"","substation_type":"","voltage_kv":"","voltage_levels_kv":"","connected_generation_type":"","ecological_risk_category":"","political_significance":"","risk_assessment_status":"","references":[{"reference_id":"ref_f68f92c4085dcbac","source_id":"russia_oil_power_map","source_name":"Russia Oil & Power Infrastructure Map","source_type":"map_layer","url":"https://russiaoilpowermap.com/data/custom_pins.json","archive_url":"","retrieved_at":"2026-09-25T08:56:03Z","source_record_id":"pin_6ab027be0f8b96.54336775","source_file":"data/russia_oil_power_infrastructure.csv","source_line_or_record_id":"114022","extractor_version":"unknown","license_or_terms":"unknown","confidence_contribution":"0.82"}]}},{"type":"Feature","id":"infra_125490c2576bb715","geometry":{"type":"Point","coordinates":[65.321606,55.458747]},"properties":{"uid":"infra_125490c2576bb715","object_id":"infra_125490c2576bb715","source":"russia_oil_power_map","source_dataset":"Russia Oil & Power Infrastructure Map","source_id":"russia_oil_power_map","source_record_id":"pin_6ab027f43b0a05.64421602","source_url":"https://russiaoilpowermap.com/data/custom_pins.json","source_capture_date":"2026-09-25T08:56:03Z","source_layer":"custom_pins","source_reference_id":"ref_2503bb5a2e47cd9e","source_name":"Russia Oil & Power Infrastructure Map","source_type":"map_layer","source_reliability":"B","license_or_terms":"unknown","name":"Kurganmashzavod (Kurgan)","name_en":"","description":"","name_translated":"","description_translated":"","display_label":"Kurganmashzavod (Kurgan)","asset_class":"other_infrastructure","asset_type":"other","asset_subtype":"manufacturing","domain":"other","status":"","operator":"","product":"","country":"Russia","country_code":"","country_source":"","countries":["Russia"],"source_country":"Russia","country_match_method":"point_in_boundary","region":"","region_translated":"","subdivision":"","inn":"","is_sanctioned":"","is_mass_director":"","is_mass_founder":"","is_disqualified_persons":"","geometry_type":"Point","latitude":"55.45874700","longitude":"65.32160600","centroid_latitude":"55.45874700","centroid_longitude":"65.32160600","map_latitude":"55.45874700","map_longitude":"65.32160600","start_latitude":"55.458747","start_longitude":"65.321606","end_latitude":"55.458747","end_longitude":"65.321606","coordinate_count":"1","length_km":"","has_point_location":"true","location_quality":"exact","coordinate_precision":"exact","coordinate_source":"","entity_confidence":"high","freshness":"recent","cross_source_support":"1","review_status":"unreviewed","confidence":"A","confidence_grade":"A","confidence_score":"1.00","selectable":"true","map_layer":"other_infrastructure","map_color":"#2a93d5","map_icon":"circle","risk_flags":"","subcategory":"other","transport_functions":"","un_locode":"","locode_country":"","locode_location":"","iata":"","remarks":"","source_date":"","detected_language":"en_or_unknown","translation_source":"","derived_subcategory":"other","derived_subcategory_label":"Other","derived_subcategory_confidence":"0.5","derived_subcategory_reason":"asset type fallback","possible_duplicate_group":"","search_text":"Kurganmashzavod (Kurgan) Kurganmashzavod (Kurgan) other_infrastructure other manufacturing other Russia Oil & Power Infrastructure Map custom_pins Other","references_json":"[{\"reference_id\":\"ref_2503bb5a2e47cd9e\",\"source_id\":\"russia_oil_power_map\",\"source_name\":\"Russia Oil & Power Infrastructure Map\",\"source_type\":\"map_layer\",\"url\":\"https://russiaoilpowermap.com/data/custom_pins.json\",\"archive_url\":\"\",\"retrieved_at\":\"2026-09-25T08:56:03Z\",\"source_record_id\":\"pin_6ab027f43b0a05.64421602\",\"source_file\":\"data/russia_oil_power_infrastructure.csv\",\"source_line_or_record_id\":\"114023\",\"extractor_version\":\"unknown\",\"license_or_terms\":\"unknown\",\"confidence_contribution\":\"0.82\"}]","first_seen_build":"2026-09-21T09:07:38Z","last_seen_build":"2026-09-25T08:56:03Z","change_status":"unchanged","change_types":[],"changed_since_previous_build":"false","new_in_latest_build":"false","removed_from_latest_build":"false","source_archive_date":"2026-09-25T08:56:03Z","generation_type":"","primary_fuel":"","secondary_fuels":"","plant_role":"","technology":"","installed_capacity_mw":"","operational_status":"","classification_confidence":"","classification_confidence_score":"","classification_method":"","classification_sources":"","classification_notes":"","alternate_names":"","name_ru":"","match_score":"","match_method":"","matched_source_record_ids":"","is_nuclear":"","nuclear_status":"","reactor_count":"","operating_reactor_count":"","reactor_types":"","nuclear_reference_ids":"","radiological_risk":"","substation_type":"","voltage_kv":"","voltage_levels_kv":"","connected_generation_type":"","ecological_risk_category":"","political_significance":"","risk_assessment_status":"","references":[{"reference_id":"ref_2503bb5a2e47cd9e","source_id":"russia_oil_power_map","source_name":"Russia Oil & Power Infrastructure Map","source_type":"map_layer","url":"https://russiaoilpowermap.com/data/custom_pins.json","archive_url":"","retrieved_at":"2026-09-25T08:56:03Z","source_record_id":"pin_6ab027f43b0a05.64421602","source_file":"data/russia_oil_power_infrastructure.csv","source_line_or_record_id":"114023","extractor_version":"unknown","license_or_terms":"unknown","confidence_contribution":"0.82"}]}},{"type":"Feature","id":"infra_15dbc7e067f1fed6","geometry":{"type":"Point","coordinates":[43.39134,56.261266]},"properties":{"uid":"infra_15dbc7e067f1fed6","object_id":"infra_15dbc7e067f1fed6","source":"russia_oil_power_map","source_dataset":"Russia Oil & Power Infrastructure Map","source_id":"russia_oil_power_map","source_record_id":"pin_6ab0293e110f17.66841040","source_url":"https://russiaoilpowermap.com/data/custom_pins.json","source_capture_date":"2026-09-25T08:56:03Z","source_layer":"custom_pins","source_reference_id":"ref_4b56d14a6d758007","source_name":"Russia Oil & Power Infrastructure Map","source_type":"map_layer","source_reliability":"B","license_or_terms":"unknown","name":"Sverdlov Plant (Dzerzhinsk)","name_en":"","description":"","name_translated":"","description_translated":"","display_label":"Sverdlov Plant (Dzerzhinsk)","asset_class":"other_infrastructure","asset_type":"other","asset_subtype":"manufacturing","domain":"other","status":"","operator":"","product":"","country":"Russia","country_code":"","country_source":"","countries":["Russia"],"source_country":"Russia","country_match_method":"point_in_boundary","region":"","region_translated":"","subdivision":"","inn":"","is_sanctioned":"","is_mass_director":"","is_mass_founder":"","is_disqualified_persons":"","geometry_type":"Point","latitude":"56.26126600","longitude":"43.39134000","centroid_latitude":"56.26126600","centroid_longitude":"43.39134000","map_latitude":"56.26126600","map_longitude":"43.39134000","start_latitude":"56.261266","start_longitude":"43.39134","end_latitude":"56.261266","end_longitude":"43.39134","coordinate_count":"1","length_km":"","has_point_location":"true","location_quality":"exact","coordinate_precision":"exact","coordinate_source":"","entity_confidence":"high","freshness":"recent","cross_source_support":"1","review_status":"unreviewed","confidence":"A","confidence_grade":"A","confidence_score":"1.00","selectable":"true","map_layer":"other_infrastructure","map_color":"#2a93d5","map_icon":"circle","risk_flags":"","subcategory":"other","transport_functions":"","un_locode":"","locode_country":"","locode_location":"","iata":"","remarks":"","source_date":"","detected_language":"en_or_unknown","translation_source":"","derived_subcategory":"other","derived_subcategory_label":"Other","derived_subcategory_confidence":"0.5","derived_subcategory_reason":"asset type fallback","possible_duplicate_group":"dup_002434","search_text":"Sverdlov Plant (Dzerzhinsk) Sverdlov Plant (Dzerzhinsk) other_infrastructure other manufacturing other Russia Oil & Power Infrastructure Map custom_pins Other","references_json":"[{\"reference_id\":\"ref_4b56d14a6d758007\",\"source_id\":\"russia_oil_power_map\",\"source_name\":\"Russia Oil & Power Infrastructure Map\",\"source_type\":\"map_layer\",\"url\":\"https://russiaoilpowermap.com/data/custom_pins.json\",\"archive_url\":\"\",\"retrieved_at\":\"2026-09-25T08:56:03Z\",\"source_record_id\":\"pin_6ab0293e110f17.66841040\",\"source_file\":\"data/russia_oil_power_infrastructure.csv\",\"source_line_or_record_id\":\"114024\",\"extractor_version\":\"unknown\",\"license_or_terms\":\"unknown\",\"confidence_contribution\":\"0.82\"}]","first_seen_build":"2026-09-21T09:07:38Z","last_seen_build":"2026-09-25T08:56:03Z","change_status":"unchanged","change_types":[],"changed_since_previous_build":"false","new_in_latest_build":"false","removed_from_latest_build":"false","source_archive_date":"2026-09-25T08:56:03Z","generation_type":"","primary_fuel":"","secondary_fuels":"","plant_role":"","technology":"","installed_capacity_mw":"","operational_status":"","classification_confidence":"","classification_confidence_score":"","classification_method":"","classification_sources":"","classification_notes":"","alternate_names":"","name_ru":"","match_score":"","match_method":"","matched_source_record_ids":"","is_nuclear":"","nuclear_status":"","reactor_count":"","operating_reactor_count":"","reactor_types":"","nuclear_reference_ids":"","radiological_risk":"","substation_type":"","voltage_kv":"","voltage_levels_kv":"","connected_generation_type":"","ecological_risk_category":"","political_significance":"","risk_assessment_status":"","references":[{"reference_id":"ref_4b56d14a6d758007","source_id":"russia_oil_power_map","source_name":"Russia Oil & Power Infrastructure Map","source_type":"map_layer","url":"https://russiaoilpowermap.com/data/custom_pins.json","archive_url":"","retrieved_at":"2026-09-25T08:56:03Z","source_record_id":"pin_6ab0293e110f17.66841040","source_file":"data/russia_oil_power_infrastructure.csv","source_line_or_record_id":"114024","extractor_version":"unknown","license_or_terms":"unknown","confidence_contribution":"0.82"}]}},{"type":"Feature","id":"infra_88151bb63dcd3d70","geometry":{"type":"Point","coordinates":[43.39134,56.261266]},"properties":{"uid":"infra_88151bb63dcd3d70","object_id":"infra_88151bb63dcd3d70","source":"russia_oil_power_map","source_dataset":"Russia Oil & Power Infrastructure Map","source_id":"russia_oil_power_map","source_record_id":"pin_6ab0293e77c5d3.53127757","source_url":"https://russiaoilpowermap.com/data/custom_pins.json","source_capture_date":"2026-09-25T08:56:03Z","source_layer":"custom_pins","source_reference_id":"ref_b42f274c72d83815","source_name":"Russia Oil & Power Infrastructure Map","source_type":"map_layer","source_reliability":"B","license_or_terms":"unknown","name":"Sverdlov Plant (Dzerzhinsk)","name_en":"","description":"","name_translated":"","description_translated":"","display_label":"Sverdlov Plant (Dzerzhinsk)","asset_class":"other_infrastructure","asset_type":"other","asset_subtype":"manufacturing","domain":"other","status":"","operator":"","product":"Explosives Production (Artillery/Rockets)","country":"Russia","country_code":"","country_source":"","countries":["Russia"],"source_country":"Russia","country_match_method":"point_in_boundary","region":"","region_translated":"","subdivision":"","inn":"","is_sanctioned":"","is_mass_director":"","is_mass_founder":"","is_disqualified_persons":"","geometry_type":"Point","latitude":"56.26126600","longitude":"43.39134000","centroid_latitude":"56.26126600","centroid_longitude":"43.39134000","map_latitude":"56.26126600","map_longitude":"43.39134000","start_latitude":"56.261266","start_longitude":"43.39134","end_latitude":"56.261266","end_longitude":"43.39134","coordinate_count":"1","length_km":"","has_point_location":"true","location_quality":"exact","coordinate_precision":"exact","coordinate_source":"","entity_confidence":"high","freshness":"recent","cross_source_support":"1","review_status":"unreviewed","confidence":"A","confidence_grade":"A","confidence_score":"1.00","selectable":"true","map_layer":"other_infrastructure","map_color":"#2a93d5","map_icon":"circle","risk_flags":"","subcategory":"other","transport_functions":"","un_locode":"","locode_country":"","locode_location":"","iata":"","remarks":"","source_date":"","detected_language":"en_or_unknown","translation_source":"","derived_subcategory":"other","derived_subcategory_label":"Other","derived_subcategory_confidence":"0.5","derived_subcategory_reason":"asset type fallback","possible_duplicate_group":"dup_002434","search_text":"Sverdlov Plant (Dzerzhinsk) Sverdlov Plant (Dzerzhinsk) other_infrastructure other manufacturing other Explosives Production (Artillery/Rockets) Russia Oil & Power Infrastructure Map custom_pins Other","references_json":"[{\"reference_id\":\"ref_b42f274c72d83815\",\"source_id\":\"russia_oil_power_map\",\"source_name\":\"Russia Oil & Power Infrastructure Map\",\"source_type\":\"map_layer\",\"url\":\"https://russiaoilpowermap.com/data/custom_pins.json\",\"archive_url\":\"\",\"retrieved_at\":\"2026-09-25T08:56:03Z\",\"source_record_id\":\"pin_6ab0293e77c5d3.53127757\",\"source_file\":\"data/russia_oil_power_infrastructure.csv\",\"source_line_or_record_id\":\"114025\",\"extractor_version\":\"unknown\",\"license_or_terms\":\"unknown\",\"confidence_contribution\":\"0.82\"}]","first_seen_build":"2026-09-21T09:07:38Z","last_seen_build":"2026-09-25T08:56:03Z","change_status":"unchanged","change_types":[],"changed_since_previous_build":"false","new_in_latest_build":"false","removed_from_latest_build":"false","source_archive_date":"2026-09-25T08:56:03Z","generation_type":"","primary_fuel":"","secondary_fuels":"","plant_role":"","technology":"","installed_capacity_mw":"","operational_status":"","classification_confidence":"","classification_confidence_score":"","classification_method":"","classification_sources":"","classification_notes":"","alternate_names":"","name_ru":"","match_score":"","match_method":"","matched_source_record_ids":"","is_nuclear":"","nuclear_status":"","reactor_count":"","operating_reactor_count":"","reactor_types":"","nuclear_reference_ids":"","radiological_risk":"","substation_type":"","voltage_kv":"","voltage_levels_kv":"","connected_generation_type":"","ecological_risk_category":"","political_significance":"","risk_assessment_status":"","references":[{"reference_id":"ref_b42f274c72d83815","source_id":"russia_oil_power_map","source_name":"Russia Oil & Power Infrastructure Map","source_type":"map_layer","url":"https://russiaoilpowermap.com/data/custom_pins.json","archive_url":"","retrieved_at":"2026-09-25T08:56:03Z","source_record_id":"pin_6ab0293e77c5d3.53127757","source_file":"data/russia_oil_power_infrastructure.csv","source_line_or_record_id":"114025","extractor_version":"unknown","license_or_terms":"unknown","confidence_contribution":"0.82"}]}},{"type":"Feature","id":"infra_78f4470359adc825","geometry":{"type":"Point","coordinates":[37.694295,54.221153]},"properties":{"uid":"infra_78f4470359adc825","object_id":"infra_78f4470359adc825","source":"russia_oil_power_map","source_dataset":"Russia Oil & Power Infrastructure Map","source_id":"russia_oil_power_map","source_record_id":"pin_6ab0297e9db036.75733540","source_url":"https://russiaoilpowermap.com/data/custom_pins.json","source_capture_date":"2026-09-25T08:56:03Z","source_layer":"custom_pins","source_reference_id":"ref_77a5323dee050327","source_name":"Russia Oil & Power Infrastructure Map","source_type":"map_layer","source_reliability":"B","license_or_terms":"unknown","name":"NPO Splav","name_en":"","description":"","name_translated":"","description_translated":"","display_label":"NPO Splav","asset_class":"other_infrastructure","asset_type":"other","asset_subtype":"manufacturing","domain":"other","status":"","operator":"","product":"MLRS Rocket Artillery","country":"Russia","country_code":"","country_source":"","countries":["Russia"],"source_country":"Russia","country_match_method":"point_in_boundary","region":"","region_translated":"","subdivision":"","inn":"","is_sanctioned":"","is_mass_director":"","is_mass_founder":"","is_disqualified_persons":"","geometry_type":"Point","latitude":"54.22115300","longitude":"37.69429500","centroid_latitude":"54.22115300","centroid_longitude":"37.69429500","map_latitude":"54.22115300","map_longitude":"37.69429500","start_latitude":"54.221153","start_longitude":"37.694295","end_latitude":"54.221153","end_longitude":"37.694295","coordinate_count":"1","length_km":"","has_point_location":"true","location_quality":"exact","coordinate_precision":"exact","coordinate_source":"","entity_confidence":"high","freshness":"recent","cross_source_support":"1","review_status":"unreviewed","confidence":"A","confidence_grade":"A","confidence_score":"1.00","selectable":"true","map_layer":"other_infrastructure","map_color":"#2a93d5","map_icon":"circle","risk_flags":"","subcategory":"other","transport_functions":"","un_locode":"","locode_country":"","locode_location":"","iata":"","remarks":"","source_date":"","detected_language":"en_or_unknown","translation_source":"","derived_subcategory":"other","derived_subcategory_label":"Other","derived_subcategory_confidence":"0.5","derived_subcategory_reason":"asset type fallback","possible_duplicate_group":"","search_text":"NPO Splav NPO Splav other_infrastructure other manufacturing other MLRS Rocket Artillery Russia Oil & Power Infrastructure Map custom_pins Other","references_json":"[{\"reference_id\":\"ref_77a5323dee050327\",\"source_id\":\"russia_oil_power_map\",\"source_name\":\"Russia Oil & Power Infrastructure Map\",\"source_type\":\"map_layer\",\"url\":\"https://russiaoilpowermap.com/data/custom_pins.json\",\"archive_url\":\"\",\"retrieved_at\":\"2026-09-25T08:56:03Z\",\"source_record_id\":\"pin_6ab0297e9db036.75733540\",\"source_file\":\"data/russia_oil_power_infrastructure.csv\",\"source_line_or_record_id\":\"114026\",\"extractor_version\":\"unknown\",\"license_or_terms\":\"unknown\",\"confidence_contribution\":\"0.82\"}]","first_seen_build":"2026-09-21T09:07:38Z","last_seen_build":"2026-09-25T08:56:03Z","change_status":"unchanged","change_types":[],"changed_since_previous_build":"false","new_in_latest_build":"false","removed_from_latest_build":"false","source_archive_date":"2026-09-25T08:56:03Z","generation_type":"","primary_fuel":"","secondary_fuels":"","plant_role":"","technology":"","installed_capacity_mw":"","operational_status":"","classification_confidence":"","classification_confidence_score":"","classification_method":"","classification_sources":"","classification_notes":"","alternate_names":"","name_ru":"","match_score":"","match_method":"","matched_source_record_ids":"","is_nuclear":"","nuclear_status":"","reactor_count":"","operating_reactor_count":"","reactor_types":"","nuclear_reference_ids":"","radiological_risk":"","substation_type":"","voltage_kv":"","voltage_levels_kv":"","connected_generation_type":"","ecological_risk_category":"","political_significance":"","risk_assessment_status":"","references":[{"reference_id":"ref_77a5323dee050327","source_id":"russia_oil_power_map","source_name":"Russia Oil & Power Infrastructure Map","source_type":"map_layer","url":"https://russiaoilpowermap.com/data/custom_pins.json","archive_url":"","retrieved_at":"2026-09-25T08:56:03Z","source_record_id":"pin_6ab0297e9db036.75733540","source_file":"data/russia_oil_power_infrastructure.csv","source_line_or_record_id":"114026","extractor_version":"unknown","license_or_terms":"unknown","confidence_contribution":"0.82"}]}},{"type":"Feature","id":"infra_ccd639a1a912a55e","geometry":{"type":"Point","coordinates":[137.083937,50.589047]},"properties":{"uid":"infra_ccd639a1a912a55e","object_id":"infra_ccd639a1a912a55e","source":"russia_oil_power_map","source_dataset":"Russia Oil & Power Infrastructure Map","source_id":"russia_oil_power_map","source_record_id":"pin_6ab029ecf092a5.50777312","source_url":"https://russiaoilpowermap.com/data/custom_pins.json","source_capture_date":"2026-09-25T08:56:03Z","source_layer":"custom_pins","source_reference_id":"ref_65e98719d169d6b5","source_name":"Russia Oil & Power Infrastructure Map","source_type":"map_layer","source_reliability":"B","license_or_terms":"unknown","name":"Komsomolsk-on-Amur Aircraft Plant","name_en":"","description":"","name_translated":"","description_translated":"","display_label":"Komsomolsk-on-Amur Aircraft Plant","asset_class":"other_infrastructure","asset_type":"other","asset_subtype":"manufacturing","domain":"other","status":"","operator":"","product":"Jet Production","country":"Russia","country_code":"","country_source":"","countries":["Russia"],"source_country":"Russia","country_match_method":"point_in_boundary","region":"","region_translated":"","subdivision":"","inn":"","is_sanctioned":"","is_mass_director":"","is_mass_founder":"","is_disqualified_persons":"","geometry_type":"Point","latitude":"50.58904700","longitude":"137.08393700","centroid_latitude":"50.58904700","centroid_longitude":"137.08393700","map_latitude":"50.58904700","map_longitude":"137.08393700","start_latitude":"50.589047","start_longitude":"137.083937","end_latitude":"50.589047","end_longitude":"137.083937","coordinate_count":"1","length_km":"","has_point_location":"true","location_quality":"exact","coordinate_precision":"exact","coordinate_source":"","entity_confidence":"high","freshness":"recent","cross_source_support":"1","review_status":"unreviewed","confidence":"A","confidence_grade":"A","confidence_score":"1.00","selectable":"true","map_layer":"other_infrastructure","map_color":"#2a93d5","map_icon":"circle","risk_flags":"","subcategory":"other","transport_functions":"","un_locode":"","locode_country":"","locode_location":"","iata":"","remarks":"","source_date":"","detected_language":"en_or_unknown","translation_source":"","derived_subcategory":"aviation_aerospace","derived_subcategory_label":"Aviation & aerospace","derived_subcategory_confidence":"0.86","derived_subcategory_reason":"keyword match","possible_duplicate_group":"","search_text":"Komsomolsk-on-Amur Aircraft Plant Komsomolsk-on-Amur Aircraft Plant other_infrastructure other manufacturing other Jet Production Russia Oil & Power Infrastructure Map custom_pins Aviation & aerospace","references_json":"[{\"reference_id\":\"ref_65e98719d169d6b5\",\"source_id\":\"russia_oil_power_map\",\"source_name\":\"Russia Oil & Power Infrastructure Map\",\"source_type\":\"map_layer\",\"url\":\"https://russiaoilpowermap.com/data/custom_pins.json\",\"archive_url\":\"\",\"retrieved_at\":\"2026-09-25T08:56:03Z\",\"source_record_id\":\"pin_6ab029ecf092a5.50777312\",\"source_file\":\"data/russia_oil_power_infrastructure.csv\",\"source_line_or_record_id\":\"114027\",\"extractor_version\":\"unknown\",\"license_or_terms\":\"unknown\",\"confidence_contribution\":\"0.82\"}]","first_seen_build":"2026-09-21T09:07:38Z","last_seen_build":"2026-09-25T08:56:03Z","change_status":"unchanged","change_types":[],"changed_since_previous_build":"false","new_in_latest_build":"false","removed_from_latest_build":"false","source_archive_date":"2026-09-25T08:56:03Z","generation_type":"","primary_fuel":"","secondary_fuels":"","plant_role":"","technology":"","installed_capacity_mw":"","operational_status":"","classification_confidence":"","classification_confidence_score":"","classification_method":"","classification_sources":"","classification_notes":"","alternate_names":"","name_ru":"","match_score":"","match_method":"","matched_source_record_ids":"","is_nuclear":"","nuclear_status":"","reactor_count":"","operating_reactor_count":"","reactor_types":"","nuclear_reference_ids":"","radiological_risk":"","substation_type":"","voltage_kv":"","voltage_levels_kv":"","connected_generation_type":"","ecological_risk_category":"","political_significance":"","risk_assessment_status":"","references":[{"reference_id":"ref_65e98719d169d6b5","source_id":"russia_oil_power_map","source_name":"Russia Oil & Power Infrastructure Map","source_type":"map_layer","url":"https://russiaoilpowermap.com/data/custom_pins.json","archive_url":"","retrieved_at":"2026-09-25T08:56:03Z","source_record_id":"pin_6ab029ecf092a5.50777312","source_file":"data/russia_oil_power_infrastructure.csv","source_line_or_record_id":"114027","extractor_version":"unknown","license_or_terms":"unknown","confidence_contribution":"0.82"}]}},{"type":"Feature","id":"infra_a5a41a40c4beed14","geometry":{"type":"Point","coordinates":[82.98906,55.064635]},"properties":{"uid":"infra_a5a41a40c4beed14","object_id":"infra_a5a41a40c4beed14","source":"russia_oil_power_map","source_dataset":"Russia Oil & Power Infrastructure Map","source_id":"russia_oil_power_map","source_record_id":"pin_6ab02b05ad5063.28975131","source_url":"https://russiaoilpowermap.com/data/custom_pins.json","source_capture_date":"2026-09-25T08:56:03Z","source_layer":"custom_pins","source_reference_id":"ref_3b43e224979af5b8","source_name":"Russia Oil & Power Infrastructure Map","source_type":"map_layer","source_reliability":"B","license_or_terms":"unknown","name":"Novosibirsk Aircraft Production Association Plant","name_en":"","description":"","name_translated":"","description_translated":"","display_label":"Novosibirsk Aircraft Production Association Plant","asset_class":"other_infrastructure","asset_type":"other","asset_subtype":"manufacturing","domain":"other","status":"","operator":"","product":"Jet Production","country":"Russia","country_code":"","country_source":"","countries":["Russia"],"source_country":"Russia","country_match_method":"point_in_boundary","region":"","region_translated":"","subdivision":"","inn":"","is_sanctioned":"","is_mass_director":"","is_mass_founder":"","is_disqualified_persons":"","geometry_type":"Point","latitude":"55.06463500","longitude":"82.98906000","centroid_latitude":"55.06463500","centroid_longitude":"82.98906000","map_latitude":"55.06463500","map_longitude":"82.98906000","start_latitude":"55.064635","start_longitude":"82.98906","end_latitude":"55.064635","end_longitude":"82.98906","coordinate_count":"1","length_km":"","has_point_location":"true","location_quality":"exact","coordinate_precision":"exact","coordinate_source":"","entity_confidence":"high","freshness":"recent","cross_source_support":"1","review_status":"unreviewed","confidence":"A","confidence_grade":"A","confidence_score":"1.00","selectable":"true","map_layer":"other_infrastructure","map_color":"#2a93d5","map_icon":"circle","risk_flags":"","subcategory":"other","transport_functions":"","un_locode":"","locode_country":"","locode_location":"","iata":"","remarks":"","source_date":"","detected_language":"en_or_unknown","translation_source":"","derived_subcategory":"aviation_aerospace","derived_subcategory_label":"Aviation & aerospace","derived_subcategory_confidence":"0.86","derived_subcategory_reason":"keyword match","possible_duplicate_group":"","search_text":"Novosibirsk Aircraft Production Association Plant Novosibirsk Aircraft Production Association Plant other_infrastructure other manufacturing other Jet Production Russia Oil & Power Infrastructure Map custom_pins Aviation & aerospace","references_json":"[{\"reference_id\":\"ref_3b43e224979af5b8\",\"source_id\":\"russia_oil_power_map\",\"source_name\":\"Russia Oil & Power Infrastructure Map\",\"source_type\":\"map_layer\",\"url\":\"https://russiaoilpowermap.com/data/custom_pins.json\",\"archive_url\":\"\",\"retrieved_at\":\"2026-09-25T08:56:03Z\",\"source_record_id\":\"pin_6ab02b05ad5063.28975131\",\"source_file\":\"data/russia_oil_power_infrastructure.csv\",\"source_line_or_record_id\":\"114028\",\"extractor_version\":\"unknown\",\"license_or_terms\":\"unknown\",\"confidence_contribution\":\"0.82\"}]","first_seen_build":"2026-09-21T09:07:38Z","last_seen_build":"2026-09-25T08:56:03Z","change_status":"unchanged","change_types":[],"changed_since_previous_build":"false","new_in_latest_build":"false","removed_from_latest_build":"false","source_archive_date":"2026-09-25T08:56:03Z","generation_type":"","primary_fuel":"","secondary_fuels":"","plant_role":"","technology":"","installed_capacity_mw":"","operational_status":"","classification_confidence":"","classification_confidence_score":"","classification_method":"","classification_sources":"","classification_notes":"","alternate_names":"","name_ru":"","match_score":"","match_method":"","matched_source_record_ids":"","is_nuclear":"","nuclear_status":"","reactor_count":"","operating_reactor_count":"","reactor_types":"","nuclear_reference_ids":"","radiological_risk":"","substation_type":"","voltage_kv":"","voltage_levels_kv":"","connected_generation_type":"","ecological_risk_category":"","political_significance":"","risk_assessment_status":"","references":[{"reference_id":"ref_3b43e224979af5b8","source_id":"russia_oil_power_map","source_name":"Russia Oil & Power Infrastructure Map","source_type":"map_layer","url":"https://russiaoilpowermap.com/data/custom_pins.json","archive_url":"","retrieved_at":"2026-09-25T08:56:03Z","source_record_id":"pin_6ab02b05ad5063.28975131","source_file":"data/russia_oil_power_infrastructure.csv","source_line_or_record_id":"114028","extractor_version":"unknown","license_or_terms":"unknown","confidence_contribution":"0.82"}]}},{"type":"Feature","id":"infra_e55fbda22e19e1b9","geometry":{"type":"Point","coordinates":[49.115673,55.861787]},"properties":{"uid":"infra_e55fbda22e19e1b9","object_id":"infra_e55fbda22e19e1b9","source":"russia_oil_power_map","source_dataset":"Russia Oil & Power Infrastructure Map","source_id":"russia_oil_power_map","source_record_id":"pin_6ab02c3f6411c2.67327977","source_url":"https://russiaoilpowermap.com/data/custom_pins.json","source_capture_date":"2026-09-25T08:56:03Z","source_layer":"custom_pins","source_reference_id":"ref_5c3028e8b2460a49","source_name":"Russia Oil & Power Infrastructure Map","source_type":"map_layer","source_reliability":"B","license_or_terms":"unknown","name":"Kazan Aircraft Production Association","name_en":"","description":"","name_translated":"","description_translated":"","display_label":"Kazan Aircraft Production Association","asset_class":"other_infrastructure","asset_type":"other","asset_subtype":"manufacturing","domain":"other","status":"","operator":"","product":"Jet Production","country":"Russia","country_code":"","country_source":"","countries":["Russia"],"source_country":"Russia","country_match_method":"point_in_boundary","region":"","region_translated":"","subdivision":"","inn":"","is_sanctioned":"","is_mass_director":"","is_mass_founder":"","is_disqualified_persons":"","geometry_type":"Point","latitude":"55.86178700","longitude":"49.11567300","centroid_latitude":"55.86178700","centroid_longitude":"49.11567300","map_latitude":"55.86178700","map_longitude":"49.11567300","start_latitude":"55.861787","start_longitude":"49.115673","end_latitude":"55.861787","end_longitude":"49.115673","coordinate_count":"1","length_km":"","has_point_location":"true","location_quality":"exact","coordinate_precision":"exact","coordinate_source":"","entity_confidence":"high","freshness":"recent","cross_source_support":"1","review_status":"unreviewed","confidence":"A","confidence_grade":"A","confidence_score":"1.00","selectable":"true","map_layer":"other_infrastructure","map_color":"#2a93d5","map_icon":"circle","risk_flags":"","subcategory":"other","transport_functions":"","un_locode":"","locode_country":"","locode_location":"","iata":"","remarks":"","source_date":"","detected_language":"en_or_unknown","translation_source":"","derived_subcategory":"aviation_aerospace","derived_subcategory_label":"Aviation & aerospace","derived_subcategory_confidence":"0.86","derived_subcategory_reason":"keyword match","possible_duplicate_group":"","search_text":"Kazan Aircraft Production Association Kazan Aircraft Production Association other_infrastructure other manufacturing other Jet Production Russia Oil & Power Infrastructure Map custom_pins Aviation & aerospace","references_json":"[{\"reference_id\":\"ref_5c3028e8b2460a49\",\"source_id\":\"russia_oil_power_map\",\"source_name\":\"Russia Oil & Power Infrastructure Map\",\"source_type\":\"map_layer\",\"url\":\"https://russiaoilpowermap.com/data/custom_pins.json\",\"archive_url\":\"\",\"retrieved_at\":\"2026-09-25T08:56:03Z\",\"source_record_id\":\"pin_6ab02c3f6411c2.67327977\",\"source_file\":\"data/russia_oil_power_infrastructure.csv\",\"source_line_or_record_id\":\"114029\",\"extractor_version\":\"unknown\",\"license_or_terms\":\"unknown\",\"confidence_contribution\":\"0.82\"}]","first_seen_build":"2026-09-21T09:07:38Z","last_seen_build":"2026-09-25T08:56:03Z","change_status":"unchanged","change_types":[],"changed_since_previous_build":"false","new_in_latest_build":"false","removed_from_latest_build":"false","source_archive_date":"2026-09-25T08:56:03Z","generation_type":"","primary_fuel":"","secondary_fuels":"","plant_role":"","technology":"","installed_capacity_mw":"","operational_status":"","classification_confidence":"","classification_confidence_score":"","classification_method":"","classification_sources":"","classification_notes":"","alternate_names":"","name_ru":"","match_score":"","match_method":"","matched_source_record_ids":"","is_nuclear":"","nuclear_status":"","reactor_count":"","operating_reactor_count":"","reactor_types":"","nuclear_reference_ids":"","radiological_risk":"","substation_type":"","voltage_kv":"","voltage_levels_kv":"","connected_generation_type":"","ecological_risk_category":"","political_significance":"","risk_assessment_status":"","references":[{"reference_id":"ref_5c3028e8b2460a49","source_id":"russia_oil_power_map","source_name":"Russia Oil & Power Infrastructure Map","source_type":"map_layer","url":"https://russiaoilpowermap.com/data/custom_pins.json","archive_url":"","retrieved_at":"2026-09-25T08:56:03Z","source_record_id":"pin_6ab02c3f6411c2.67327977","source_file":"data/russia_oil_power_infrastructure.csv","source_line_or_record_id":"114029","extractor_version":"unknown","license_or_terms":"unknown","confidence_contribution":"0.82"}]}},{"type":"Feature","id":"infra_0b1b03591853f6bd","geometry":{"type":"Point","coordinates":[48.616321,54.366217]},"properties":{"uid":"infra_0b1b03591853f6bd","object_id":"infra_0b1b03591853f6bd","source":"russia_oil_power_map","source_dataset":"Russia Oil & Power Infrastructure Map","source_id":"russia_oil_power_map","source_record_id":"pin_6ab02d212f5a00.27200199","source_url":"https://russiaoilpowermap.com/data/custom_pins.json","source_capture_date":"2026-09-25T08:56:03Z","source_layer":"custom_pins","source_reference_id":"ref_3f1333b72e694ea6","source_name":"Russia Oil & Power Infrastructure Map","source_type":"map_layer","source_reliability":"B","license_or_terms":"unknown","name":"Aviastar-SP (Ulyanovsk)","name_en":"","description":"","name_translated":"","description_translated":"","display_label":"Aviastar-SP (Ulyanovsk)","asset_class":"other_infrastructure","asset_type":"other","asset_subtype":"manufacturing","domain":"other","status":"","operator":"","product":"Heavy Military Transport Aircraft","country":"Russia","country_code":"","country_source":"","countries":["Russia"],"source_country":"Russia","country_match_method":"point_in_boundary","region":"","region_translated":"","subdivision":"","inn":"","is_sanctioned":"","is_mass_director":"","is_mass_founder":"","is_disqualified_persons":"","geometry_type":"Point","latitude":"54.36621700","longitude":"48.61632100","centroid_latitude":"54.36621700","centroid_longitude":"48.61632100","map_latitude":"54.36621700","map_longitude":"48.61632100","start_latitude":"54.366217","start_longitude":"48.616321","end_latitude":"54.366217","end_longitude":"48.616321","coordinate_count":"1","length_km":"","has_point_location":"true","location_quality":"exact","coordinate_precision":"exact","coordinate_source":"","entity_confidence":"high","freshness":"recent","cross_source_support":"1","review_status":"unreviewed","confidence":"A","confidence_grade":"A","confidence_score":"1.00","selectable":"true","map_layer":"other_infrastructure","map_color":"#2a93d5","map_icon":"circle","risk_flags":"","subcategory":"other","transport_functions":"","un_locode":"","locode_country":"","locode_location":"","iata":"","remarks":"","source_date":"","detected_language":"en_or_unknown","translation_source":"","derived_subcategory":"other","derived_subcategory_label":"Other","derived_subcategory_confidence":"0.5","derived_subcategory_reason":"asset type fallback","possible_duplicate_group":"","search_text":"Aviastar-SP (Ulyanovsk) Aviastar-SP (Ulyanovsk) other_infrastructure other manufacturing other Heavy Military Transport Aircraft Russia Oil & Power Infrastructure Map custom_pins Other","references_json":"[{\"reference_id\":\"ref_3f1333b72e694ea6\",\"source_id\":\"russia_oil_power_map\",\"source_name\":\"Russia Oil & Power Infrastructure Map\",\"source_type\":\"map_layer\",\"url\":\"https://russiaoilpowermap.com/data/custom_pins.json\",\"archive_url\":\"\",\"retrieved_at\":\"2026-09-25T08:56:03Z\",\"source_record_id\":\"pin_6ab02d212f5a00.27200199\",\"source_file\":\"data/russia_oil_power_infrastructure.csv\",\"source_line_or_record_id\":\"114030\",\"extractor_version\":\"unknown\",\"license_or_terms\":\"unknown\",\"confidence_contribution\":\"0.82\"}]","first_seen_build":"2026-09-21T09:07:38Z","last_seen_build":"2026-09-25T08:56:03Z","change_status":"unchanged","change_types":[],"changed_since_previous_build":"false","new_in_latest_build":"false","removed_from_latest_build":"false","source_archive_date":"2026-09-25T08:56:03Z","generation_type":"","primary_fuel":"","secondary_fuels":"","plant_role":"","technology":"","installed_capacity_mw":"","operational_status":"","classification_confidence":"","classification_confidence_score":"","classification_method":"","classification_sources":"","classification_notes":"","alternate_names":"","name_ru":"","match_score":"","match_method":"","matched_source_record_ids":"","is_nuclear":"","nuclear_status":"","reactor_count":"","operating_reactor_count":"","reactor_types":"","nuclear_reference_ids":"","radiological_risk":"","substation_type":"","voltage_kv":"","voltage_levels_kv":"","connected_generation_type":"","ecological_risk_category":"","political_significance":"","risk_assessment_status":"","references":[{"reference_id":"ref_3f1333b72e694ea6","source_id":"russia_oil_power_map","source_name":"Russia Oil & Power Infrastructure Map","source_type":"map_layer","url":"https://russiaoilpowermap.com/data/custom_pins.json","archive_url":"","retrieved_at":"2026-09-25T08:56:03Z","source_record_id":"pin_6ab02d212f5a00.27200199","source_file":"data/russia_oil_power_infrastructure.csv","source_line_or_record_id":"114030","extractor_version":"unknown","license_or_terms":"unknown","confidence_contribution":"0.82"}]}},{"type":"Feature","id":"infra_3c8cbd09f297df0a","geometry":{"type":"Point","coordinates":[37.511911,55.827697]},"properties":{"uid":"infra_3c8cbd09f297df0a","object_id":"infra_3c8cbd09f297df0a","source":"russia_oil_power_map","source_dataset":"Russia Oil & Power Infrastructure Map","source_id":"russia_oil_power_map","source_record_id":"pin_6ab02d5e6ebcc9.45851294","source_url":"https://russiaoilpowermap.com/data/custom_pins.json","source_capture_date":"2026-09-25T08:56:03Z","source_layer":"custom_pins","source_reference_id":"ref_5127414465efeb90","source_name":"Russia Oil & Power Infrastructure Map","source_type":"map_layer","source_reliability":"B","license_or_terms":"unknown","name":"Moscow Machine-Building Plant Avangard","name_en":"","description":"","name_translated":"","description_translated":"","display_label":"Moscow Machine-Building Plant Avangard","asset_class":"other_infrastructure","asset_type":"other","asset_subtype":"manufacturing","domain":"other","status":"","operator":"","product":"S-300/S-400 SAM Production","country":"Russia","country_code":"","country_source":"","countries":["Russia"],"source_country":"Russia","country_match_method":"point_in_boundary","region":"","region_translated":"","subdivision":"","inn":"","is_sanctioned":"","is_mass_director":"","is_mass_founder":"","is_disqualified_persons":"","geometry_type":"Point","latitude":"55.82769700","longitude":"37.51191100","centroid_latitude":"55.82769700","centroid_longitude":"37.51191100","map_latitude":"55.82769700","map_longitude":"37.51191100","start_latitude":"55.827697","start_longitude":"37.511911","end_latitude":"55.827697","end_longitude":"37.511911","coordinate_count":"1","length_km":"","has_point_location":"true","location_quality":"exact","coordinate_precision":"exact","coordinate_source":"","entity_confidence":"high","freshness":"recent","cross_source_support":"1","review_status":"unreviewed","confidence":"A","confidence_grade":"A","confidence_score":"1.00","selectable":"true","map_layer":"other_infrastructure","map_color":"#2a93d5","map_icon":"circle","risk_flags":"","subcategory":"other","transport_functions":"","un_locode":"","locode_country":"","locode_location":"","iata":"","remarks":"","source_date":"","detected_language":"en_or_unknown","translation_source":"","derived_subcategory":"other","derived_subcategory_label":"Other","derived_subcategory_confidence":"0.5","derived_subcategory_reason":"asset type fallback","possible_duplicate_group":"","search_text":"Moscow Machine-Building Plant Avangard Moscow Machine-Building Plant Avangard other_infrastructure other manufacturing other S-300/S-400 SAM Production Russia Oil & Power Infrastructure Map custom_pins Other","references_json":"[{\"reference_id\":\"ref_5127414465efeb90\",\"source_id\":\"russia_oil_power_map\",\"source_name\":\"Russia Oil & Power Infrastructure Map\",\"source_type\":\"map_layer\",\"url\":\"https://russiaoilpowermap.com/data/custom_pins.json\",\"archive_url\":\"\",\"retrieved_at\":\"2026-09-25T08:56:03Z\",\"source_record_id\":\"pin_6ab02d5e6ebcc9.45851294\",\"source_file\":\"data/russia_oil_power_infrastructure.csv\",\"source_line_or_record_id\":\"114031\",\"extractor_version\":\"unknown\",\"license_or_terms\":\"unknown\",\"confidence_contribution\":\"0.82\"}]","first_seen_build":"2026-09-21T09:07:38Z","last_seen_build":"2026-09-25T08:56:03Z","change_status":"unchanged","change_types":[],"changed_since_previous_build":"false","new_in_latest_build":"false","removed_from_latest_build":"false","source_archive_date":"2026-09-25T08:56:03Z","generation_type":"","primary_fuel":"","secondary_fuels":"","plant_role":"","technology":"","installed_capacity_mw":"","operational_status":"","classification_confidence":"","classification_confidence_score":"","classification_method":"","classification_sources":"","classification_notes":"","alternate_names":"","name_ru":"","match_score":"","match_method":"","matched_source_record_ids":"","is_nuclear":"","nuclear_status":"","reactor_count":"","operating_reactor_count":"","reactor_types":"","nuclear_reference_ids":"","radiological_risk":"","substation_type":"","voltage_kv":"","voltage_levels_kv":"","connected_generation_type":"","ecological_risk_category":"","political_significance":"","risk_assessment_status":"","references":[{"reference_id":"ref_5127414465efeb90","source_id":"russia_oil_power_map","source_name":"Russia Oil & Power Infrastructure Map","source_type":"map_layer","url":"https://russiaoilpowermap.com/data/custom_pins.json","archive_url":"","retrieved_at":"2026-09-25T08:56:03Z","source_record_id":"pin_6ab02d5e6ebcc9.45851294","source_file":"data/russia_oil_power_infrastructure.csv","source_line_or_record_id":"114031","extractor_version":"unknown","license_or_terms":"unknown","confidence_contribution":"0.82"}]}},{"type":"Feature","id":"infra_7f84f798df4ca5cc","geometry":{"type":"Point","coordinates":[60.612195,56.871852]},"properties":{"uid":"infra_7f84f798df4ca5cc","object_id":"infra_7f84f798df4ca5cc","source":"russia_oil_power_map","source_dataset":"Russia Oil & Power Infrastructure Map","source_id":"russia_oil_power_map","source_record_id":"pin_6ab02df61a1f50.42976795","source_url":"https://russiaoilpowermap.com/data/custom_pins.json","source_capture_date":"2026-09-25T08:56:03Z","source_layer":"custom_pins","source_reference_id":"ref_ec3862b8ba8dabda","source_name":"Russia Oil & Power Infrastructure Map","source_type":"map_layer","source_reliability":"B","license_or_terms":"unknown","name":"NPO Novator (Yekaterinburg)","name_en":"","description":"","name_translated":"","description_translated":"","display_label":"NPO Novator (Yekaterinburg)","asset_class":"other_infrastructure","asset_type":"other","asset_subtype":"manufacturing","domain":"other","status":"","operator":"","product":"Cruise Missile Production","country":"Russia","country_code":"","country_source":"","countries":["Russia"],"source_country":"Russia","country_match_method":"point_in_boundary","region":"","region_translated":"","subdivision":"","inn":"","is_sanctioned":"","is_mass_director":"","is_mass_founder":"","is_disqualified_persons":"","geometry_type":"Point","latitude":"56.87185200","longitude":"60.61219500","centroid_latitude":"56.87185200","centroid_longitude":"60.61219500","map_latitude":"56.87185200","map_longitude":"60.61219500","start_latitude":"56.871852","start_longitude":"60.612195","end_latitude":"56.871852","end_longitude":"60.612195","coordinate_count":"1","length_km":"","has_point_location":"true","location_quality":"exact","coordinate_precision":"exact","coordinate_source":"","entity_confidence":"high","freshness":"recent","cross_source_support":"1","review_status":"unreviewed","confidence":"A","confidence_grade":"A","confidence_score":"1.00","selectable":"true","map_layer":"other_infrastructure","map_color":"#2a93d5","map_icon":"circle","risk_flags":"","subcategory":"other","transport_functions":"","un_locode":"","locode_country":"","locode_location":"","iata":"","remarks":"","source_date":"","detected_language":"en_or_unknown","translation_source":"","derived_subcategory":"other","derived_subcategory_label":"Other","derived_subcategory_confidence":"0.5","derived_subcategory_reason":"asset type fallback","possible_duplicate_group":"","search_text":"NPO Novator (Yekaterinburg) NPO Novator (Yekaterinburg) other_infrastructure other manufacturing other Cruise Missile Production Russia Oil & Power Infrastructure Map custom_pins Other","references_json":"[{\"reference_id\":\"ref_ec3862b8ba8dabda\",\"source_id\":\"russia_oil_power_map\",\"source_name\":\"Russia Oil & Power Infrastructure Map\",\"source_type\":\"map_layer\",\"url\":\"https://russiaoilpowermap.com/data/custom_pins.json\",\"archive_url\":\"\",\"retrieved_at\":\"2026-09-25T08:56:03Z\",\"source_record_id\":\"pin_6ab02df61a1f50.42976795\",\"source_file\":\"data/russia_oil_power_infrastructure.csv\",\"source_line_or_record_id\":\"114032\",\"extractor_version\":\"unknown\",\"license_or_terms\":\"unknown\",\"confidence_contribution\":\"0.82\"}]","first_seen_build":"2026-09-21T09:07:38Z","last_seen_build":"2026-09-25T08:56:03Z","change_status":"unchanged","change_types":[],"changed_since_previous_build":"false","new_in_latest_build":"false","removed_from_latest_build":"false","source_archive_date":"2026-09-25T08:56:03Z","generation_type":"","primary_fuel":"","secondary_fuels":"","plant_role":"","technology":"","installed_capacity_mw":"","operational_status":"","classification_confidence":"","classification_confidence_score":"","classification_method":"","classification_sources":"","classification_notes":"","alternate_names":"","name_ru":"","match_score":"","match_method":"","matched_source_record_ids":"","is_nuclear":"","nuclear_status":"","reactor_count":"","operating_reactor_count":"","reactor_types":"","nuclear_reference_ids":"","radiological_risk":"","substation_type":"","voltage_kv":"","voltage_levels_kv":"","connected_generation_type":"","ecological_risk_category":"","political_significance":"","risk_assessment_status":"","references":[{"reference_id":"ref_ec3862b8ba8dabda","source_id":"russia_oil_power_map","source_name":"Russia Oil & Power Infrastructure Map","source_type":"map_layer","url":"https://russiaoilpowermap.com/data/custom_pins.json","archive_url":"","retrieved_at":"2026-09-25T08:56:03Z","source_record_id":"pin_6ab02df61a1f50.42976795","source_file":"data/russia_oil_power_infrastructure.csv","source_line_or_record_id":"114032","extractor_version":"unknown","license_or_terms":"unknown","confidence_contribution":"0.82"}]}},{"type":"Feature","id":"infra_aa7736b3664927c9","geometry":{"type":"Point","coordinates":[53.173426,56.859144]},"properties":{"uid":"infra_aa7736b3664927c9","object_id":"infra_aa7736b3664927c9","source":"russia_oil_power_map","source_dataset":"Russia Oil & Power Infrastructure Map","source_id":"russia_oil_power_map","source_record_id":"pin_6ab02ed55babf2.26181258","source_url":"https://russiaoilpowermap.com/data/custom_pins.json","source_capture_date":"2026-09-25T08:56:03Z","source_layer":"custom_pins","source_reference_id":"ref_baed85f9cedcd36c","source_name":"Russia Oil & Power Infrastructure Map","source_type":"map_layer","source_reliability":"B","license_or_terms":"unknown","name":"Kupol Electromechanical Plant (Izhevsk)","name_en":"","description":"","name_translated":"","description_translated":"","display_label":"Kupol Electromechanical Plant (Izhevsk)","asset_class":"other_infrastructure","asset_type":"other","asset_subtype":"manufacturing","domain":"other","status":"","operator":"","product":"Tor SAM Production","country":"Russia","country_code":"","country_source":"","countries":["Russia"],"source_country":"Russia","country_match_method":"point_in_boundary","region":"","region_translated":"","subdivision":"","inn":"","is_sanctioned":"","is_mass_director":"","is_mass_founder":"","is_disqualified_persons":"","geometry_type":"Point","latitude":"56.85914400","longitude":"53.17342600","centroid_latitude":"56.85914400","centroid_longitude":"53.17342600","map_latitude":"56.85914400","map_longitude":"53.17342600","start_latitude":"56.859144","start_longitude":"53.173426","end_latitude":"56.859144","end_longitude":"53.173426","coordinate_count":"1","length_km":"","has_point_location":"true","location_quality":"exact","coordinate_precision":"exact","coordinate_source":"","entity_confidence":"high","freshness":"recent","cross_source_support":"1","review_status":"unreviewed","confidence":"A","confidence_grade":"A","confidence_score":"1.00","selectable":"true","map_layer":"other_infrastructure","map_color":"#2a93d5","map_icon":"circle","risk_flags":"","subcategory":"other","transport_functions":"","un_locode":"","locode_country":"","locode_location":"","iata":"","remarks":"","source_date":"","detected_language":"en_or_unknown","translation_source":"","derived_subcategory":"other","derived_subcategory_label":"Other","derived_subcategory_confidence":"0.5","derived_subcategory_reason":"asset type fallback","possible_duplicate_group":"","search_text":"Kupol Electromechanical Plant (Izhevsk) Kupol Electromechanical Plant (Izhevsk) other_infrastructure other manufacturing other Tor SAM Production Russia Oil & Power Infrastructure Map custom_pins Other","references_json":"[{\"reference_id\":\"ref_baed85f9cedcd36c\",\"source_id\":\"russia_oil_power_map\",\"source_name\":\"Russia Oil & Power Infrastructure Map\",\"source_type\":\"map_layer\",\"url\":\"https://russiaoilpowermap.com/data/custom_pins.json\",\"archive_url\":\"\",\"retrieved_at\":\"2026-09-25T08:56:03Z\",\"source_record_id\":\"pin_6ab02ed55babf2.26181258\",\"source_file\":\"data/russia_oil_power_infrastructure.csv\",\"source_line_or_record_id\":\"114033\",\"extractor_version\":\"unknown\",\"license_or_terms\":\"unknown\",\"confidence_contribution\":\"0.82\"}]","first_seen_build":"2026-09-21T09:07:38Z","last_seen_build":"2026-09-25T08:56:03Z","change_status":"unchanged","change_types":[],"changed_since_previous_build":"false","new_in_latest_build":"false","removed_from_latest_build":"false","source_archive_date":"2026-09-25T08:56:03Z","generation_type":"","primary_fuel":"","secondary_fuels":"","plant_role":"","technology":"","installed_capacity_mw":"","operational_status":"","classification_confidence":"","classification_confidence_score":"","classification_method":"","classification_sources":"","classification_notes":"","alternate_names":"","name_ru":"","match_score":"","match_method":"","matched_source_record_ids":"","is_nuclear":"","nuclear_status":"","reactor_count":"","operating_reactor_count":"","reactor_types":"","nuclear_reference_ids":"","radiological_risk":"","substation_type":"","voltage_kv":"","voltage_levels_kv":"","connected_generation_type":"","ecological_risk_category":"","political_significance":"","risk_assessment_status":"","references":[{"reference_id":"ref_baed85f9cedcd36c","source_id":"russia_oil_power_map","source_name":"Russia Oil & Power Infrastructure Map","source_type":"map_layer","url":"https://russiaoilpowermap.com/data/custom_pins.json","archive_url":"","retrieved_at":"2026-09-25T08:56:03Z","source_record_id":"pin_6ab02ed55babf2.26181258","source_file":"data/russia_oil_power_infrastructure.csv","source_line_or_record_id":"114033","extractor_version":"unknown","license_or_terms":"unknown","confidence_contribution":"0.82"}]}},{"type":"Feature","id":"infra_b2194081e4e1700a","geometry":{"type":"Point","coordinates":[41.937368,44.656142]},"properties":{"uid":"infra_b2194081e4e1700a","object_id":"infra_b2194081e4e1700a","source":"russia_oil_power_map","source_dataset":"Russia Oil & Power Infrastructure Map","source_id":"russia_oil_power_map","source_record_id":"pin_6ab0396c8e25d1.03759351","source_url":"https://russiaoilpowermap.com/data/custom_pins.json","source_capture_date":"2026-09-25T08:56:03Z","source_layer":"custom_pins","source_reference_id":"ref_9fe53f445a6c7be5","source_name":"Russia Oil & Power Infrastructure Map","source_type":"map_layer","source_reliability":"B","license_or_terms":"unknown","name":"EuroChem Nevinnomyssk Ammonia Plant","name_en":"","description":"","name_translated":"","description_translated":"","display_label":"EuroChem Nevinnomyssk Ammonia Plant","asset_class":"other_infrastructure","asset_type":"other","asset_subtype":"manufacturing","domain":"other","status":"","operator":"","product":"Chemical Supplier to Sverdlov Plant","country":"Russia","country_code":"","country_source":"","countries":["Russia"],"source_country":"Russia","country_match_method":"point_in_boundary","region":"","region_translated":"","subdivision":"","inn":"","is_sanctioned":"","is_mass_director":"","is_mass_founder":"","is_disqualified_persons":"","geometry_type":"Point","latitude":"44.65614200","longitude":"41.93736800","centroid_latitude":"44.65614200","centroid_longitude":"41.93736800","map_latitude":"44.65614200","map_longitude":"41.93736800","start_latitude":"44.656142","start_longitude":"41.937368","end_latitude":"44.656142","end_longitude":"41.937368","coordinate_count":"1","length_km":"","has_point_location":"true","location_quality":"exact","coordinate_precision":"exact","coordinate_source":"","entity_confidence":"high","freshness":"recent","cross_source_support":"1","review_status":"unreviewed","confidence":"A","confidence_grade":"A","confidence_score":"1.00","selectable":"true","map_layer":"other_infrastructure","map_color":"#2a93d5","map_icon":"circle","risk_flags":"","subcategory":"other","transport_functions":"","un_locode":"","locode_country":"","locode_location":"","iata":"","remarks":"","source_date":"","detected_language":"en_or_unknown","translation_source":"","derived_subcategory":"other","derived_subcategory_label":"Other","derived_subcategory_confidence":"0.5","derived_subcategory_reason":"asset type fallback","possible_duplicate_group":"","search_text":"EuroChem Nevinnomyssk Ammonia Plant EuroChem Nevinnomyssk Ammonia Plant other_infrastructure other manufacturing other Chemical Supplier to Sverdlov Plant Russia Oil & Power Infrastructure Map custom_pins Other","references_json":"[{\"reference_id\":\"ref_9fe53f445a6c7be5\",\"source_id\":\"russia_oil_power_map\",\"source_name\":\"Russia Oil & Power Infrastructure Map\",\"source_type\":\"map_layer\",\"url\":\"https://russiaoilpowermap.com/data/custom_pins.json\",\"archive_url\":\"\",\"retrieved_at\":\"2026-09-25T08:56:03Z\",\"source_record_id\":\"pin_6ab0396c8e25d1.03759351\",\"source_file\":\"data/russia_oil_power_infrastructure.csv\",\"source_line_or_record_id\":\"114034\",\"extractor_version\":\"unknown\",\"license_or_terms\":\"unknown\",\"confidence_contribution\":\"0.82\"}]","first_seen_build":"2026-09-21T09:07:38Z","last_seen_build":"2026-09-25T08:56:03Z","change_status":"unchanged","change_types":[],"changed_since_previous_build":"false","new_in_latest_build":"false","removed_from_latest_build":"false","source_archive_date":"2026-09-25T08:56:03Z","generation_type":"","primary_fuel":"","secondary_fuels":"","plant_role":"","technology":"","installed_capacity_mw":"","operational_status":"","classification_confidence":"","classification_confidence_score":"","classification_method":"","classification_sources":"","classification_notes":"","alternate_names":"","name_ru":"","match_score":"","match_method":"","matched_source_record_ids":"","is_nuclear":"","nuclear_status":"","reactor_count":"","operating_reactor_count":"","reactor_types":"","nuclear_reference_ids":"","radiological_risk":"","substation_type":"","voltage_kv":"","voltage_levels_kv":"","connected_generation_type":"","ecological_risk_category":"","political_significance":"","risk_assessment_status":"","references":[{"reference_id":"ref_9fe53f445a6c7be5","source_id":"russia_oil_power_map","source_name":"Russia Oil & Power Infrastructure Map","source_type":"map_layer","url":"https://russiaoilpowermap.com/data/custom_pins.json","archive_url":"","retrieved_at":"2026-09-25T08:56:03Z","source_record_id":"pin_6ab0396c8e25d1.03759351","source_file":"data/russia_oil_power_infrastructure.csv","source_line_or_record_id":"114034","extractor_version":"unknown","license_or_terms":"unknown","confidence_contribution":"0.82"}]}},{"type":"Feature","id":"infra_f5d2c3e0475e2c82","geometry":{"type":"Point","coordinates":[38.218828,54.087496]},"properties":{"uid":"infra_f5d2c3e0475e2c82","object_id":"infra_f5d2c3e0475e2c82","source":"russia_oil_power_map","source_dataset":"Russia Oil & Power Infrastructure Map","source_id":"russia_oil_power_map","source_record_id":"pin_6ab039c26a0e55.77208082","source_url":"https://russiaoilpowermap.com/data/custom_pins.json","source_capture_date":"2026-09-25T08:56:03Z","source_layer":"custom_pins","source_reference_id":"ref_e7a763b548d7d2ee","source_name":"Russia Oil & Power Infrastructure Map","source_type":"map_layer","source_reliability":"B","license_or_terms":"unknown","name":"EuroChem Novomoskovsk Ammonia Plant","name_en":"","description":"","name_translated":"","description_translated":"","display_label":"EuroChem Novomoskovsk Ammonia Plant","asset_class":"other_infrastructure","asset_type":"other","asset_subtype":"manufacturing","domain":"other","status":"","operator":"","product":"Chemical Supplier to Sverdlov Plant","country":"Russia","country_code":"","country_source":"","countries":["Russia"],"source_country":"Russia","country_match_method":"point_in_boundary","region":"","region_translated":"","subdivision":"","inn":"","is_sanctioned":"","is_mass_director":"","is_mass_founder":"","is_disqualified_persons":"","geometry_type":"Point","latitude":"54.08749600","longitude":"38.21882800","centroid_latitude":"54.08749600","centroid_longitude":"38.21882800","map_latitude":"54.08749600","map_longitude":"38.21882800","start_latitude":"54.087496","start_longitude":"38.218828","end_latitude":"54.087496","end_longitude":"38.218828","coordinate_count":"1","length_km":"","has_point_location":"true","location_quality":"exact","coordinate_precision":"exact","coordinate_source":"","entity_confidence":"high","freshness":"recent","cross_source_support":"1","review_status":"unreviewed","confidence":"A","confidence_grade":"A","confidence_score":"1.00","selectable":"true","map_layer":"other_infrastructure","map_color":"#2a93d5","map_icon":"circle","risk_flags":"","subcategory":"other","transport_functions":"","un_locode":"","locode_country":"","locode_location":"","iata":"","remarks":"","source_date":"","detected_language":"en_or_unknown","translation_source":"","derived_subcategory":"other","derived_subcategory_label":"Other","derived_subcategory_confidence":"0.5","derived_subcategory_reason":"asset type fallback","possible_duplicate_group":"","search_text":"EuroChem Novomoskovsk Ammonia Plant EuroChem Novomoskovsk Ammonia Plant other_infrastructure other manufacturing other Chemical Supplier to Sverdlov Plant Russia Oil & Power Infrastructure Map custom_pins Other","references_json":"[{\"reference_id\":\"ref_e7a763b548d7d2ee\",\"source_id\":\"russia_oil_power_map\",\"source_name\":\"Russia Oil & Power Infrastructure Map\",\"source_type\":\"map_layer\",\"url\":\"https://russiaoilpowermap.com/data/custom_pins.json\",\"archive_url\":\"\",\"retrieved_at\":\"2026-09-25T08:56:03Z\",\"source_record_id\":\"pin_6ab039c26a0e55.77208082\",\"source_file\":\"data/russia_oil_power_infrastructure.csv\",\"source_line_or_record_id\":\"114035\",\"extractor_version\":\"unknown\",\"license_or_terms\":\"unknown\",\"confidence_contribution\":\"0.82\"}]","first_seen_build":"2026-09-21T09:07:38Z","last_seen_build":"2026-09-25T08:56:03Z","change_status":"unchanged","change_types":[],"changed_since_previous_build":"false","new_in_latest_build":"false","removed_from_latest_build":"false","source_archive_date":"2026-09-25T08:56:03Z","generation_type":"","primary_fuel":"","secondary_fuels":"","plant_role":"","technology":"","installed_capacity_mw":"","operational_status":"","classification_confidence":"","classification_confidence_score":"","classification_method":"","classification_sources":"","classification_notes":"","alternate_names":"","name_ru":"","match_score":"","match_method":"","matched_source_record_ids":"","is_nuclear":"","nuclear_status":"","reactor_count":"","operating_reactor_count":"","reactor_types":"","nuclear_reference_ids":"","radiological_risk":"","substation_type":"","voltage_kv":"","voltage_levels_kv":"","connected_generation_type":"","ecological_risk_category":"","political_significance":"","risk_assessment_status":"","references":[{"reference_id":"ref_e7a763b548d7d2ee","source_id":"russia_oil_power_map","source_name":"Russia Oil & Power Infrastructure Map","source_type":"map_layer","url":"https://russiaoilpowermap.com/data/custom_pins.json","archive_url":"","retrieved_at":"2026-09-25T08:56:03Z","source_record_id":"pin_6ab039c26a0e55.77208082","source_file":"data/russia_oil_power_infrastructure.csv","source_line_or_record_id":"114035","extractor_version":"unknown","license_or_terms":"unknown","confidence_contribution":"0.82"}]}},{"type":"Feature","id":"infra_459a65b7b2ddd83a","geometry":{"type":"Point","coordinates":[56.745393,59.402997]},"properties":{"uid":"infra_459a65b7b2ddd83a","object_id":"infra_459a65b7b2ddd83a","source":"russia_oil_power_map","source_dataset":"Russia Oil & Power Infrastructure Map","source_id":"russia_oil_power_map","source_record_id":"pin_6ab03a7a5277a1.34328216","source_url":"https://russiaoilpowermap.com/data/custom_pins.json","source_capture_date":"2026-09-25T08:56:03Z","source_layer":"custom_pins","source_reference_id":"ref_60992cb1f45d91e5","source_name":"Russia Oil & Power Infrastructure Map","source_type":"map_layer","source_reliability":"B","license_or_terms":"unknown","name":"Uralchem","name_en":"","description":"","name_translated":"","description_translated":"","display_label":"Uralchem","asset_class":"other_infrastructure","asset_type":"other","asset_subtype":"manufacturing","domain":"other","status":"","operator":"","product":"Chemical Supplier (Explosives)","country":"Russia","country_code":"","country_source":"","countries":["Russia"],"source_country":"Russia","country_match_method":"point_in_boundary","region":"","region_translated":"","subdivision":"","inn":"","is_sanctioned":"","is_mass_director":"","is_mass_founder":"","is_disqualified_persons":"","geometry_type":"Point","latitude":"59.40299700","longitude":"56.74539300","centroid_latitude":"59.40299700","centroid_longitude":"56.74539300","map_latitude":"59.40299700","map_longitude":"56.74539300","start_latitude":"59.402997","start_longitude":"56.745393","end_latitude":"59.402997","end_longitude":"56.745393","coordinate_count":"1","length_km":"","has_point_location":"true","location_quality":"exact","coordinate_precision":"exact","coordinate_source":"","entity_confidence":"high","freshness":"recent","cross_source_support":"1","review_status":"unreviewed","confidence":"A","confidence_grade":"A","confidence_score":"1.00","selectable":"true","map_layer":"other_infrastructure","map_color":"#2a93d5","map_icon":"circle","risk_flags":"","subcategory":"other","transport_functions":"","un_locode":"","locode_country":"","locode_location":"","iata":"","remarks":"","source_date":"","detected_language":"en_or_unknown","translation_source":"","derived_subcategory":"other","derived_subcategory_label":"Other","derived_subcategory_confidence":"0.5","derived_subcategory_reason":"asset type fallback","possible_duplicate_group":"","search_text":"Uralchem Uralchem other_infrastructure other manufacturing other Chemical Supplier (Explosives) Russia Oil & Power Infrastructure Map custom_pins Other","references_json":"[{\"reference_id\":\"ref_60992cb1f45d91e5\",\"source_id\":\"russia_oil_power_map\",\"source_name\":\"Russia Oil & Power Infrastructure Map\",\"source_type\":\"map_layer\",\"url\":\"https://russiaoilpowermap.com/data/custom_pins.json\",\"archive_url\":\"\",\"retrieved_at\":\"2026-09-25T08:56:03Z\",\"source_record_id\":\"pin_6ab03a7a5277a1.34328216\",\"source_file\":\"data/russia_oil_power_infrastructure.csv\",\"source_line_or_record_id\":\"114036\",\"extractor_version\":\"unknown\",\"license_or_terms\":\"unknown\",\"confidence_contribution\":\"0.82\"}]","first_seen_build":"2026-09-21T09:07:38Z","last_seen_build":"2026-09-25T08:56:03Z","change_status":"unchanged","change_types":[],"changed_since_previous_build":"false","new_in_latest_build":"false","removed_from_latest_build":"false","source_archive_date":"2026-09-25T08:56:03Z","generation_type":"","primary_fuel":"","secondary_fuels":"","plant_role":"","technology":"","installed_capacity_mw":"","operational_status":"","classification_confidence":"","classification_confidence_score":"","classification_method":"","classification_sources":"","classification_notes":"","alternate_names":"","name_ru":"","match_score":"","match_method":"","matched_source_record_ids":"","is_nuclear":"","nuclear_status":"","reactor_count":"","operating_reactor_count":"","reactor_types":"","nuclear_reference_ids":"","radiological_risk":"","substation_type":"","voltage_kv":"","voltage_levels_kv":"","connected_generation_type":"","ecological_risk_category":"","political_significance":"","risk_assessment_status":"","references":[{"reference_id":"ref_60992cb1f45d91e5","source_id":"russia_oil_power_map","source_name":"Russia Oil & Power Infrastructure Map","source_type":"map_layer","url":"https://russiaoilpowermap.com/data/custom_pins.json","archive_url":"","retrieved_at":"2026-09-25T08:56:03Z","source_record_id":"pin_6ab03a7a5277a1.34328216","source_file":"data/russia_oil_power_infrastructure.csv","source_line_or_record_id":"114036","extractor_version":"unknown","license_or_terms":"unknown","confidence_contribution":"0.82"}]}},{"type":"Feature","id":"infra_421091fa3ff9e3e3","geometry":{"type":"Point","coordinates":[39.162633,51.623266]},"properties":{"uid":"infra_421091fa3ff9e3e3","object_id":"infra_421091fa3ff9e3e3","source":"russia_oil_power_map","source_dataset":"Russia Oil & Power Infrastructure Map","source_id":"russia_oil_power_map","source_record_id":"pin_6ab045fca44c12.80573780","source_url":"https://russiaoilpowermap.com/data/custom_pins.json","source_capture_date":"2026-09-25T08:56:03Z","source_layer":"custom_pins","source_reference_id":"ref_c1b5c89a73ae7f49","source_name":"Russia Oil & Power Infrastructure Map","source_type":"map_layer","source_reliability":"B","license_or_terms":"unknown","name":"Baltimor (Voronezh) Air Base","name_en":"","description":"","name_translated":"","description_translated":"","display_label":"Baltimor (Voronezh) Air Base","asset_class":"other_infrastructure","asset_type":"other","asset_subtype":"military","domain":"other","status":"","operator":"","product":"","country":"Russia","country_code":"","country_source":"","countries":["Russia"],"source_country":"Russia","country_match_method":"point_in_boundary","region":"","region_translated":"","subdivision":"","inn":"","is_sanctioned":"","is_mass_director":"","is_mass_founder":"","is_disqualified_persons":"","geometry_type":"Point","latitude":"51.62326600","longitude":"39.16263300","centroid_latitude":"51.62326600","centroid_longitude":"39.16263300","map_latitude":"51.62326600","map_longitude":"39.16263300","start_latitude":"51.623266","start_longitude":"39.162633","end_latitude":"51.623266","end_longitude":"39.162633","coordinate_count":"1","length_km":"","has_point_location":"true","location_quality":"exact","coordinate_precision":"exact","coordinate_source":"","entity_confidence":"high","freshness":"recent","cross_source_support":"1","review_status":"unreviewed","confidence":"A","confidence_grade":"A","confidence_score":"1.00","selectable":"true","map_layer":"other_infrastructure","map_color":"#2a93d5","map_icon":"circle","risk_flags":"","subcategory":"other","transport_functions":"","un_locode":"","locode_country":"","locode_location":"","iata":"","remarks":"","source_date":"","detected_language":"en_or_unknown","translation_source":"","derived_subcategory":"logistics_storage","derived_subcategory_label":"Logistics & storage","derived_subcategory_confidence":"0.80","derived_subcategory_reason":"keyword match","possible_duplicate_group":"","search_text":"Baltimor (Voronezh) Air Base Baltimor (Voronezh) Air Base other_infrastructure other military other Russia Oil & Power Infrastructure Map custom_pins Logistics & storage","references_json":"[{\"reference_id\":\"ref_c1b5c89a73ae7f49\",\"source_id\":\"russia_oil_power_map\",\"source_name\":\"Russia Oil & Power Infrastructure Map\",\"source_type\":\"map_layer\",\"url\":\"https://russiaoilpowermap.com/data/custom_pins.json\",\"archive_url\":\"\",\"retrieved_at\":\"2026-09-25T08:56:03Z\",\"source_record_id\":\"pin_6ab045fca44c12.80573780\",\"source_file\":\"data/russia_oil_power_infrastructure.csv\",\"source_line_or_record_id\":\"114052\",\"extractor_version\":\"unknown\",\"license_or_terms\":\"unknown\",\"confidence_contribution\":\"0.82\"}]","first_seen_build":"2026-09-21T09:07:38Z","last_seen_build":"2026-09-25T08:56:03Z","change_status":"unchanged","change_types":[],"changed_since_previous_build":"false","new_in_latest_build":"false","removed_from_latest_build":"false","source_archive_date":"2026-09-25T08:56:03Z","generation_type":"","primary_fuel":"","secondary_fuels":"","plant_role":"","technology":"","installed_capacity_mw":"","operational_status":"","classification_confidence":"","classification_confidence_score":"","classification_method":"","classification_sources":"","classification_notes":"","alternate_names":"","name_ru":"","match_score":"","match_method":"","matched_source_record_ids":"","is_nuclear":"","nuclear_status":"","reactor_count":"","operating_reactor_count":"","reactor_types":"","nuclear_reference_ids":"","radiological_risk":"","substation_type":"","voltage_kv":"","voltage_levels_kv":"","connected_generation_type":"","ecological_risk_category":"","political_significance":"","risk_assessment_status":"","references":[{"reference_id":"ref_c1b5c89a73ae7f49","source_id":"russia_oil_power_map","source_name":"Russia Oil & Power Infrastructure Map","source_type":"map_layer","url":"https://russiaoilpowermap.com/data/custom_pins.json","archive_url":"","retrieved_at":"2026-09-25T08:56:03Z","source_record_id":"pin_6ab045fca44c12.80573780","source_file":"data/russia_oil_power_infrastructure.csv","source_line_or_record_id":"114052","extractor_version":"unknown","license_or_terms":"unknown","confidence_contribution":"0.82"}]}},{"type":"Feature","id":"infra_561d5fce3ff1c7d7","geometry":{"type":"Point","coordinates":[36.291264,51.757607]},"properties":{"uid":"infra_561d5fce3ff1c7d7","object_id":"infra_561d5fce3ff1c7d7","source":"russia_oil_power_map","source_dataset":"Russia Oil & Power Infrastructure Map","source_id":"russia_oil_power_map","source_record_id":"pin_6ab046948304e5.68469660","source_url":"https://russiaoilpowermap.com/data/custom_pins.json","source_capture_date":"2026-09-25T08:56:03Z","source_layer":"custom_pins","source_reference_id":"ref_ce4a979a29042bd8","source_name":"Russia Oil & Power Infrastructure Map","source_type":"map_layer","source_reliability":"B","license_or_terms":"unknown","name":"Kursk-Vostochniy Air Base","name_en":"","description":"","name_translated":"","description_translated":"","display_label":"Kursk-Vostochniy Air Base","asset_class":"other_infrastructure","asset_type":"other","asset_subtype":"military","domain":"other","status":"","operator":"","product":"","country":"Russia","country_code":"","country_source":"","countries":["Russia"],"source_country":"Russia","country_match_method":"point_in_boundary","region":"","region_translated":"","subdivision":"","inn":"","is_sanctioned":"","is_mass_director":"","is_mass_founder":"","is_disqualified_persons":"","geometry_type":"Point","latitude":"51.75760700","longitude":"36.29126400","centroid_latitude":"51.75760700","centroid_longitude":"36.29126400","map_latitude":"51.75760700","map_longitude":"36.29126400","start_latitude":"51.757607","start_longitude":"36.291264","end_latitude":"51.757607","end_longitude":"36.291264","coordinate_count":"1","length_km":"","has_point_location":"true","location_quality":"exact","coordinate_precision":"exact","coordinate_source":"","entity_confidence":"high","freshness":"recent","cross_source_support":"1","review_status":"unreviewed","confidence":"A","confidence_grade":"A","confidence_score":"1.00","selectable":"true","map_layer":"other_infrastructure","map_color":"#2a93d5","map_icon":"circle","risk_flags":"","subcategory":"other","transport_functions":"","un_locode":"","locode_country":"","locode_location":"","iata":"","remarks":"","source_date":"","detected_language":"en_or_unknown","translation_source":"","derived_subcategory":"logistics_storage","derived_subcategory_label":"Logistics & storage","derived_subcategory_confidence":"0.80","derived_subcategory_reason":"keyword match","possible_duplicate_group":"","search_text":"Kursk-Vostochniy Air Base Kursk-Vostochniy Air Base other_infrastructure other military other Russia Oil & Power Infrastructure Map custom_pins Logistics & storage","references_json":"[{\"reference_id\":\"ref_ce4a979a29042bd8\",\"source_id\":\"russia_oil_power_map\",\"source_name\":\"Russia Oil & Power Infrastructure Map\",\"source_type\":\"map_layer\",\"url\":\"https://russiaoilpowermap.com/data/custom_pins.json\",\"archive_url\":\"\",\"retrieved_at\":\"2026-09-25T08:56:03Z\",\"source_record_id\":\"pin_6ab046948304e5.68469660\",\"source_file\":\"data/russia_oil_power_infrastructure.csv\",\"source_line_or_record_id\":\"114053\",\"extractor_version\":\"unknown\",\"license_or_terms\":\"unknown\",\"confidence_contribution\":\"0.82\"}]","first_seen_build":"2026-09-21T09:07:38Z","last_seen_build":"2026-09-25T08:56:03Z","change_status":"unchanged","change_types":[],"changed_since_previous_build":"false","new_in_latest_build":"false","removed_from_latest_build":"false","source_archive_date":"2026-09-25T08:56:03Z","generation_type":"","primary_fuel":"","secondary_fuels":"","plant_role":"","technology":"","installed_capacity_mw":"","operational_status":"","classification_confidence":"","classification_confidence_score":"","classification_method":"","classification_sources":"","classification_notes":"","alternate_names":"","name_ru":"","match_score":"","match_method":"","matched_source_record_ids":"","is_nuclear":"","nuclear_status":"","reactor_count":"","operating_reactor_count":"","reactor_types":"","nuclear_reference_ids":"","radiological_risk":"","substation_type":"","voltage_kv":"","voltage_levels_kv":"","connected_generation_type":"","ecological_risk_category":"","political_significance":"","risk_assessment_status":"","references":[{"reference_id":"ref_ce4a979a29042bd8","source_id":"russia_oil_power_map","source_name":"Russia Oil & Power Infrastructure Map","source_type":"map_layer","url":"https://russiaoilpowermap.com/data/custom_pins.json","archive_url":"","retrieved_at":"2026-09-25T08:56:03Z","source_record_id":"pin_6ab046948304e5.68469660","source_file":"data/russia_oil_power_infrastructure.csv","source_line_or_record_id":"114053","extractor_version":"unknown","license_or_terms":"unknown","confidence_contribution":"0.82"}]}},{"type":"Feature","id":"infra_7a0a3599abf03b5d","geometry":{"type":"Point","coordinates":[38.851004,47.24275]},"properties":{"uid":"infra_7a0a3599abf03b5d","object_id":"infra_7a0a3599abf03b5d","source":"russia_oil_power_map","source_dataset":"Russia Oil & Power Infrastructure Map","source_id":"russia_oil_power_map","source_record_id":"pin_6ab046ed80cda7.53696904","source_url":"https://russiaoilpowermap.com/data/custom_pins.json","source_capture_date":"2026-09-25T08:56:03Z","source_layer":"custom_pins","source_reference_id":"ref_fff68dd74c6738d2","source_name":"Russia Oil & Power Infrastructure Map","source_type":"map_layer","source_reliability":"B","license_or_terms":"unknown","name":"Tsentralniy (Taganrog) Air Base","name_en":"","description":"","name_translated":"","description_translated":"","display_label":"Tsentralniy (Taganrog) Air Base","asset_class":"other_infrastructure","asset_type":"other","asset_subtype":"military","domain":"other","status":"","operator":"","product":"","country":"Russia","country_code":"","country_source":"","countries":["Russia"],"source_country":"Russia","country_match_method":"point_in_boundary","region":"","region_translated":"","subdivision":"","inn":"","is_sanctioned":"","is_mass_director":"","is_mass_founder":"","is_disqualified_persons":"","geometry_type":"Point","latitude":"47.24275000","longitude":"38.85100400","centroid_latitude":"47.24275000","centroid_longitude":"38.85100400","map_latitude":"47.24275000","map_longitude":"38.85100400","start_latitude":"47.24275","start_longitude":"38.851004","end_latitude":"47.24275","end_longitude":"38.851004","coordinate_count":"1","length_km":"","has_point_location":"true","location_quality":"exact","coordinate_precision":"exact","coordinate_source":"","entity_confidence":"high","freshness":"recent","cross_source_support":"1","review_status":"unreviewed","confidence":"A","confidence_grade":"A","confidence_score":"1.00","selectable":"true","map_layer":"other_infrastructure","map_color":"#2a93d5","map_icon":"circle","risk_flags":"","subcategory":"other","transport_functions":"","un_locode":"","locode_country":"","locode_location":"","iata":"","remarks":"","source_date":"","detected_language":"en_or_unknown","translation_source":"","derived_subcategory":"logistics_storage","derived_subcategory_label":"Logistics & storage","derived_subcategory_confidence":"0.80","derived_subcategory_reason":"keyword match","possible_duplicate_group":"","search_text":"Tsentralniy (Taganrog) Air Base Tsentralniy (Taganrog) Air Base other_infrastructure other military other Russia Oil & Power Infrastructure Map custom_pins Logistics & storage","references_json":"[{\"reference_id\":\"ref_fff68dd74c6738d2\",\"source_id\":\"russia_oil_power_map\",\"source_name\":\"Russia Oil & Power Infrastructure Map\",\"source_type\":\"map_layer\",\"url\":\"https://russiaoilpowermap.com/data/custom_pins.json\",\"archive_url\":\"\",\"retrieved_at\":\"2026-09-25T08:56:03Z\",\"source_record_id\":\"pin_6ab046ed80cda7.53696904\",\"source_file\":\"data/russia_oil_power_infrastructure.csv\",\"source_line_or_record_id\":\"114054\",\"extractor_version\":\"unknown\",\"license_or_terms\":\"unknown\",\"confidence_contribution\":\"0.82\"}]","first_seen_build":"2026-09-21T09:07:38Z","last_seen_build":"2026-09-25T08:56:03Z","change_status":"unchanged","change_types":[],"changed_since_previous_build":"false","new_in_latest_build":"false","removed_from_latest_build":"false","source_archive_date":"2026-09-25T08:56:03Z","generation_type":"","primary_fuel":"","secondary_fuels":"","plant_role":"","technology":"","installed_capacity_mw":"","operational_status":"","classification_confidence":"","classification_confidence_score":"","classification_method":"","classification_sources":"","classification_notes":"","alternate_names":"","name_ru":"","match_score":"","match_method":"","matched_source_record_ids":"","is_nuclear":"","nuclear_status":"","reactor_count":"","operating_reactor_count":"","reactor_types":"","nuclear_reference_ids":"","radiological_risk":"","substation_type":"","voltage_kv":"","voltage_levels_kv":"","connected_generation_type":"","ecological_risk_category":"","political_significance":"","risk_assessment_status":"","references":[{"reference_id":"ref_fff68dd74c6738d2","source_id":"russia_oil_power_map","source_name":"Russia Oil & Power Infrastructure Map","source_type":"map_layer","url":"https://russiaoilpowermap.com/data/custom_pins.json","archive_url":"","retrieved_at":"2026-09-25T08:56:03Z","source_record_id":"pin_6ab046ed80cda7.53696904","source_file":"data/russia_oil_power_infrastructure.csv","source_line_or_record_id":"114054","extractor_version":"unknown","license_or_terms":"unknown","confidence_contribution":"0.82"}]}},{"type":"Feature","id":"infra_5e05d02c92ec4dc2","geometry":{"type":"Point","coordinates":[39.651074,47.270821]},"properties":{"uid":"infra_5e05d02c92ec4dc2","object_id":"infra_5e05d02c92ec4dc2","source":"russia_oil_power_map","source_dataset":"Russia Oil & Power Infrastructure Map","source_id":"russia_oil_power_map","source_record_id":"pin_6ab04709b49b77.04845049","source_url":"https://russiaoilpowermap.com/data/custom_pins.json","source_capture_date":"2026-09-25T08:56:03Z","source_layer":"custom_pins","source_reference_id":"ref_8ec22e77713d6984","source_name":"Russia Oil & Power Infrastructure Map","source_type":"map_layer","source_reliability":"B","license_or_terms":"unknown","name":"Tsentralny Air Base","name_en":"","description":"","name_translated":"","description_translated":"","display_label":"Tsentralny Air Base","asset_class":"other_infrastructure","asset_type":"other","asset_subtype":"military","domain":"other","status":"","operator":"","product":"","country":"Russia","country_code":"","country_source":"","countries":["Russia"],"source_country":"Russia","country_match_method":"point_in_boundary","region":"","region_translated":"","subdivision":"","inn":"","is_sanctioned":"","is_mass_director":"","is_mass_founder":"","is_disqualified_persons":"","geometry_type":"Point","latitude":"47.27082100","longitude":"39.65107400","centroid_latitude":"47.27082100","centroid_longitude":"39.65107400","map_latitude":"47.27082100","map_longitude":"39.65107400","start_latitude":"47.270821","start_longitude":"39.651074","end_latitude":"47.270821","end_longitude":"39.651074","coordinate_count":"1","length_km":"","has_point_location":"true","location_quality":"exact","coordinate_precision":"exact","coordinate_source":"","entity_confidence":"high","freshness":"recent","cross_source_support":"1","review_status":"unreviewed","confidence":"A","confidence_grade":"A","confidence_score":"1.00","selectable":"true","map_layer":"other_infrastructure","map_color":"#2a93d5","map_icon":"circle","risk_flags":"","subcategory":"other","transport_functions":"","un_locode":"","locode_country":"","locode_location":"","iata":"","remarks":"","source_date":"","detected_language":"en_or_unknown","translation_source":"","derived_subcategory":"logistics_storage","derived_subcategory_label":"Logistics & storage","derived_subcategory_confidence":"0.80","derived_subcategory_reason":"keyword match","possible_duplicate_group":"","search_text":"Tsentralny Air Base Tsentralny Air Base other_infrastructure other military other Russia Oil & Power Infrastructure Map custom_pins Logistics & storage","references_json":"[{\"reference_id\":\"ref_8ec22e77713d6984\",\"source_id\":\"russia_oil_power_map\",\"source_name\":\"Russia Oil & Power Infrastructure Map\",\"source_type\":\"map_layer\",\"url\":\"https://russiaoilpowermap.com/data/custom_pins.json\",\"archive_url\":\"\",\"retrieved_at\":\"2026-09-25T08:56:03Z\",\"source_record_id\":\"pin_6ab04709b49b77.04845049\",\"source_file\":\"data/russia_oil_power_infrastructure.csv\",\"source_line_or_record_id\":\"114055\",\"extractor_version\":\"unknown\",\"license_or_terms\":\"unknown\",\"confidence_contribution\":\"0.82\"}]","first_seen_build":"2026-09-21T09:07:38Z","last_seen_build":"2026-09-25T08:56:03Z","change_status":"unchanged","change_types":[],"changed_since_previous_build":"false","new_in_latest_build":"false","removed_from_latest_build":"false","source_archive_date":"2026-09-25T08:56:03Z","generation_type":"","primary_fuel":"","secondary_fuels":"","plant_role":"","technology":"","installed_capacity_mw":"","operational_status":"","classification_confidence":"","classification_confidence_score":"","classification_method":"","classification_sources":"","classification_notes":"","alternate_names":"","name_ru":"","match_score":"","match_method":"","matched_source_record_ids":"","is_nuclear":"","nuclear_status":"","reactor_count":"","operating_reactor_count":"","reactor_types":"","nuclear_reference_ids":"","radiological_risk":"","substation_type":"","voltage_kv":"","voltage_levels_kv":"","connected_generation_type":"","ecological_risk_category":"","political_significance":"","risk_assessment_status":"","references":[{"reference_id":"ref_8ec22e77713d6984","source_id":"russia_oil_power_map","source_name":"Russia Oil & Power Infrastructure Map","source_type":"map_layer","url":"https://russiaoilpowermap.com/data/custom_pins.json","archive_url":"","retrieved_at":"2026-09-25T08:56:03Z","source_record_id":"pin_6ab04709b49b77.04845049","source_file":"data/russia_oil_power_infrastructure.csv","source_line_or_record_id":"114055","extractor_version":"unknown","license_or_terms":"unknown","confidence_contribution":"0.82"}]}},{"type":"Feature","id":"infra_0a527947793dc9e5","geometry":{"type":"Point","coordinates":[38.239846,46.684776]},"properties":{"uid":"infra_0a527947793dc9e5","object_id":"infra_0a527947793dc9e5","source":"russia_oil_power_map","source_dataset":"Russia Oil & Power Infrastructure Map","source_id":"russia_oil_power_map","source_record_id":"pin_6ab0476ab3e211.61652335","source_url":"https://russiaoilpowermap.com/data/custom_pins.json","source_capture_date":"2026-09-25T08:56:03Z","source_layer":"custom_pins","source_reference_id":"ref_13dbc8b58fa3401f","source_name":"Russia Oil & Power Infrastructure Map","source_type":"map_layer","source_reliability":"B","license_or_terms":"unknown","name":"Yeysk Air Base","name_en":"","description":"","name_translated":"","description_translated":"","display_label":"Yeysk Air Base","asset_class":"other_infrastructure","asset_type":"other","asset_subtype":"military","domain":"other","status":"","operator":"","product":"","country":"Russia","country_code":"","country_source":"","countries":["Russia"],"source_country":"Russia","country_match_method":"point_in_boundary","region":"","region_translated":"","subdivision":"","inn":"","is_sanctioned":"","is_mass_director":"","is_mass_founder":"","is_disqualified_persons":"","geometry_type":"Point","latitude":"46.68477600","longitude":"38.23984600","centroid_latitude":"46.68477600","centroid_longitude":"38.23984600","map_latitude":"46.68477600","map_longitude":"38.23984600","start_latitude":"46.684776","start_longitude":"38.239846","end_latitude":"46.684776","end_longitude":"38.239846","coordinate_count":"1","length_km":"","has_point_location":"true","location_quality":"exact","coordinate_precision":"exact","coordinate_source":"","entity_confidence":"high","freshness":"recent","cross_source_support":"1","review_status":"unreviewed","confidence":"A","confidence_grade":"A","confidence_score":"1.00","selectable":"true","map_layer":"other_infrastructure","map_color":"#2a93d5","map_icon":"circle","risk_flags":"","subcategory":"other","transport_functions":"","un_locode":"","locode_country":"","locode_location":"","iata":"","remarks":"","source_date":"","detected_language":"en_or_unknown","translation_source":"","derived_subcategory":"logistics_storage","derived_subcategory_label":"Logistics & storage","derived_subcategory_confidence":"0.80","derived_subcategory_reason":"keyword match","possible_duplicate_group":"","search_text":"Yeysk Air Base Yeysk Air Base other_infrastructure other military other Russia Oil & Power Infrastructure Map custom_pins Logistics & storage","references_json":"[{\"reference_id\":\"ref_13dbc8b58fa3401f\",\"source_id\":\"russia_oil_power_map\",\"source_name\":\"Russia Oil & Power Infrastructure Map\",\"source_type\":\"map_layer\",\"url\":\"https://russiaoilpowermap.com/data/custom_pins.json\",\"archive_url\":\"\",\"retrieved_at\":\"2026-09-25T08:56:03Z\",\"source_record_id\":\"pin_6ab0476ab3e211.61652335\",\"source_file\":\"data/russia_oil_power_infrastructure.csv\",\"source_line_or_record_id\":\"114056\",\"extractor_version\":\"unknown\",\"license_or_terms\":\"unknown\",\"confidence_contribution\":\"0.82\"}]","first_seen_build":"2026-09-21T09:07:38Z","last_seen_build":"2026-09-25T08:56:03Z","change_status":"unchanged","change_types":[],"changed_since_previous_build":"false","new_in_latest_build":"false","removed_from_latest_build":"false","source_archive_date":"2026-09-25T08:56:03Z","generation_type":"","primary_fuel":"","secondary_fuels":"","plant_role":"","technology":"","installed_capacity_mw":"","operational_status":"","classification_confidence":"","classification_confidence_score":"","classification_method":"","classification_sources":"","classification_notes":"","alternate_names":"","name_ru":"","match_score":"","match_method":"","matched_source_record_ids":"","is_nuclear":"","nuclear_status":"","reactor_count":"","operating_reactor_count":"","reactor_types":"","nuclear_reference_ids":"","radiological_risk":"","substation_type":"","voltage_kv":"","voltage_levels_kv":"","connected_generation_type":"","ecological_risk_category":"","political_significance":"","risk_assessment_status":"","references":[{"reference_id":"ref_13dbc8b58fa3401f","source_id":"russia_oil_power_map","source_name":"Russia Oil & Power Infrastructure Map","source_type":"map_layer","url":"https://russiaoilpowermap.com/data/custom_pins.json","archive_url":"","retrieved_at":"2026-09-25T08:56:03Z","source_record_id":"pin_6ab0476ab3e211.61652335","source_file":"data/russia_oil_power_infrastructure.csv","source_line_or_record_id":"114056","extractor_version":"unknown","license_or_terms":"unknown","confidence_contribution":"0.82"}]}},{"type":"Feature","id":"infra_65be683a2ff376ec","geometry":{"type":"Point","coordinates":[38.226264,46.057762]},"properties":{"uid":"infra_65be683a2ff376ec","object_id":"infra_65be683a2ff376ec","source":"russia_oil_power_map","source_dataset":"Russia Oil & Power Infrastructure Map","source_id":"russia_oil_power_map","source_record_id":"pin_6ab0479b52b736.83209202","source_url":"https://russiaoilpowermap.com/data/custom_pins.json","source_capture_date":"2026-09-25T08:56:03Z","source_layer":"custom_pins","source_reference_id":"ref_70f1d8899dbc23a3","source_name":"Russia Oil & Power Infrastructure Map","source_type":"map_layer","source_reliability":"B","license_or_terms":"unknown","name":"Primorsko-Akhtarsk Air Base","name_en":"","description":"","name_translated":"","description_translated":"","display_label":"Primorsko-Akhtarsk Air Base","asset_class":"other_infrastructure","asset_type":"other","asset_subtype":"military","domain":"other","status":"","operator":"","product":"","country":"Russia","country_code":"","country_source":"","countries":["Russia"],"source_country":"Russia","country_match_method":"point_in_boundary","region":"","region_translated":"","subdivision":"","inn":"","is_sanctioned":"","is_mass_director":"","is_mass_founder":"","is_disqualified_persons":"","geometry_type":"Point","latitude":"46.05776200","longitude":"38.22626400","centroid_latitude":"46.05776200","centroid_longitude":"38.22626400","map_latitude":"46.05776200","map_longitude":"38.22626400","start_latitude":"46.057762","start_longitude":"38.226264","end_latitude":"46.057762","end_longitude":"38.226264","coordinate_count":"1","length_km":"","has_point_location":"true","location_quality":"exact","coordinate_precision":"exact","coordinate_source":"","entity_confidence":"high","freshness":"recent","cross_source_support":"1","review_status":"unreviewed","confidence":"A","confidence_grade":"A","confidence_score":"1.00","selectable":"true","map_layer":"other_infrastructure","map_color":"#2a93d5","map_icon":"circle","risk_flags":"","subcategory":"other","transport_functions":"","un_locode":"","locode_country":"","locode_location":"","iata":"","remarks":"","source_date":"","detected_language":"en_or_unknown","translation_source":"","derived_subcategory":"logistics_storage","derived_subcategory_label":"Logistics & storage","derived_subcategory_confidence":"0.80","derived_subcategory_reason":"keyword match","possible_duplicate_group":"","search_text":"Primorsko-Akhtarsk Air Base Primorsko-Akhtarsk Air Base other_infrastructure other military other Russia Oil & Power Infrastructure Map custom_pins Logistics & storage","references_json":"[{\"reference_id\":\"ref_70f1d8899dbc23a3\",\"source_id\":\"russia_oil_power_map\",\"source_name\":\"Russia Oil & Power Infrastructure Map\",\"source_type\":\"map_layer\",\"url\":\"https://russiaoilpowermap.com/data/custom_pins.json\",\"archive_url\":\"\",\"retrieved_at\":\"2026-09-25T08:56:03Z\",\"source_record_id\":\"pin_6ab0479b52b736.83209202\",\"source_file\":\"data/russia_oil_power_infrastructure.csv\",\"source_line_or_record_id\":\"114057\",\"extractor_version\":\"unknown\",\"license_or_terms\":\"unknown\",\"confidence_contribution\":\"0.82\"}]","first_seen_build":"2026-09-21T09:07:38Z","last_seen_build":"2026-09-25T08:56:03Z","change_status":"unchanged","change_types":[],"changed_since_previous_build":"false","new_in_latest_build":"false","removed_from_latest_build":"false","source_archive_date":"2026-09-25T08:56:03Z","generation_type":"","primary_fuel":"","secondary_fuels":"","plant_role":"","technology":"","installed_capacity_mw":"","operational_status":"","classification_confidence":"","classification_confidence_score":"","classification_method":"","classification_sources":"","classification_notes":"","alternate_names":"","name_ru":"","match_score":"","match_method":"","matched_source_record_ids":"","is_nuclear":"","nuclear_status":"","reactor_count":"","operating_reactor_count":"","reactor_types":"","nuclear_reference_ids":"","radiological_risk":"","substation_type":"","voltage_kv":"","voltage_levels_kv":"","connected_generation_type":"","ecological_risk_category":"","political_significance":"","risk_assessment_status":"","references":[{"reference_id":"ref_70f1d8899dbc23a3","source_id":"russia_oil_power_map","source_name":"Russia Oil & Power Infrastructure Map","source_type":"map_layer","url":"https://russiaoilpowermap.com/data/custom_pins.json","archive_url":"","retrieved_at":"2026-09-25T08:56:03Z","source_record_id":"pin_6ab0479b52b736.83209202","source_file":"data/russia_oil_power_infrastructure.csv","source_line_or_record_id":"114057","extractor_version":"unknown","license_or_terms":"unknown","confidence_contribution":"0.82"}]}},{"type":"Feature","id":"infra_55e7fa7c827c8268","geometry":{"type":"Point","coordinates":[37.376454,45.32477]},"properties":{"uid":"infra_55e7fa7c827c8268","object_id":"infra_55e7fa7c827c8268","source":"russia_oil_power_map","source_dataset":"Russia Oil & Power Infrastructure Map","source_id":"russia_oil_power_map","source_record_id":"pin_6ab0480173ad49.39044893","source_url":"https://russiaoilpowermap.com/data/custom_pins.json","source_capture_date":"2026-09-25T08:56:03Z","source_layer":"custom_pins","source_reference_id":"ref_3c76d348e60b2b74","source_name":"Russia Oil & Power Infrastructure Map","source_type":"map_layer","source_reliability":"B","license_or_terms":"unknown","name":"Temryuk Naval Base (Support Ships)","name_en":"","description":"","name_translated":"","description_translated":"","display_label":"Temryuk Naval Base (Support Ships)","asset_class":"other_infrastructure","asset_type":"other","asset_subtype":"military","domain":"other","status":"","operator":"","product":"","country":"Russia","country_code":"","country_source":"","countries":["Russia"],"source_country":"Russia","country_match_method":"point_in_boundary","region":"","region_translated":"","subdivision":"","inn":"","is_sanctioned":"","is_mass_director":"","is_mass_founder":"","is_disqualified_persons":"","geometry_type":"Point","latitude":"45.32477000","longitude":"37.37645400","centroid_latitude":"45.32477000","centroid_longitude":"37.37645400","map_latitude":"45.32477000","map_longitude":"37.37645400","start_latitude":"45.32477","start_longitude":"37.376454","end_latitude":"45.32477","end_longitude":"37.376454","coordinate_count":"1","length_km":"","has_point_location":"true","location_quality":"exact","coordinate_precision":"exact","coordinate_source":"","entity_confidence":"high","freshness":"recent","cross_source_support":"1","review_status":"unreviewed","confidence":"A","confidence_grade":"A","confidence_score":"1.00","selectable":"true","map_layer":"other_infrastructure","map_color":"#2a93d5","map_icon":"circle","risk_flags":"","subcategory":"other","transport_functions":"","un_locode":"","locode_country":"","locode_location":"","iata":"","remarks":"","source_date":"","detected_language":"en_or_unknown","translation_source":"","derived_subcategory":"naval_fleet_coast_guard","derived_subcategory_label":"Naval, fleet & coast guard","derived_subcategory_confidence":"0.86","derived_subcategory_reason":"keyword match","possible_duplicate_group":"","search_text":"Temryuk Naval Base (Support Ships) Temryuk Naval Base (Support Ships) other_infrastructure other military other Russia Oil & Power Infrastructure Map custom_pins Naval, fleet & coast guard","references_json":"[{\"reference_id\":\"ref_3c76d348e60b2b74\",\"source_id\":\"russia_oil_power_map\",\"source_name\":\"Russia Oil & Power Infrastructure Map\",\"source_type\":\"map_layer\",\"url\":\"https://russiaoilpowermap.com/data/custom_pins.json\",\"archive_url\":\"\",\"retrieved_at\":\"2026-09-25T08:56:03Z\",\"source_record_id\":\"pin_6ab0480173ad49.39044893\",\"source_file\":\"data/russia_oil_power_infrastructure.csv\",\"source_line_or_record_id\":\"114058\",\"extractor_version\":\"unknown\",\"license_or_terms\":\"unknown\",\"confidence_contribution\":\"0.82\"}]","first_seen_build":"2026-09-21T09:07:38Z","last_seen_build":"2026-09-25T08:56:03Z","change_status":"unchanged","change_types":[],"changed_since_previous_build":"false","new_in_latest_build":"false","removed_from_latest_build":"false","source_archive_date":"2026-09-25T08:56:03Z","generation_type":"","primary_fuel":"","secondary_fuels":"","plant_role":"","technology":"","installed_capacity_mw":"","operational_status":"","classification_confidence":"","classification_confidence_score":"","classification_method":"","classification_sources":"","classification_notes":"","alternate_names":"","name_ru":"","match_score":"","match_method":"","matched_source_record_ids":"","is_nuclear":"","nuclear_status":"","reactor_count":"","operating_reactor_count":"","reactor_types":"","nuclear_reference_ids":"","radiological_risk":"","substation_type":"","voltage_kv":"","voltage_levels_kv":"","connected_generation_type":"","ecological_risk_category":"","political_significance":"","risk_assessment_status":"","references":[{"reference_id":"ref_3c76d348e60b2b74","source_id":"russia_oil_power_map","source_name":"Russia Oil & Power Infrastructure Map","source_type":"map_layer","url":"https://russiaoilpowermap.com/data/custom_pins.json","archive_url":"","retrieved_at":"2026-09-25T08:56:03Z","source_record_id":"pin_6ab0480173ad49.39044893","source_file":"data/russia_oil_power_infrastructure.csv","source_line_or_record_id":"114058","extractor_version":"unknown","license_or_terms":"unknown","confidence_contribution":"0.82"}]}},{"type":"Feature","id":"infra_b6ca27dccb175b42","geometry":{"type":"Point","coordinates":[37.99186,44.957973]},"properties":{"uid":"infra_b6ca27dccb175b42","object_id":"infra_b6ca27dccb175b42","source":"russia_oil_power_map","source_dataset":"Russia Oil & Power Infrastructure Map","source_id":"russia_oil_power_map","source_record_id":"pin_6ab048285dd072.26538691","source_url":"https://russiaoilpowermap.com/data/custom_pins.json","source_capture_date":"2026-09-25T08:56:03Z","source_layer":"custom_pins","source_reference_id":"ref_40c197f593533f03","source_name":"Russia Oil & Power Infrastructure Map","source_type":"map_layer","source_reliability":"B","license_or_terms":"unknown","name":"Krymsk Air Base","name_en":"","description":"","name_translated":"","description_translated":"","display_label":"Krymsk Air Base","asset_class":"other_infrastructure","asset_type":"other","asset_subtype":"military","domain":"other","status":"","operator":"","product":"","country":"Russia","country_code":"","country_source":"","countries":["Russia"],"source_country":"Russia","country_match_method":"point_in_boundary","region":"","region_translated":"","subdivision":"","inn":"","is_sanctioned":"","is_mass_director":"","is_mass_founder":"","is_disqualified_persons":"","geometry_type":"Point","latitude":"44.95797300","longitude":"37.99186000","centroid_latitude":"44.95797300","centroid_longitude":"37.99186000","map_latitude":"44.95797300","map_longitude":"37.99186000","start_latitude":"44.957973","start_longitude":"37.99186","end_latitude":"44.957973","end_longitude":"37.99186","coordinate_count":"1","length_km":"","has_point_location":"true","location_quality":"exact","coordinate_precision":"exact","coordinate_source":"","entity_confidence":"high","freshness":"recent","cross_source_support":"1","review_status":"unreviewed","confidence":"A","confidence_grade":"A","confidence_score":"1.00","selectable":"true","map_layer":"other_infrastructure","map_color":"#2a93d5","map_icon":"circle","risk_flags":"","subcategory":"other","transport_functions":"","un_locode":"","locode_country":"","locode_location":"","iata":"","remarks":"","source_date":"","detected_language":"en_or_unknown","translation_source":"","derived_subcategory":"logistics_storage","derived_subcategory_label":"Logistics & storage","derived_subcategory_confidence":"0.80","derived_subcategory_reason":"keyword match","possible_duplicate_group":"","search_text":"Krymsk Air Base Krymsk Air Base other_infrastructure other military other Russia Oil & Power Infrastructure Map custom_pins Logistics & storage","references_json":"[{\"reference_id\":\"ref_40c197f593533f03\",\"source_id\":\"russia_oil_power_map\",\"source_name\":\"Russia Oil & Power Infrastructure Map\",\"source_type\":\"map_layer\",\"url\":\"https://russiaoilpowermap.com/data/custom_pins.json\",\"archive_url\":\"\",\"retrieved_at\":\"2026-09-25T08:56:03Z\",\"source_record_id\":\"pin_6ab048285dd072.26538691\",\"source_file\":\"data/russia_oil_power_infrastructure.csv\",\"source_line_or_record_id\":\"114059\",\"extractor_version\":\"unknown\",\"license_or_terms\":\"unknown\",\"confidence_contribution\":\"0.82\"}]","first_seen_build":"2026-09-21T09:07:38Z","last_seen_build":"2026-09-25T08:56:03Z","change_status":"unchanged","change_types":[],"changed_since_previous_build":"false","new_in_latest_build":"false","removed_from_latest_build":"false","source_archive_date":"2026-09-25T08:56:03Z","generation_type":"","primary_fuel":"","secondary_fuels":"","plant_role":"","technology":"","installed_capacity_mw":"","operational_status":"","classification_confidence":"","classification_confidence_score":"","classification_method":"","classification_sources":"","classification_notes":"","alternate_names":"","name_ru":"","match_score":"","match_method":"","matched_source_record_ids":"","is_nuclear":"","nuclear_status":"","reactor_count":"","operating_reactor_count":"","reactor_types":"","nuclear_reference_ids":"","radiological_risk":"","substation_type":"","voltage_kv":"","voltage_levels_kv":"","connected_generation_type":"","ecological_risk_category":"","political_significance":"","risk_assessment_status":"","references":[{"reference_id":"ref_40c197f593533f03","source_id":"russia_oil_power_map","source_name":"Russia Oil & Power Infrastructure Map","source_type":"map_layer","url":"https://russiaoilpowermap.com/data/custom_pins.json","archive_url":"","retrieved_at":"2026-09-25T08:56:03Z","source_record_id":"pin_6ab048285dd072.26538691","source_file":"data/russia_oil_power_infrastructure.csv","source_line_or_record_id":"114059","extractor_version":"unknown","license_or_terms":"unknown","confidence_contribution":"0.82"}]}},{"type":"Feature","id":"infra_22e00ed007b27c42","geometry":{"type":"Point","coordinates":[37.829629,44.718594]},"properties":{"uid":"infra_22e00ed007b27c42","object_id":"infra_22e00ed007b27c42","source":"russia_oil_power_map","source_dataset":"Russia Oil & Power Infrastructure Map","source_id":"russia_oil_power_map","source_record_id":"pin_6ab04857cd2054.93905901","source_url":"https://russiaoilpowermap.com/data/custom_pins.json","source_capture_date":"2026-09-25T08:56:03Z","source_layer":"custom_pins","source_reference_id":"ref_faa768c557ffa425","source_name":"Russia Oil & Power Infrastructure Map","source_type":"map_layer","source_reliability":"B","license_or_terms":"unknown","name":"Novorossiysk Naval Base","name_en":"","description":"","name_translated":"","description_translated":"","display_label":"Novorossiysk Naval Base","asset_class":"other_infrastructure","asset_type":"other","asset_subtype":"military","domain":"other","status":"","operator":"","product":"","country":"Russia","country_code":"","country_source":"","countries":["Russia"],"source_country":"Russia","country_match_method":"point_in_boundary","region":"","region_translated":"","subdivision":"","inn":"","is_sanctioned":"","is_mass_director":"","is_mass_founder":"","is_disqualified_persons":"","geometry_type":"Point","latitude":"44.71859400","longitude":"37.82962900","centroid_latitude":"44.71859400","centroid_longitude":"37.82962900","map_latitude":"44.71859400","map_longitude":"37.82962900","start_latitude":"44.718594","start_longitude":"37.829629","end_latitude":"44.718594","end_longitude":"37.829629","coordinate_count":"1","length_km":"","has_point_location":"true","location_quality":"exact","coordinate_precision":"exact","coordinate_source":"","entity_confidence":"high","freshness":"recent","cross_source_support":"1","review_status":"unreviewed","confidence":"A","confidence_grade":"A","confidence_score":"1.00","selectable":"true","map_layer":"other_infrastructure","map_color":"#2a93d5","map_icon":"circle","risk_flags":"","subcategory":"other","transport_functions":"","un_locode":"","locode_country":"","locode_location":"","iata":"","remarks":"","source_date":"","detected_language":"en_or_unknown","translation_source":"","derived_subcategory":"naval_fleet_coast_guard","derived_subcategory_label":"Naval, fleet & coast guard","derived_subcategory_confidence":"0.86","derived_subcategory_reason":"keyword match","possible_duplicate_group":"","search_text":"Novorossiysk Naval Base Novorossiysk Naval Base other_infrastructure other military other Russia Oil & Power Infrastructure Map custom_pins Naval, fleet & coast guard","references_json":"[{\"reference_id\":\"ref_faa768c557ffa425\",\"source_id\":\"russia_oil_power_map\",\"source_name\":\"Russia Oil & Power Infrastructure Map\",\"source_type\":\"map_layer\",\"url\":\"https://russiaoilpowermap.com/data/custom_pins.json\",\"archive_url\":\"\",\"retrieved_at\":\"2026-09-25T08:56:03Z\",\"source_record_id\":\"pin_6ab04857cd2054.93905901\",\"source_file\":\"data/russia_oil_power_infrastructure.csv\",\"source_line_or_record_id\":\"114060\",\"extractor_version\":\"unknown\",\"license_or_terms\":\"unknown\",\"confidence_contribution\":\"0.82\"}]","first_seen_build":"2026-09-21T09:07:38Z","last_seen_build":"2026-09-25T08:56:03Z","change_status":"unchanged","change_types":[],"changed_since_previous_build":"false","new_in_latest_build":"false","removed_from_latest_build":"false","source_archive_date":"2026-09-25T08:56:03Z","generation_type":"","primary_fuel":"","secondary_fuels":"","plant_role":"","technology":"","installed_capacity_mw":"","operational_status":"","classification_confidence":"","classification_confidence_score":"","classification_method":"","classification_sources":"","classification_notes":"","alternate_names":"","name_ru":"","match_score":"","match_method":"","matched_source_record_ids":"","is_nuclear":"","nuclear_status":"","reactor_count":"","operating_reactor_count":"","reactor_types":"","nuclear_reference_ids":"","radiological_risk":"","substation_type":"","voltage_kv":"","voltage_levels_kv":"","connected_generation_type":"","ecological_risk_category":"","political_significance":"","risk_assessment_status":"","references":[{"reference_id":"ref_faa768c557ffa425","source_id":"russia_oil_power_map","source_name":"Russia Oil & Power Infrastructure Map","source_type":"map_layer","url":"https://russiaoilpowermap.com/data/custom_pins.json","archive_url":"","retrieved_at":"2026-09-25T08:56:03Z","source_record_id":"pin_6ab04857cd2054.93905901","source_file":"data/russia_oil_power_infrastructure.csv","source_line_or_record_id":"114060","extractor_version":"unknown","license_or_terms":"unknown","confidence_contribution":"0.82"}]}},{"type":"Feature","id":"infra_8e39ecf0d4908d26","geometry":{"type":"Point","coordinates":[41.109402,44.972631]},"properties":{"uid":"infra_8e39ecf0d4908d26","object_id":"infra_8e39ecf0d4908d26","source":"russia_oil_power_map","source_dataset":"Russia Oil & Power Infrastructure Map","source_id":"russia_oil_power_map","source_record_id":"pin_6ab0497c644867.13950018","source_url":"https://russiaoilpowermap.com/data/custom_pins.json","source_capture_date":"2026-09-25T08:56:03Z","source_layer":"custom_pins","source_reference_id":"ref_4c1b684ebeff7764","source_name":"Russia Oil & Power Infrastructure Map","source_type":"map_layer","source_reliability":"B","license_or_terms":"unknown","name":"Armavir Air Base","name_en":"","description":"","name_translated":"","description_translated":"","display_label":"Armavir Air Base","asset_class":"other_infrastructure","asset_type":"other","asset_subtype":"military","domain":"other","status":"","operator":"","product":"","country":"Russia","country_code":"","country_source":"","countries":["Russia"],"source_country":"Russia","country_match_method":"point_in_boundary","region":"","region_translated":"","subdivision":"","inn":"","is_sanctioned":"","is_mass_director":"","is_mass_founder":"","is_disqualified_persons":"","geometry_type":"Point","latitude":"44.97263100","longitude":"41.10940200","centroid_latitude":"44.97263100","centroid_longitude":"41.10940200","map_latitude":"44.97263100","map_longitude":"41.10940200","start_latitude":"44.972631","start_longitude":"41.109402","end_latitude":"44.972631","end_longitude":"41.109402","coordinate_count":"1","length_km":"","has_point_location":"true","location_quality":"exact","coordinate_precision":"exact","coordinate_source":"","entity_confidence":"high","freshness":"recent","cross_source_support":"1","review_status":"unreviewed","confidence":"A","confidence_grade":"A","confidence_score":"1.00","selectable":"true","map_layer":"other_infrastructure","map_color":"#2a93d5","map_icon":"circle","risk_flags":"","subcategory":"other","transport_functions":"","un_locode":"","locode_country":"","locode_location":"","iata":"","remarks":"","source_date":"","detected_language":"en_or_unknown","translation_source":"","derived_subcategory":"logistics_storage","derived_subcategory_label":"Logistics & storage","derived_subcategory_confidence":"0.80","derived_subcategory_reason":"keyword match","possible_duplicate_group":"","search_text":"Armavir Air Base Armavir Air Base other_infrastructure other military other Russia Oil & Power Infrastructure Map custom_pins Logistics & storage","references_json":"[{\"reference_id\":\"ref_4c1b684ebeff7764\",\"source_id\":\"russia_oil_power_map\",\"source_name\":\"Russia Oil & Power Infrastructure Map\",\"source_type\":\"map_layer\",\"url\":\"https://russiaoilpowermap.com/data/custom_pins.json\",\"archive_url\":\"\",\"retrieved_at\":\"2026-09-25T08:56:03Z\",\"source_record_id\":\"pin_6ab0497c644867.13950018\",\"source_file\":\"data/russia_oil_power_infrastructure.csv\",\"source_line_or_record_id\":\"114061\",\"extractor_version\":\"unknown\",\"license_or_terms\":\"unknown\",\"confidence_contribution\":\"0.82\"}]","first_seen_build":"2026-09-21T09:07:38Z","last_seen_build":"2026-09-25T08:56:03Z","change_status":"unchanged","change_types":[],"changed_since_previous_build":"false","new_in_latest_build":"false","removed_from_latest_build":"false","source_archive_date":"2026-09-25T08:56:03Z","generation_type":"","primary_fuel":"","secondary_fuels":"","plant_role":"","technology":"","installed_capacity_mw":"","operational_status":"","classification_confidence":"","classification_confidence_score":"","classification_method":"","classification_sources":"","classification_notes":"","alternate_names":"","name_ru":"","match_score":"","match_method":"","matched_source_record_ids":"","is_nuclear":"","nuclear_status":"","reactor_count":"","operating_reactor_count":"","reactor_types":"","nuclear_reference_ids":"","radiological_risk":"","substation_type":"","voltage_kv":"","voltage_levels_kv":"","connected_generation_type":"","ecological_risk_category":"","political_significance":"","risk_assessment_status":"","references":[{"reference_id":"ref_4c1b684ebeff7764","source_id":"russia_oil_power_map","source_name":"Russia Oil & Power Infrastructure Map","source_type":"map_layer","url":"https://russiaoilpowermap.com/data/custom_pins.json","archive_url":"","retrieved_at":"2026-09-25T08:56:03Z","source_record_id":"pin_6ab0497c644867.13950018","source_file":"data/russia_oil_power_infrastructure.csv","source_line_or_record_id":"114061","extractor_version":"unknown","license_or_terms":"unknown","confidence_contribution":"0.82"}]}},{"type":"Feature","id":"infra_107bc21dce93ee5f","geometry":{"type":"Point","coordinates":[40.037988,44.683454]},"properties":{"uid":"infra_107bc21dce93ee5f","object_id":"infra_107bc21dce93ee5f","source":"russia_oil_power_map","source_dataset":"Russia Oil & Power Infrastructure Map","source_id":"russia_oil_power_map","source_record_id":"pin_6ab049ba04c573.45808841","source_url":"https://russiaoilpowermap.com/data/custom_pins.json","source_capture_date":"2026-09-25T08:56:03Z","source_layer":"custom_pins","source_reference_id":"ref_eec236c744643a1e","source_name":"Russia Oil & Power Infrastructure Map","source_type":"map_layer","source_reliability":"B","license_or_terms":"unknown","name":"Khanskaya Air Base","name_en":"","description":"","name_translated":"","description_translated":"","display_label":"Khanskaya Air Base","asset_class":"other_infrastructure","asset_type":"other","asset_subtype":"military","domain":"other","status":"","operator":"","product":"","country":"Russia","country_code":"","country_source":"","countries":["Russia"],"source_country":"Russia","country_match_method":"point_in_boundary","region":"","region_translated":"","subdivision":"","inn":"","is_sanctioned":"","is_mass_director":"","is_mass_founder":"","is_disqualified_persons":"","geometry_type":"Point","latitude":"44.68345400","longitude":"40.03798800","centroid_latitude":"44.68345400","centroid_longitude":"40.03798800","map_latitude":"44.68345400","map_longitude":"40.03798800","start_latitude":"44.683454","start_longitude":"40.037988","end_latitude":"44.683454","end_longitude":"40.037988","coordinate_count":"1","length_km":"","has_point_location":"true","location_quality":"exact","coordinate_precision":"exact","coordinate_source":"","entity_confidence":"high","freshness":"recent","cross_source_support":"1","review_status":"unreviewed","confidence":"A","confidence_grade":"A","confidence_score":"1.00","selectable":"true","map_layer":"other_infrastructure","map_color":"#2a93d5","map_icon":"circle","risk_flags":"","subcategory":"other","transport_functions":"","un_locode":"","locode_country":"","locode_location":"","iata":"","remarks":"","source_date":"","detected_language":"en_or_unknown","translation_source":"","derived_subcategory":"logistics_storage","derived_subcategory_label":"Logistics & storage","derived_subcategory_confidence":"0.80","derived_subcategory_reason":"keyword match","possible_duplicate_group":"","search_text":"Khanskaya Air Base Khanskaya Air Base other_infrastructure other military other Russia Oil & Power Infrastructure Map custom_pins Logistics & storage","references_json":"[{\"reference_id\":\"ref_eec236c744643a1e\",\"source_id\":\"russia_oil_power_map\",\"source_name\":\"Russia Oil & Power Infrastructure Map\",\"source_type\":\"map_layer\",\"url\":\"https://russiaoilpowermap.com/data/custom_pins.json\",\"archive_url\":\"\",\"retrieved_at\":\"2026-09-25T08:56:03Z\",\"source_record_id\":\"pin_6ab049ba04c573.45808841\",\"source_file\":\"data/russia_oil_power_infrastructure.csv\",\"source_line_or_record_id\":\"114062\",\"extractor_version\":\"unknown\",\"license_or_terms\":\"unknown\",\"confidence_contribution\":\"0.82\"}]","first_seen_build":"2026-09-21T09:07:38Z","last_seen_build":"2026-09-25T08:56:03Z","change_status":"unchanged","change_types":[],"changed_since_previous_build":"false","new_in_latest_build":"false","removed_from_latest_build":"false","source_archive_date":"2026-09-25T08:56:03Z","generation_type":"","primary_fuel":"","secondary_fuels":"","plant_role":"","technology":"","installed_capacity_mw":"","operational_status":"","classification_confidence":"","classification_confidence_score":"","classification_method":"","classification_sources":"","classification_notes":"","alternate_names":"","name_ru":"","match_score":"","match_method":"","matched_source_record_ids":"","is_nuclear":"","nuclear_status":"","reactor_count":"","operating_reactor_count":"","reactor_types":"","nuclear_reference_ids":"","radiological_risk":"","substation_type":"","voltage_kv":"","voltage_levels_kv":"","connected_generation_type":"","ecological_risk_category":"","political_significance":"","risk_assessment_status":"","references":[{"reference_id":"ref_eec236c744643a1e","source_id":"russia_oil_power_map","source_name":"Russia Oil & Power Infrastructure Map","source_type":"map_layer","url":"https://russiaoilpowermap.com/data/custom_pins.json","archive_url":"","retrieved_at":"2026-09-25T08:56:03Z","source_record_id":"pin_6ab049ba04c573.45808841","source_file":"data/russia_oil_power_infrastructure.csv","source_line_or_record_id":"114062","extractor_version":"unknown","license_or_terms":"unknown","confidence_contribution":"0.82"}]}},{"type":"Feature","id":"infra_1b69166bdd47f352","geometry":{"type":"Point","coordinates":[39.937154,43.438501]},"properties":{"uid":"infra_1b69166bdd47f352","object_id":"infra_1b69166bdd47f352","source":"russia_oil_power_map","source_dataset":"Russia Oil & Power Infrastructure Map","source_id":"russia_oil_power_map","source_record_id":"pin_6ab04a4a76a055.78369729","source_url":"https://russiaoilpowermap.com/data/custom_pins.json","source_capture_date":"2026-09-25T08:56:03Z","source_layer":"custom_pins","source_reference_id":"ref_ea57ab1f47f746b8","source_name":"Russia Oil & Power Infrastructure Map","source_type":"map_layer","source_reliability":"B","license_or_terms":"unknown","name":"Sochi Air Base","name_en":"","description":"","name_translated":"","description_translated":"","display_label":"Sochi Air Base","asset_class":"other_infrastructure","asset_type":"other","asset_subtype":"military","domain":"other","status":"","operator":"","product":"","country":"Unknown","country_code":"","country_source":"","countries":["Unknown"],"source_country":"Russia","country_match_method":"no_boundary_match","region":"","region_translated":"","subdivision":"","inn":"","is_sanctioned":"","is_mass_director":"","is_mass_founder":"","is_disqualified_persons":"","geometry_type":"Point","latitude":"43.43850100","longitude":"39.93715400","centroid_latitude":"43.43850100","centroid_longitude":"39.93715400","map_latitude":"43.43850100","map_longitude":"39.93715400","start_latitude":"43.438501","start_longitude":"39.937154","end_latitude":"43.438501","end_longitude":"39.937154","coordinate_count":"1","length_km":"","has_point_location":"true","location_quality":"exact","coordinate_precision":"exact","coordinate_source":"","entity_confidence":"high","freshness":"recent","cross_source_support":"1","review_status":"unreviewed","confidence":"A","confidence_grade":"A","confidence_score":"1.00","selectable":"true","map_layer":"other_infrastructure","map_color":"#2a93d5","map_icon":"circle","risk_flags":"","subcategory":"other","transport_functions":"","un_locode":"","locode_country":"","locode_location":"","iata":"","remarks":"","source_date":"","detected_language":"en_or_unknown","translation_source":"","derived_subcategory":"logistics_storage","derived_subcategory_label":"Logistics & storage","derived_subcategory_confidence":"0.80","derived_subcategory_reason":"keyword match","possible_duplicate_group":"","search_text":"Sochi Air Base Sochi Air Base other_infrastructure other military other Russia Oil & Power Infrastructure Map custom_pins Logistics & storage","references_json":"[{\"reference_id\":\"ref_ea57ab1f47f746b8\",\"source_id\":\"russia_oil_power_map\",\"source_name\":\"Russia Oil & Power Infrastructure Map\",\"source_type\":\"map_layer\",\"url\":\"https://russiaoilpowermap.com/data/custom_pins.json\",\"archive_url\":\"\",\"retrieved_at\":\"2026-09-25T08:56:03Z\",\"source_record_id\":\"pin_6ab04a4a76a055.78369729\",\"source_file\":\"data/russia_oil_power_infrastructure.csv\",\"source_line_or_record_id\":\"114063\",\"extractor_version\":\"unknown\",\"license_or_terms\":\"unknown\",\"confidence_contribution\":\"0.82\"}]","first_seen_build":"2026-09-21T09:07:38Z","last_seen_build":"2026-09-25T08:56:03Z","change_status":"unchanged","change_types":[],"changed_since_previous_build":"false","new_in_latest_build":"false","removed_from_latest_build":"false","source_archive_date":"2026-09-25T08:56:03Z","generation_type":"","primary_fuel":"","secondary_fuels":"","plant_role":"","technology":"","installed_capacity_mw":"","operational_status":"","classification_confidence":"","classification_confidence_score":"","classification_method":"","classification_sources":"","classification_notes":"","alternate_names":"","name_ru":"","match_score":"","match_method":"","matched_source_record_ids":"","is_nuclear":"","nuclear_status":"","reactor_count":"","operating_reactor_count":"","reactor_types":"","nuclear_reference_ids":"","radiological_risk":"","substation_type":"","voltage_kv":"","voltage_levels_kv":"","connected_generation_type":"","ecological_risk_category":"","political_significance":"","risk_assessment_status":"","references":[{"reference_id":"ref_ea57ab1f47f746b8","source_id":"russia_oil_power_map","source_name":"Russia Oil & Power Infrastructure Map","source_type":"map_layer","url":"https://russiaoilpowermap.com/data/custom_pins.json","archive_url":"","retrieved_at":"2026-09-25T08:56:03Z","source_record_id":"pin_6ab04a4a76a055.78369729","source_file":"data/russia_oil_power_infrastructure.csv","source_line_or_record_id":"114063","extractor_version":"unknown","license_or_terms":"unknown","confidence_contribution":"0.82"}]}},{"type":"Feature","id":"infra_9769b41ee3139336","geometry":{"type":"Point","coordinates":[43.098727,47.63754]},"properties":{"uid":"infra_9769b41ee3139336","object_id":"infra_9769b41ee3139336","source":"russia_oil_power_map","source_dataset":"Russia Oil & Power Infrastructure Map","source_id":"russia_oil_power_map","source_record_id":"pin_6ab04ab88e1801.06443969","source_url":"https://russiaoilpowermap.com/data/custom_pins.json","source_capture_date":"2026-09-25T08:56:03Z","source_layer":"custom_pins","source_reference_id":"ref_ab78747ca8e5ee34","source_name":"Russia Oil & Power Infrastructure Map","source_type":"map_layer","source_reliability":"B","license_or_terms":"unknown","name":"Kotelnikovo Air Base (Training)","name_en":"","description":"","name_translated":"","description_translated":"","display_label":"Kotelnikovo Air Base (Training)","asset_class":"other_infrastructure","asset_type":"other","asset_subtype":"military","domain":"other","status":"","operator":"","product":"","country":"Russia","country_code":"","country_source":"","countries":["Russia"],"source_country":"Russia","country_match_method":"point_in_boundary","region":"","region_translated":"","subdivision":"","inn":"","is_sanctioned":"","is_mass_director":"","is_mass_founder":"","is_disqualified_persons":"","geometry_type":"Point","latitude":"47.63754000","longitude":"43.09872700","centroid_latitude":"47.63754000","centroid_longitude":"43.09872700","map_latitude":"47.63754000","map_longitude":"43.09872700","start_latitude":"47.63754","start_longitude":"43.098727","end_latitude":"47.63754","end_longitude":"43.098727","coordinate_count":"1","length_km":"","has_point_location":"true","location_quality":"exact","coordinate_precision":"exact","coordinate_source":"","entity_confidence":"high","freshness":"recent","cross_source_support":"1","review_status":"unreviewed","confidence":"A","confidence_grade":"A","confidence_score":"1.00","selectable":"true","map_layer":"other_infrastructure","map_color":"#2a93d5","map_icon":"circle","risk_flags":"","subcategory":"other","transport_functions":"","un_locode":"","locode_country":"","locode_location":"","iata":"","remarks":"","source_date":"","detected_language":"en_or_unknown","translation_source":"","derived_subcategory":"training_education","derived_subcategory_label":"Training & education","derived_subcategory_confidence":"0.82","derived_subcategory_reason":"keyword match","possible_duplicate_group":"","search_text":"Kotelnikovo Air Base (Training) Kotelnikovo Air Base (Training) other_infrastructure other military other Russia Oil & Power Infrastructure Map custom_pins Training & education","references_json":"[{\"reference_id\":\"ref_ab78747ca8e5ee34\",\"source_id\":\"russia_oil_power_map\",\"source_name\":\"Russia Oil & Power Infrastructure Map\",\"source_type\":\"map_layer\",\"url\":\"https://russiaoilpowermap.com/data/custom_pins.json\",\"archive_url\":\"\",\"retrieved_at\":\"2026-09-25T08:56:03Z\",\"source_record_id\":\"pin_6ab04ab88e1801.06443969\",\"source_file\":\"data/russia_oil_power_infrastructure.csv\",\"source_line_or_record_id\":\"114064\",\"extractor_version\":\"unknown\",\"license_or_terms\":\"unknown\",\"confidence_contribution\":\"0.82\"}]","first_seen_build":"2026-09-21T09:07:38Z","last_seen_build":"2026-09-25T08:56:03Z","change_status":"unchanged","change_types":[],"changed_since_previous_build":"false","new_in_latest_build":"false","removed_from_latest_build":"false","source_archive_date":"2026-09-25T08:56:03Z","generation_type":"","primary_fuel":"","secondary_fuels":"","plant_role":"","technology":"","installed_capacity_mw":"","operational_status":"","classification_confidence":"","classification_confidence_score":"","classification_method":"","classification_sources":"","classification_notes":"","alternate_names":"","name_ru":"","match_score":"","match_method":"","matched_source_record_ids":"","is_nuclear":"","nuclear_status":"","reactor_count":"","operating_reactor_count":"","reactor_types":"","nuclear_reference_ids":"","radiological_risk":"","substation_type":"","voltage_kv":"","voltage_levels_kv":"","connected_generation_type":"","ecological_risk_category":"","political_significance":"","risk_assessment_status":"","references":[{"reference_id":"ref_ab78747ca8e5ee34","source_id":"russia_oil_power_map","source_name":"Russia Oil & Power Infrastructure Map","source_type":"map_layer","url":"https://russiaoilpowermap.com/data/custom_pins.json","archive_url":"","retrieved_at":"2026-09-25T08:56:03Z","source_record_id":"pin_6ab04ab88e1801.06443969","source_file":"data/russia_oil_power_infrastructure.csv","source_line_or_record_id":"114064","extractor_version":"unknown","license_or_terms":"unknown","confidence_contribution":"0.82"}]}},{"type":"Feature","id":"infra_3623458ce4234b04","geometry":{"type":"Point","coordinates":[41.785877,48.314733]},"properties":{"uid":"infra_3623458ce4234b04","object_id":"infra_3623458ce4234b04","source":"russia_oil_power_map","source_dataset":"Russia Oil & Power Infrastructure Map","source_id":"russia_oil_power_map","source_record_id":"pin_6ab04aebe90cf8.42858458","source_url":"https://russiaoilpowermap.com/data/custom_pins.json","source_capture_date":"2026-09-25T08:56:03Z","source_layer":"custom_pins","source_reference_id":"ref_c0d3fd789475e27b","source_name":"Russia Oil & Power Infrastructure Map","source_type":"map_layer","source_reliability":"B","license_or_terms":"unknown","name":"Morozovsk Air Base","name_en":"","description":"","name_translated":"","description_translated":"","display_label":"Morozovsk Air Base","asset_class":"other_infrastructure","asset_type":"other","asset_subtype":"military","domain":"other","status":"","operator":"","product":"","country":"Russia","country_code":"","country_source":"","countries":["Russia"],"source_country":"Russia","country_match_method":"point_in_boundary","region":"","region_translated":"","subdivision":"","inn":"","is_sanctioned":"","is_mass_director":"","is_mass_founder":"","is_disqualified_persons":"","geometry_type":"Point","latitude":"48.31473300","longitude":"41.78587700","centroid_latitude":"48.31473300","centroid_longitude":"41.78587700","map_latitude":"48.31473300","map_longitude":"41.78587700","start_latitude":"48.314733","start_longitude":"41.785877","end_latitude":"48.314733","end_longitude":"41.785877","coordinate_count":"1","length_km":"","has_point_location":"true","location_quality":"exact","coordinate_precision":"exact","coordinate_source":"","entity_confidence":"high","freshness":"recent","cross_source_support":"1","review_status":"unreviewed","confidence":"A","confidence_grade":"A","confidence_score":"1.00","selectable":"true","map_layer":"other_infrastructure","map_color":"#2a93d5","map_icon":"circle","risk_flags":"","subcategory":"other","transport_functions":"","un_locode":"","locode_country":"","locode_location":"","iata":"","remarks":"","source_date":"","detected_language":"en_or_unknown","translation_source":"","derived_subcategory":"logistics_storage","derived_subcategory_label":"Logistics & storage","derived_subcategory_confidence":"0.80","derived_subcategory_reason":"keyword match","possible_duplicate_group":"","search_text":"Morozovsk Air Base Morozovsk Air Base other_infrastructure other military other Russia Oil & Power Infrastructure Map custom_pins Logistics & storage","references_json":"[{\"reference_id\":\"ref_c0d3fd789475e27b\",\"source_id\":\"russia_oil_power_map\",\"source_name\":\"Russia Oil & Power Infrastructure Map\",\"source_type\":\"map_layer\",\"url\":\"https://russiaoilpowermap.com/data/custom_pins.json\",\"archive_url\":\"\",\"retrieved_at\":\"2026-09-25T08:56:03Z\",\"source_record_id\":\"pin_6ab04aebe90cf8.42858458\",\"source_file\":\"data/russia_oil_power_infrastructure.csv\",\"source_line_or_record_id\":\"114065\",\"extractor_version\":\"unknown\",\"license_or_terms\":\"unknown\",\"confidence_contribution\":\"0.82\"}]","first_seen_build":"2026-09-21T09:07:38Z","last_seen_build":"2026-09-25T08:56:03Z","change_status":"unchanged","change_types":[],"changed_since_previous_build":"false","new_in_latest_build":"false","removed_from_latest_build":"false","source_archive_date":"2026-09-25T08:56:03Z","generation_type":"","primary_fuel":"","secondary_fuels":"","plant_role":"","technology":"","installed_capacity_mw":"","operational_status":"","classification_confidence":"","classification_confidence_score":"","classification_method":"","classification_sources":"","classification_notes":"","alternate_names":"","name_ru":"","match_score":"","match_method":"","matched_source_record_ids":"","is_nuclear":"","nuclear_status":"","reactor_count":"","operating_reactor_count":"","reactor_types":"","nuclear_reference_ids":"","radiological_risk":"","substation_type":"","voltage_kv":"","voltage_levels_kv":"","connected_generation_type":"","ecological_risk_category":"","political_significance":"","risk_assessment_status":"","references":[{"reference_id":"ref_c0d3fd789475e27b","source_id":"russia_oil_power_map","source_name":"Russia Oil & Power Infrastructure Map","source_type":"map_layer","url":"https://russiaoilpowermap.com/data/custom_pins.json","archive_url":"","retrieved_at":"2026-09-25T08:56:03Z","source_record_id":"pin_6ab04aebe90cf8.42858458","source_file":"data/russia_oil_power_infrastructure.csv","source_line_or_record_id":"114065","extractor_version":"unknown","license_or_terms":"unknown","confidence_contribution":"0.82"}]}},{"type":"Feature","id":"infra_f4bdccb6599c9cf0","geometry":{"type":"Point","coordinates":[43.778656,48.637021]},"properties":{"uid":"infra_f4bdccb6599c9cf0","object_id":"infra_f4bdccb6599c9cf0","source":"russia_oil_power_map","source_dataset":"Russia Oil & Power Infrastructure Map","source_id":"russia_oil_power_map","source_record_id":"pin_6ab04b10aec701.45092696","source_url":"https://russiaoilpowermap.com/data/custom_pins.json","source_capture_date":"2026-09-25T08:56:03Z","source_layer":"custom_pins","source_reference_id":"ref_c91023d62c51872e","source_name":"Russia Oil & Power Infrastructure Map","source_type":"map_layer","source_reliability":"B","license_or_terms":"unknown","name":"Marinovka Air Base","name_en":"","description":"","name_translated":"","description_translated":"","display_label":"Marinovka Air Base","asset_class":"other_infrastructure","asset_type":"other","asset_subtype":"military","domain":"other","status":"","operator":"","product":"","country":"Russia","country_code":"","country_source":"","countries":["Russia"],"source_country":"Russia","country_match_method":"point_in_boundary","region":"","region_translated":"","subdivision":"","inn":"","is_sanctioned":"","is_mass_director":"","is_mass_founder":"","is_disqualified_persons":"","geometry_type":"Point","latitude":"48.63702100","longitude":"43.77865600","centroid_latitude":"48.63702100","centroid_longitude":"43.77865600","map_latitude":"48.63702100","map_longitude":"43.77865600","start_latitude":"48.637021","start_longitude":"43.778656","end_latitude":"48.637021","end_longitude":"43.778656","coordinate_count":"1","length_km":"","has_point_location":"true","location_quality":"exact","coordinate_precision":"exact","coordinate_source":"","entity_confidence":"high","freshness":"recent","cross_source_support":"1","review_status":"unreviewed","confidence":"A","confidence_grade":"A","confidence_score":"1.00","selectable":"true","map_layer":"other_infrastructure","map_color":"#2a93d5","map_icon":"circle","risk_flags":"","subcategory":"other","transport_functions":"","un_locode":"","locode_country":"","locode_location":"","iata":"","remarks":"","source_date":"","detected_language":"en_or_unknown","translation_source":"","derived_subcategory":"logistics_storage","derived_subcategory_label":"Logistics & storage","derived_subcategory_confidence":"0.80","derived_subcategory_reason":"keyword match","possible_duplicate_group":"","search_text":"Marinovka Air Base Marinovka Air Base other_infrastructure other military other Russia Oil & Power Infrastructure Map custom_pins Logistics & storage","references_json":"[{\"reference_id\":\"ref_c91023d62c51872e\",\"source_id\":\"russia_oil_power_map\",\"source_name\":\"Russia Oil & Power Infrastructure Map\",\"source_type\":\"map_layer\",\"url\":\"https://russiaoilpowermap.com/data/custom_pins.json\",\"archive_url\":\"\",\"retrieved_at\":\"2026-09-25T08:56:03Z\",\"source_record_id\":\"pin_6ab04b10aec701.45092696\",\"source_file\":\"data/russia_oil_power_infrastructure.csv\",\"source_line_or_record_id\":\"114066\",\"extractor_version\":\"unknown\",\"license_or_terms\":\"unknown\",\"confidence_contribution\":\"0.82\"}]","first_seen_build":"2026-09-21T09:07:38Z","last_seen_build":"2026-09-25T08:56:03Z","change_status":"unchanged","change_types":[],"changed_since_previous_build":"false","new_in_latest_build":"false","removed_from_latest_build":"false","source_archive_date":"2026-09-25T08:56:03Z","generation_type":"","primary_fuel":"","secondary_fuels":"","plant_role":"","technology":"","installed_capacity_mw":"","operational_status":"","classification_confidence":"","classification_confidence_score":"","classification_method":"","classification_sources":"","classification_notes":"","alternate_names":"","name_ru":"","match_score":"","match_method":"","matched_source_record_ids":"","is_nuclear":"","nuclear_status":"","reactor_count":"","operating_reactor_count":"","reactor_types":"","nuclear_reference_ids":"","radiological_risk":"","substation_type":"","voltage_kv":"","voltage_levels_kv":"","connected_generation_type":"","ecological_risk_category":"","political_significance":"","risk_assessment_status":"","references":[{"reference_id":"ref_c91023d62c51872e","source_id":"russia_oil_power_map","source_name":"Russia Oil & Power Infrastructure Map","source_type":"map_layer","url":"https://russiaoilpowermap.com/data/custom_pins.json","archive_url":"","retrieved_at":"2026-09-25T08:56:03Z","source_record_id":"pin_6ab04b10aec701.45092696","source_file":"data/russia_oil_power_infrastructure.csv","source_line_or_record_id":"114066","extractor_version":"unknown","license_or_terms":"unknown","confidence_contribution":"0.82"}]}},{"type":"Feature","id":"infra_6b877050ec41c840","geometry":{"type":"Point","coordinates":[40.302519,48.952459]},"properties":{"uid":"infra_6b877050ec41c840","object_id":"infra_6b877050ec41c840","source":"russia_oil_power_map","source_dataset":"Russia Oil & Power Infrastructure Map","source_id":"russia_oil_power_map","source_record_id":"pin_6ab04b3181e0f8.28471394","source_url":"https://russiaoilpowermap.com/data/custom_pins.json","source_capture_date":"2026-09-25T08:56:03Z","source_layer":"custom_pins","source_reference_id":"ref_064e1461bb8a5f13","source_name":"Russia Oil & Power Infrastructure Map","source_type":"map_layer","source_reliability":"B","license_or_terms":"unknown","name":"Millerovo Air Base","name_en":"","description":"","name_translated":"","description_translated":"","display_label":"Millerovo Air Base","asset_class":"other_infrastructure","asset_type":"other","asset_subtype":"military","domain":"other","status":"","operator":"","product":"","country":"Russia","country_code":"","country_source":"","countries":["Russia"],"source_country":"Russia","country_match_method":"point_in_boundary","region":"","region_translated":"","subdivision":"","inn":"","is_sanctioned":"","is_mass_director":"","is_mass_founder":"","is_disqualified_persons":"","geometry_type":"Point","latitude":"48.95245900","longitude":"40.30251900","centroid_latitude":"48.95245900","centroid_longitude":"40.30251900","map_latitude":"48.95245900","map_longitude":"40.30251900","start_latitude":"48.952459","start_longitude":"40.302519","end_latitude":"48.952459","end_longitude":"40.302519","coordinate_count":"1","length_km":"","has_point_location":"true","location_quality":"exact","coordinate_precision":"exact","coordinate_source":"","entity_confidence":"high","freshness":"recent","cross_source_support":"1","review_status":"unreviewed","confidence":"A","confidence_grade":"A","confidence_score":"1.00","selectable":"true","map_layer":"other_infrastructure","map_color":"#2a93d5","map_icon":"circle","risk_flags":"","subcategory":"other","transport_functions":"","un_locode":"","locode_country":"","locode_location":"","iata":"","remarks":"","source_date":"","detected_language":"en_or_unknown","translation_source":"","derived_subcategory":"logistics_storage","derived_subcategory_label":"Logistics & storage","derived_subcategory_confidence":"0.80","derived_subcategory_reason":"keyword match","possible_duplicate_group":"","search_text":"Millerovo Air Base Millerovo Air Base other_infrastructure other military other Russia Oil & Power Infrastructure Map custom_pins Logistics & storage","references_json":"[{\"reference_id\":\"ref_064e1461bb8a5f13\",\"source_id\":\"russia_oil_power_map\",\"source_name\":\"Russia Oil & Power Infrastructure Map\",\"source_type\":\"map_layer\",\"url\":\"https://russiaoilpowermap.com/data/custom_pins.json\",\"archive_url\":\"\",\"retrieved_at\":\"2026-09-25T08:56:03Z\",\"source_record_id\":\"pin_6ab04b3181e0f8.28471394\",\"source_file\":\"data/russia_oil_power_infrastructure.csv\",\"source_line_or_record_id\":\"114067\",\"extractor_version\":\"unknown\",\"license_or_terms\":\"unknown\",\"confidence_contribution\":\"0.82\"}]","first_seen_build":"2026-09-21T09:07:38Z","last_seen_build":"2026-09-25T08:56:03Z","change_status":"unchanged","change_types":[],"changed_since_previous_build":"false","new_in_latest_build":"false","removed_from_latest_build":"false","source_archive_date":"2026-09-25T08:56:03Z","generation_type":"","primary_fuel":"","secondary_fuels":"","plant_role":"","technology":"","installed_capacity_mw":"","operational_status":"","classification_confidence":"","classification_confidence_score":"","classification_method":"","classification_sources":"","classification_notes":"","alternate_names":"","name_ru":"","match_score":"","match_method":"","matched_source_record_ids":"","is_nuclear":"","nuclear_status":"","reactor_count":"","operating_reactor_count":"","reactor_types":"","nuclear_reference_ids":"","radiological_risk":"","substation_type":"","voltage_kv":"","voltage_levels_kv":"","connected_generation_type":"","ecological_risk_category":"","political_significance":"","risk_assessment_status":"","references":[{"reference_id":"ref_064e1461bb8a5f13","source_id":"russia_oil_power_map","source_name":"Russia Oil & Power Infrastructure Map","source_type":"map_layer","url":"https://russiaoilpowermap.com/data/custom_pins.json","archive_url":"","retrieved_at":"2026-09-25T08:56:03Z","source_record_id":"pin_6ab04b3181e0f8.28471394","source_file":"data/russia_oil_power_infrastructure.csv","source_line_or_record_id":"114067","extractor_version":"unknown","license_or_terms":"unknown","confidence_contribution":"0.82"}]}},{"type":"Feature","id":"infra_1de4043e9efcfc18","geometry":{"type":"Point","coordinates":[40.60387,50.796252]},"properties":{"uid":"infra_1de4043e9efcfc18","object_id":"infra_1de4043e9efcfc18","source":"russia_oil_power_map","source_dataset":"Russia Oil & Power Infrastructure Map","source_id":"russia_oil_power_map","source_record_id":"pin_6ab04be531e0f7.65740261","source_url":"https://russiaoilpowermap.com/data/custom_pins.json","source_capture_date":"2026-09-25T08:56:03Z","source_layer":"custom_pins","source_reference_id":"ref_66bd718c1ecf81e3","source_name":"Russia Oil & Power Infrastructure Map","source_type":"map_layer","source_reliability":"B","license_or_terms":"unknown","name":"Buturlinovka Air Base","name_en":"","description":"","name_translated":"","description_translated":"","display_label":"Buturlinovka Air Base","asset_class":"other_infrastructure","asset_type":"other","asset_subtype":"military","domain":"other","status":"","operator":"","product":"","country":"Russia","country_code":"","country_source":"","countries":["Russia"],"source_country":"Russia","country_match_method":"point_in_boundary","region":"","region_translated":"","subdivision":"","inn":"","is_sanctioned":"","is_mass_director":"","is_mass_founder":"","is_disqualified_persons":"","geometry_type":"Point","latitude":"50.79625200","longitude":"40.60387000","centroid_latitude":"50.79625200","centroid_longitude":"40.60387000","map_latitude":"50.79625200","map_longitude":"40.60387000","start_latitude":"50.796252","start_longitude":"40.60387","end_latitude":"50.796252","end_longitude":"40.60387","coordinate_count":"1","length_km":"","has_point_location":"true","location_quality":"exact","coordinate_precision":"exact","coordinate_source":"","entity_confidence":"high","freshness":"recent","cross_source_support":"1","review_status":"unreviewed","confidence":"A","confidence_grade":"A","confidence_score":"1.00","selectable":"true","map_layer":"other_infrastructure","map_color":"#2a93d5","map_icon":"circle","risk_flags":"","subcategory":"other","transport_functions":"","un_locode":"","locode_country":"","locode_location":"","iata":"","remarks":"","source_date":"","detected_language":"en_or_unknown","translation_source":"","derived_subcategory":"logistics_storage","derived_subcategory_label":"Logistics & storage","derived_subcategory_confidence":"0.80","derived_subcategory_reason":"keyword match","possible_duplicate_group":"","search_text":"Buturlinovka Air Base Buturlinovka Air Base other_infrastructure other military other Russia Oil & Power Infrastructure Map custom_pins Logistics & storage","references_json":"[{\"reference_id\":\"ref_66bd718c1ecf81e3\",\"source_id\":\"russia_oil_power_map\",\"source_name\":\"Russia Oil & Power Infrastructure Map\",\"source_type\":\"map_layer\",\"url\":\"https://russiaoilpowermap.com/data/custom_pins.json\",\"archive_url\":\"\",\"retrieved_at\":\"2026-09-25T08:56:03Z\",\"source_record_id\":\"pin_6ab04be531e0f7.65740261\",\"source_file\":\"data/russia_oil_power_infrastructure.csv\",\"source_line_or_record_id\":\"114068\",\"extractor_version\":\"unknown\",\"license_or_terms\":\"unknown\",\"confidence_contribution\":\"0.82\"}]","first_seen_build":"2026-09-21T09:07:38Z","last_seen_build":"2026-09-25T08:56:03Z","change_status":"unchanged","change_types":[],"changed_since_previous_build":"false","new_in_latest_build":"false","removed_from_latest_build":"false","source_archive_date":"2026-09-25T08:56:03Z","generation_type":"","primary_fuel":"","secondary_fuels":"","plant_role":"","technology":"","installed_capacity_mw":"","operational_status":"","classification_confidence":"","classification_confidence_score":"","classification_method":"","classification_sources":"","classification_notes":"","alternate_names":"","name_ru":"","match_score":"","match_method":"","matched_source_record_ids":"","is_nuclear":"","nuclear_status":"","reactor_count":"","operating_reactor_count":"","reactor_types":"","nuclear_reference_ids":"","radiological_risk":"","substation_type":"","voltage_kv":"","voltage_levels_kv":"","connected_generation_type":"","ecological_risk_category":"","political_significance":"","risk_assessment_status":"","references":[{"reference_id":"ref_66bd718c1ecf81e3","source_id":"russia_oil_power_map","source_name":"Russia Oil & Power Infrastructure Map","source_type":"map_layer","url":"https://russiaoilpowermap.com/data/custom_pins.json","archive_url":"","retrieved_at":"2026-09-25T08:56:03Z","source_record_id":"pin_6ab04be531e0f7.65740261","source_file":"data/russia_oil_power_infrastructure.csv","source_line_or_record_id":"114068","extractor_version":"unknown","license_or_terms":"unknown","confidence_contribution":"0.82"}]}},{"type":"Feature","id":"infra_94af07ce8d5550fe","geometry":{"type":"Point","coordinates":[39.464173,52.637504]},"properties":{"uid":"infra_94af07ce8d5550fe","object_id":"infra_94af07ce8d5550fe","source":"russia_oil_power_map","source_dataset":"Russia Oil & Power Infrastructure Map","source_id":"russia_oil_power_map","source_record_id":"pin_6ab04c36be7627.63868876","source_url":"https://russiaoilpowermap.com/data/custom_pins.json","source_capture_date":"2026-09-25T08:56:03Z","source_layer":"custom_pins","source_reference_id":"ref_48a2ba34a2ccd88f","source_name":"Russia Oil & Power Infrastructure Map","source_type":"map_layer","source_reliability":"B","license_or_terms":"unknown","name":"Lipetsk-2 Air Base","name_en":"","description":"","name_translated":"","description_translated":"","display_label":"Lipetsk-2 Air Base","asset_class":"other_infrastructure","asset_type":"other","asset_subtype":"military","domain":"other","status":"","operator":"","product":"","country":"Russia","country_code":"","country_source":"","countries":["Russia"],"source_country":"Russia","country_match_method":"point_in_boundary","region":"","region_translated":"","subdivision":"","inn":"","is_sanctioned":"","is_mass_director":"","is_mass_founder":"","is_disqualified_persons":"","geometry_type":"Point","latitude":"52.63750400","longitude":"39.46417300","centroid_latitude":"52.63750400","centroid_longitude":"39.46417300","map_latitude":"52.63750400","map_longitude":"39.46417300","start_latitude":"52.637504","start_longitude":"39.464173","end_latitude":"52.637504","end_longitude":"39.464173","coordinate_count":"1","length_km":"","has_point_location":"true","location_quality":"exact","coordinate_precision":"exact","coordinate_source":"","entity_confidence":"high","freshness":"recent","cross_source_support":"1","review_status":"unreviewed","confidence":"A","confidence_grade":"A","confidence_score":"1.00","selectable":"true","map_layer":"other_infrastructure","map_color":"#2a93d5","map_icon":"circle","risk_flags":"","subcategory":"other","transport_functions":"","un_locode":"","locode_country":"","locode_location":"","iata":"","remarks":"","source_date":"","detected_language":"en_or_unknown","translation_source":"","derived_subcategory":"logistics_storage","derived_subcategory_label":"Logistics & storage","derived_subcategory_confidence":"0.80","derived_subcategory_reason":"keyword match","possible_duplicate_group":"dup_002435","search_text":"Lipetsk-2 Air Base Lipetsk-2 Air Base other_infrastructure other military other Russia Oil & Power Infrastructure Map custom_pins Logistics & storage","references_json":"[{\"reference_id\":\"ref_48a2ba34a2ccd88f\",\"source_id\":\"russia_oil_power_map\",\"source_name\":\"Russia Oil & Power Infrastructure Map\",\"source_type\":\"map_layer\",\"url\":\"https://russiaoilpowermap.com/data/custom_pins.json\",\"archive_url\":\"\",\"retrieved_at\":\"2026-09-25T08:56:03Z\",\"source_record_id\":\"pin_6ab04c36be7627.63868876\",\"source_file\":\"data/russia_oil_power_infrastructure.csv\",\"source_line_or_record_id\":\"114069\",\"extractor_version\":\"unknown\",\"license_or_terms\":\"unknown\",\"confidence_contribution\":\"0.82\"}]","first_seen_build":"2026-09-21T09:07:38Z","last_seen_build":"2026-09-25T08:56:03Z","change_status":"unchanged","change_types":[],"changed_since_previous_build":"false","new_in_latest_build":"false","removed_from_latest_build":"false","source_archive_date":"2026-09-25T08:56:03Z","generation_type":"","primary_fuel":"","secondary_fuels":"","plant_role":"","technology":"","installed_capacity_mw":"","operational_status":"","classification_confidence":"","classification_confidence_score":"","classification_method":"","classification_sources":"","classification_notes":"","alternate_names":"","name_ru":"","match_score":"","match_method":"","matched_source_record_ids":"","is_nuclear":"","nuclear_status":"","reactor_count":"","operating_reactor_count":"","reactor_types":"","nuclear_reference_ids":"","radiological_risk":"","substation_type":"","voltage_kv":"","voltage_levels_kv":"","connected_generation_type":"","ecological_risk_category":"","political_significance":"","risk_assessment_status":"","references":[{"reference_id":"ref_48a2ba34a2ccd88f","source_id":"russia_oil_power_map","source_name":"Russia Oil & Power Infrastructure Map","source_type":"map_layer","url":"https://russiaoilpowermap.com/data/custom_pins.json","archive_url":"","retrieved_at":"2026-09-25T08:56:03Z","source_record_id":"pin_6ab04c36be7627.63868876","source_file":"data/russia_oil_power_infrastructure.csv","source_line_or_record_id":"114069","extractor_version":"unknown","license_or_terms":"unknown","confidence_contribution":"0.82"}]}},{"type":"Feature","id":"infra_39e1cda1b1bf6708","geometry":{"type":"Point","coordinates":[39.464173,52.637504]},"properties":{"uid":"infra_39e1cda1b1bf6708","object_id":"infra_39e1cda1b1bf6708","source":"russia_oil_power_map","source_dataset":"Russia Oil & Power Infrastructure Map","source_id":"russia_oil_power_map","source_record_id":"pin_6ab04c7b99c319.50424771","source_url":"https://russiaoilpowermap.com/data/custom_pins.json","source_capture_date":"2026-09-25T08:56:03Z","source_layer":"custom_pins","source_reference_id":"ref_7e32e1b3ad91a978","source_name":"Russia Oil & Power Infrastructure Map","source_type":"map_layer","source_reliability":"B","license_or_terms":"unknown","name":"Lipetsk-2 Air Base","name_en":"","description":"","name_translated":"","description_translated":"","display_label":"Lipetsk-2 Air Base","asset_class":"other_infrastructure","asset_type":"other","asset_subtype":"military","domain":"other","status":"","operator":"","product":"","country":"Russia","country_code":"","country_source":"","countries":["Russia"],"source_country":"Russia","country_match_method":"point_in_boundary","region":"","region_translated":"","subdivision":"","inn":"","is_sanctioned":"","is_mass_director":"","is_mass_founder":"","is_disqualified_persons":"","geometry_type":"Point","latitude":"52.63750400","longitude":"39.46417300","centroid_latitude":"52.63750400","centroid_longitude":"39.46417300","map_latitude":"52.63750400","map_longitude":"39.46417300","start_latitude":"52.637504","start_longitude":"39.464173","end_latitude":"52.637504","end_longitude":"39.464173","coordinate_count":"1","length_km":"","has_point_location":"true","location_quality":"exact","coordinate_precision":"exact","coordinate_source":"","entity_confidence":"high","freshness":"recent","cross_source_support":"1","review_status":"unreviewed","confidence":"A","confidence_grade":"A","confidence_score":"1.00","selectable":"true","map_layer":"other_infrastructure","map_color":"#2a93d5","map_icon":"circle","risk_flags":"","subcategory":"other","transport_functions":"","un_locode":"","locode_country":"","locode_location":"","iata":"","remarks":"","source_date":"","detected_language":"en_or_unknown","translation_source":"","derived_subcategory":"logistics_storage","derived_subcategory_label":"Logistics & storage","derived_subcategory_confidence":"0.80","derived_subcategory_reason":"keyword match","possible_duplicate_group":"dup_002435","search_text":"Lipetsk-2 Air Base Lipetsk-2 Air Base other_infrastructure other military other Russia Oil & Power Infrastructure Map custom_pins Logistics & storage","references_json":"[{\"reference_id\":\"ref_7e32e1b3ad91a978\",\"source_id\":\"russia_oil_power_map\",\"source_name\":\"Russia Oil & Power Infrastructure Map\",\"source_type\":\"map_layer\",\"url\":\"https://russiaoilpowermap.com/data/custom_pins.json\",\"archive_url\":\"\",\"retrieved_at\":\"2026-09-25T08:56:03Z\",\"source_record_id\":\"pin_6ab04c7b99c319.50424771\",\"source_file\":\"data/russia_oil_power_infrastructure.csv\",\"source_line_or_record_id\":\"114070\",\"extractor_version\":\"unknown\",\"license_or_terms\":\"unknown\",\"confidence_contribution\":\"0.82\"}]","first_seen_build":"2026-09-21T09:07:38Z","last_seen_build":"2026-09-25T08:56:03Z","change_status":"unchanged","change_types":[],"changed_since_previous_build":"false","new_in_latest_build":"false","removed_from_latest_build":"false","source_archive_date":"2026-09-25T08:56:03Z","generation_type":"","primary_fuel":"","secondary_fuels":"","plant_role":"","technology":"","installed_capacity_mw":"","operational_status":"","classification_confidence":"","classification_confidence_score":"","classification_method":"","classification_sources":"","classification_notes":"","alternate_names":"","name_ru":"","match_score":"","match_method":"","matched_source_record_ids":"","is_nuclear":"","nuclear_status":"","reactor_count":"","operating_reactor_count":"","reactor_types":"","nuclear_reference_ids":"","radiological_risk":"","substation_type":"","voltage_kv":"","voltage_levels_kv":"","connected_generation_type":"","ecological_risk_category":"","political_significance":"","risk_assessment_status":"","references":[{"reference_id":"ref_7e32e1b3ad91a978","source_id":"russia_oil_power_map","source_name":"Russia Oil & Power Infrastructure Map","source_type":"map_layer","url":"https://russiaoilpowermap.com/data/custom_pins.json","archive_url":"","retrieved_at":"2026-09-25T08:56:03Z","source_record_id":"pin_6ab04c7b99c319.50424771","source_file":"data/russia_oil_power_infrastructure.csv","source_line_or_record_id":"114070","extractor_version":"unknown","license_or_terms":"unknown","confidence_contribution":"0.82"}]}},{"type":"Feature","id":"infra_dd3b42ae34c5f112","geometry":{"type":"Point","coordinates":[40.371151,52.915217]},"properties":{"uid":"infra_dd3b42ae34c5f112","object_id":"infra_dd3b42ae34c5f112","source":"russia_oil_power_map","source_dataset":"Russia Oil & Power Infrastructure Map","source_id":"russia_oil_power_map","source_record_id":"pin_6ab04c9f4a4544.14161356","source_url":"https://russiaoilpowermap.com/data/custom_pins.json","source_capture_date":"2026-09-25T08:56:03Z","source_layer":"custom_pins","source_reference_id":"ref_554c8bae34a2bbc0","source_name":"Russia Oil & Power Infrastructure Map","source_type":"map_layer","source_reliability":"B","license_or_terms":"unknown","name":"Michurinsk Air Base (Training)","name_en":"","description":"","name_translated":"","description_translated":"","display_label":"Michurinsk Air Base (Training)","asset_class":"other_infrastructure","asset_type":"other","asset_subtype":"military","domain":"other","status":"","operator":"","product":"","country":"Russia","country_code":"","country_source":"","countries":["Russia"],"source_country":"Russia","country_match_method":"point_in_boundary","region":"","region_translated":"","subdivision":"","inn":"","is_sanctioned":"","is_mass_director":"","is_mass_founder":"","is_disqualified_persons":"","geometry_type":"Point","latitude":"52.91521700","longitude":"40.37115100","centroid_latitude":"52.91521700","centroid_longitude":"40.37115100","map_latitude":"52.91521700","map_longitude":"40.37115100","start_latitude":"52.915217","start_longitude":"40.371151","end_latitude":"52.915217","end_longitude":"40.371151","coordinate_count":"1","length_km":"","has_point_location":"true","location_quality":"exact","coordinate_precision":"exact","coordinate_source":"","entity_confidence":"high","freshness":"recent","cross_source_support":"1","review_status":"unreviewed","confidence":"A","confidence_grade":"A","confidence_score":"1.00","selectable":"true","map_layer":"other_infrastructure","map_color":"#2a93d5","map_icon":"circle","risk_flags":"","subcategory":"other","transport_functions":"","un_locode":"","locode_country":"","locode_location":"","iata":"","remarks":"","source_date":"","detected_language":"en_or_unknown","translation_source":"","derived_subcategory":"training_education","derived_subcategory_label":"Training & education","derived_subcategory_confidence":"0.82","derived_subcategory_reason":"keyword match","possible_duplicate_group":"","search_text":"Michurinsk Air Base (Training) Michurinsk Air Base (Training) other_infrastructure other military other Russia Oil & Power Infrastructure Map custom_pins Training & education","references_json":"[{\"reference_id\":\"ref_554c8bae34a2bbc0\",\"source_id\":\"russia_oil_power_map\",\"source_name\":\"Russia Oil & Power Infrastructure Map\",\"source_type\":\"map_layer\",\"url\":\"https://russiaoilpowermap.com/data/custom_pins.json\",\"archive_url\":\"\",\"retrieved_at\":\"2026-09-25T08:56:03Z\",\"source_record_id\":\"pin_6ab04c9f4a4544.14161356\",\"source_file\":\"data/russia_oil_power_infrastructure.csv\",\"source_line_or_record_id\":\"114071\",\"extractor_version\":\"unknown\",\"license_or_terms\":\"unknown\",\"confidence_contribution\":\"0.82\"}]","first_seen_build":"2026-09-21T09:07:38Z","last_seen_build":"2026-09-25T08:56:03Z","change_status":"unchanged","change_types":[],"changed_since_previous_build":"false","new_in_latest_build":"false","removed_from_latest_build":"false","source_archive_date":"2026-09-25T08:56:03Z","generation_type":"","primary_fuel":"","secondary_fuels":"","plant_role":"","technology":"","installed_capacity_mw":"","operational_status":"","classification_confidence":"","classification_confidence_score":"","classification_method":"","classification_sources":"","classification_notes":"","alternate_names":"","name_ru":"","match_score":"","match_method":"","matched_source_record_ids":"","is_nuclear":"","nuclear_status":"","reactor_count":"","operating_reactor_count":"","reactor_types":"","nuclear_reference_ids":"","radiological_risk":"","substation_type":"","voltage_kv":"","voltage_levels_kv":"","connected_generation_type":"","ecological_risk_category":"","political_significance":"","risk_assessment_status":"","references":[{"reference_id":"ref_554c8bae34a2bbc0","source_id":"russia_oil_power_map","source_name":"Russia Oil & Power Infrastructure Map","source_type":"map_layer","url":"https://russiaoilpowermap.com/data/custom_pins.json","archive_url":"","retrieved_at":"2026-09-25T08:56:03Z","source_record_id":"pin_6ab04c9f4a4544.14161356","source_file":"data/russia_oil_power_infrastructure.csv","source_line_or_record_id":"114071","extractor_version":"unknown","license_or_terms":"unknown","confidence_contribution":"0.82"}]}},{"type":"Feature","id":"infra_e07388c1f88a3a53","geometry":{"type":"Point","coordinates":[41.378953,52.70506]},"properties":{"uid":"infra_e07388c1f88a3a53","object_id":"infra_e07388c1f88a3a53","source":"russia_oil_power_map","source_dataset":"Russia Oil & Power Infrastructure Map","source_id":"russia_oil_power_map","source_record_id":"pin_6ab04cb86712b9.30318555","source_url":"https://russiaoilpowermap.com/data/custom_pins.json","source_capture_date":"2026-09-25T08:56:03Z","source_layer":"custom_pins","source_reference_id":"ref_168a93c4df3351b9","source_name":"Russia Oil & Power Infrastructure Map","source_type":"map_layer","source_reliability":"B","license_or_terms":"unknown","name":"Tambov Air Base","name_en":"","description":"","name_translated":"","description_translated":"","display_label":"Tambov Air Base","asset_class":"other_infrastructure","asset_type":"other","asset_subtype":"military","domain":"other","status":"","operator":"","product":"","country":"Russia","country_code":"","country_source":"","countries":["Russia"],"source_country":"Russia","country_match_method":"point_in_boundary","region":"","region_translated":"","subdivision":"","inn":"","is_sanctioned":"","is_mass_director":"","is_mass_founder":"","is_disqualified_persons":"","geometry_type":"Point","latitude":"52.70506000","longitude":"41.37895300","centroid_latitude":"52.70506000","centroid_longitude":"41.37895300","map_latitude":"52.70506000","map_longitude":"41.37895300","start_latitude":"52.70506","start_longitude":"41.378953","end_latitude":"52.70506","end_longitude":"41.378953","coordinate_count":"1","length_km":"","has_point_location":"true","location_quality":"exact","coordinate_precision":"exact","coordinate_source":"","entity_confidence":"high","freshness":"recent","cross_source_support":"1","review_status":"unreviewed","confidence":"A","confidence_grade":"A","confidence_score":"1.00","selectable":"true","map_layer":"other_infrastructure","map_color":"#2a93d5","map_icon":"circle","risk_flags":"","subcategory":"other","transport_functions":"","un_locode":"","locode_country":"","locode_location":"","iata":"","remarks":"","source_date":"","detected_language":"en_or_unknown","translation_source":"","derived_subcategory":"logistics_storage","derived_subcategory_label":"Logistics & storage","derived_subcategory_confidence":"0.80","derived_subcategory_reason":"keyword match","possible_duplicate_group":"","search_text":"Tambov Air Base Tambov Air Base other_infrastructure other military other Russia Oil & Power Infrastructure Map custom_pins Logistics & storage","references_json":"[{\"reference_id\":\"ref_168a93c4df3351b9\",\"source_id\":\"russia_oil_power_map\",\"source_name\":\"Russia Oil & Power Infrastructure Map\",\"source_type\":\"map_layer\",\"url\":\"https://russiaoilpowermap.com/data/custom_pins.json\",\"archive_url\":\"\",\"retrieved_at\":\"2026-09-25T08:56:03Z\",\"source_record_id\":\"pin_6ab04cb86712b9.30318555\",\"source_file\":\"data/russia_oil_power_infrastructure.csv\",\"source_line_or_record_id\":\"114072\",\"extractor_version\":\"unknown\",\"license_or_terms\":\"unknown\",\"confidence_contribution\":\"0.82\"}]","first_seen_build":"2026-09-21T09:07:38Z","last_seen_build":"2026-09-25T08:56:03Z","change_status":"unchanged","change_types":[],"changed_since_previous_build":"false","new_in_latest_build":"false","removed_from_latest_build":"false","source_archive_date":"2026-09-25T08:56:03Z","generation_type":"","primary_fuel":"","secondary_fuels":"","plant_role":"","technology":"","installed_capacity_mw":"","operational_status":"","classification_confidence":"","classification_confidence_score":"","classification_method":"","classification_sources":"","classification_notes":"","alternate_names":"","name_ru":"","match_score":"","match_method":"","matched_source_record_ids":"","is_nuclear":"","nuclear_status":"","reactor_count":"","operating_reactor_count":"","reactor_types":"","nuclear_reference_ids":"","radiological_risk":"","substation_type":"","voltage_kv":"","voltage_levels_kv":"","connected_generation_type":"","ecological_risk_category":"","political_significance":"","risk_assessment_status":"","references":[{"reference_id":"ref_168a93c4df3351b9","source_id":"russia_oil_power_map","source_name":"Russia Oil & Power Infrastructure Map","source_type":"map_layer","url":"https://russiaoilpowermap.com/data/custom_pins.json","archive_url":"","retrieved_at":"2026-09-25T08:56:03Z","source_record_id":"pin_6ab04cb86712b9.30318555","source_file":"data/russia_oil_power_infrastructure.csv","source_line_or_record_id":"114072","extractor_version":"unknown","license_or_terms":"unknown","confidence_contribution":"0.82"}]}},{"type":"Feature","id":"infra_53c67d6a952def6e","geometry":{"type":"Point","coordinates":[34.370788,54.228484]},"properties":{"uid":"infra_53c67d6a952def6e","object_id":"infra_53c67d6a952def6e","source":"russia_oil_power_map","source_dataset":"Russia Oil & Power Infrastructure Map","source_id":"russia_oil_power_map","source_record_id":"pin_6ab04d74c4abb5.23402298","source_url":"https://russiaoilpowermap.com/data/custom_pins.json","source_capture_date":"2026-09-25T08:56:03Z","source_layer":"custom_pins","source_reference_id":"ref_388a1dea13a8afc8","source_name":"Russia Oil & Power Infrastructure Map","source_type":"map_layer","source_reliability":"B","license_or_terms":"unknown","name":"Shaykovka Air Base","name_en":"","description":"","name_translated":"","description_translated":"","display_label":"Shaykovka Air Base","asset_class":"other_infrastructure","asset_type":"other","asset_subtype":"military","domain":"other","status":"","operator":"","product":"","country":"Russia","country_code":"","country_source":"","countries":["Russia"],"source_country":"Russia","country_match_method":"point_in_boundary","region":"","region_translated":"","subdivision":"","inn":"","is_sanctioned":"","is_mass_director":"","is_mass_founder":"","is_disqualified_persons":"","geometry_type":"Point","latitude":"54.22848400","longitude":"34.37078800","centroid_latitude":"54.22848400","centroid_longitude":"34.37078800","map_latitude":"54.22848400","map_longitude":"34.37078800","start_latitude":"54.228484","start_longitude":"34.370788","end_latitude":"54.228484","end_longitude":"34.370788","coordinate_count":"1","length_km":"","has_point_location":"true","location_quality":"exact","coordinate_precision":"exact","coordinate_source":"","entity_confidence":"high","freshness":"recent","cross_source_support":"1","review_status":"unreviewed","confidence":"A","confidence_grade":"A","confidence_score":"1.00","selectable":"true","map_layer":"other_infrastructure","map_color":"#2a93d5","map_icon":"circle","risk_flags":"","subcategory":"other","transport_functions":"","un_locode":"","locode_country":"","locode_location":"","iata":"","remarks":"","source_date":"","detected_language":"en_or_unknown","translation_source":"","derived_subcategory":"logistics_storage","derived_subcategory_label":"Logistics & storage","derived_subcategory_confidence":"0.80","derived_subcategory_reason":"keyword match","possible_duplicate_group":"","search_text":"Shaykovka Air Base Shaykovka Air Base other_infrastructure other military other Russia Oil & Power Infrastructure Map custom_pins Logistics & storage","references_json":"[{\"reference_id\":\"ref_388a1dea13a8afc8\",\"source_id\":\"russia_oil_power_map\",\"source_name\":\"Russia Oil & Power Infrastructure Map\",\"source_type\":\"map_layer\",\"url\":\"https://russiaoilpowermap.com/data/custom_pins.json\",\"archive_url\":\"\",\"retrieved_at\":\"2026-09-25T08:56:03Z\",\"source_record_id\":\"pin_6ab04d74c4abb5.23402298\",\"source_file\":\"data/russia_oil_power_infrastructure.csv\",\"source_line_or_record_id\":\"114073\",\"extractor_version\":\"unknown\",\"license_or_terms\":\"unknown\",\"confidence_contribution\":\"0.82\"}]","first_seen_build":"2026-09-21T09:07:38Z","last_seen_build":"2026-09-25T08:56:03Z","change_status":"unchanged","change_types":[],"changed_since_previous_build":"false","new_in_latest_build":"false","removed_from_latest_build":"false","source_archive_date":"2026-09-25T08:56:03Z","generation_type":"","primary_fuel":"","secondary_fuels":"","plant_role":"","technology":"","installed_capacity_mw":"","operational_status":"","classification_confidence":"","classification_confidence_score":"","classification_method":"","classification_sources":"","classification_notes":"","alternate_names":"","name_ru":"","match_score":"","match_method":"","matched_source_record_ids":"","is_nuclear":"","nuclear_status":"","reactor_count":"","operating_reactor_count":"","reactor_types":"","nuclear_reference_ids":"","radiological_risk":"","substation_type":"","voltage_kv":"","voltage_levels_kv":"","connected_generation_type":"","ecological_risk_category":"","political_significance":"","risk_assessment_status":"","references":[{"reference_id":"ref_388a1dea13a8afc8","source_id":"russia_oil_power_map","source_name":"Russia Oil & Power Infrastructure Map","source_type":"map_layer","url":"https://russiaoilpowermap.com/data/custom_pins.json","archive_url":"","retrieved_at":"2026-09-25T08:56:03Z","source_record_id":"pin_6ab04d74c4abb5.23402298","source_file":"data/russia_oil_power_infrastructure.csv","source_line_or_record_id":"114073","extractor_version":"unknown","license_or_terms":"unknown","confidence_contribution":"0.82"}]}},{"type":"Feature","id":"infra_db220874dd44b1b0","geometry":{"type":"Point","coordinates":[32.470543,54.336107]},"properties":{"uid":"infra_db220874dd44b1b0","object_id":"infra_db220874dd44b1b0","source":"russia_oil_power_map","source_dataset":"Russia Oil & Power Infrastructure Map","source_id":"russia_oil_power_map","source_record_id":"pin_6ab04daa6ee1f0.60509556","source_url":"https://russiaoilpowermap.com/data/custom_pins.json","source_capture_date":"2026-09-25T08:56:03Z","source_layer":"custom_pins","source_reference_id":"ref_9022a894cf2bec52","source_name":"Russia Oil & Power Infrastructure Map","source_type":"map_layer","source_reliability":"B","license_or_terms":"unknown","name":"Shatalovo Air Base","name_en":"","description":"","name_translated":"","description_translated":"","display_label":"Shatalovo Air Base","asset_class":"other_infrastructure","asset_type":"other","asset_subtype":"military","domain":"other","status":"","operator":"","product":"","country":"Russia","country_code":"","country_source":"","countries":["Russia"],"source_country":"Russia","country_match_method":"point_in_boundary","region":"","region_translated":"","subdivision":"","inn":"","is_sanctioned":"","is_mass_director":"","is_mass_founder":"","is_disqualified_persons":"","geometry_type":"Point","latitude":"54.33610700","longitude":"32.47054300","centroid_latitude":"54.33610700","centroid_longitude":"32.47054300","map_latitude":"54.33610700","map_longitude":"32.47054300","start_latitude":"54.336107","start_longitude":"32.470543","end_latitude":"54.336107","end_longitude":"32.470543","coordinate_count":"1","length_km":"","has_point_location":"true","location_quality":"exact","coordinate_precision":"exact","coordinate_source":"","entity_confidence":"high","freshness":"recent","cross_source_support":"1","review_status":"unreviewed","confidence":"A","confidence_grade":"A","confidence_score":"1.00","selectable":"true","map_layer":"other_infrastructure","map_color":"#2a93d5","map_icon":"circle","risk_flags":"","subcategory":"other","transport_functions":"","un_locode":"","locode_country":"","locode_location":"","iata":"","remarks":"","source_date":"","detected_language":"en_or_unknown","translation_source":"","derived_subcategory":"logistics_storage","derived_subcategory_label":"Logistics & storage","derived_subcategory_confidence":"0.80","derived_subcategory_reason":"keyword match","possible_duplicate_group":"","search_text":"Shatalovo Air Base Shatalovo Air Base other_infrastructure other military other Russia Oil & Power Infrastructure Map custom_pins Logistics & storage","references_json":"[{\"reference_id\":\"ref_9022a894cf2bec52\",\"source_id\":\"russia_oil_power_map\",\"source_name\":\"Russia Oil & Power Infrastructure Map\",\"source_type\":\"map_layer\",\"url\":\"https://russiaoilpowermap.com/data/custom_pins.json\",\"archive_url\":\"\",\"retrieved_at\":\"2026-09-25T08:56:03Z\",\"source_record_id\":\"pin_6ab04daa6ee1f0.60509556\",\"source_file\":\"data/russia_oil_power_infrastructure.csv\",\"source_line_or_record_id\":\"114074\",\"extractor_version\":\"unknown\",\"license_or_terms\":\"unknown\",\"confidence_contribution\":\"0.82\"}]","first_seen_build":"2026-09-21T09:07:38Z","last_seen_build":"2026-09-25T08:56:03Z","change_status":"unchanged","change_types":[],"changed_since_previous_build":"false","new_in_latest_build":"false","removed_from_latest_build":"false","source_archive_date":"2026-09-25T08:56:03Z","generation_type":"","primary_fuel":"","secondary_fuels":"","plant_role":"","technology":"","installed_capacity_mw":"","operational_status":"","classification_confidence":"","classification_confidence_score":"","classification_method":"","classification_sources":"","classification_notes":"","alternate_names":"","name_ru":"","match_score":"","match_method":"","matched_source_record_ids":"","is_nuclear":"","nuclear_status":"","reactor_count":"","operating_reactor_count":"","reactor_types":"","nuclear_reference_ids":"","radiological_risk":"","substation_type":"","voltage_kv":"","voltage_levels_kv":"","connected_generation_type":"","ecological_risk_category":"","political_significance":"","risk_assessment_status":"","references":[{"reference_id":"ref_9022a894cf2bec52","source_id":"russia_oil_power_map","source_name":"Russia Oil & Power Infrastructure Map","source_type":"map_layer","url":"https://russiaoilpowermap.com/data/custom_pins.json","archive_url":"","retrieved_at":"2026-09-25T08:56:03Z","source_record_id":"pin_6ab04daa6ee1f0.60509556","source_file":"data/russia_oil_power_infrastructure.csv","source_line_or_record_id":"114074","extractor_version":"unknown","license_or_terms":"unknown","confidence_contribution":"0.82"}]}},{"type":"Feature","id":"infra_2dc2480318710d7c","geometry":{"type":"Point","coordinates":[39.574642,54.651616]},"properties":{"uid":"infra_2dc2480318710d7c","object_id":"infra_2dc2480318710d7c","source":"russia_oil_power_map","source_dataset":"Russia Oil & Power Infrastructure Map","source_id":"russia_oil_power_map","source_record_id":"pin_6ab04dd5282343.72783618","source_url":"https://russiaoilpowermap.com/data/custom_pins.json","source_capture_date":"2026-09-25T08:56:03Z","source_layer":"custom_pins","source_reference_id":"ref_cfbf08e324b31c42","source_name":"Russia Oil & Power Infrastructure Map","source_type":"map_layer","source_reliability":"B","license_or_terms":"unknown","name":"Dyagilevo Air Base","name_en":"","description":"","name_translated":"","description_translated":"","display_label":"Dyagilevo Air Base","asset_class":"other_infrastructure","asset_type":"other","asset_subtype":"military","domain":"other","status":"","operator":"","product":"","country":"Russia","country_code":"","country_source":"","countries":["Russia"],"source_country":"Russia","country_match_method":"point_in_boundary","region":"","region_translated":"","subdivision":"","inn":"","is_sanctioned":"","is_mass_director":"","is_mass_founder":"","is_disqualified_persons":"","geometry_type":"Point","latitude":"54.65161600","longitude":"39.57464200","centroid_latitude":"54.65161600","centroid_longitude":"39.57464200","map_latitude":"54.65161600","map_longitude":"39.57464200","start_latitude":"54.651616","start_longitude":"39.574642","end_latitude":"54.651616","end_longitude":"39.574642","coordinate_count":"1","length_km":"","has_point_location":"true","location_quality":"exact","coordinate_precision":"exact","coordinate_source":"","entity_confidence":"high","freshness":"recent","cross_source_support":"1","review_status":"unreviewed","confidence":"A","confidence_grade":"A","confidence_score":"1.00","selectable":"true","map_layer":"other_infrastructure","map_color":"#2a93d5","map_icon":"circle","risk_flags":"","subcategory":"other","transport_functions":"","un_locode":"","locode_country":"","locode_location":"","iata":"","remarks":"","source_date":"","detected_language":"en_or_unknown","translation_source":"","derived_subcategory":"logistics_storage","derived_subcategory_label":"Logistics & storage","derived_subcategory_confidence":"0.80","derived_subcategory_reason":"keyword match","possible_duplicate_group":"","search_text":"Dyagilevo Air Base Dyagilevo Air Base other_infrastructure other military other Russia Oil & Power Infrastructure Map custom_pins Logistics & storage","references_json":"[{\"reference_id\":\"ref_cfbf08e324b31c42\",\"source_id\":\"russia_oil_power_map\",\"source_name\":\"Russia Oil & Power Infrastructure Map\",\"source_type\":\"map_layer\",\"url\":\"https://russiaoilpowermap.com/data/custom_pins.json\",\"archive_url\":\"\",\"retrieved_at\":\"2026-09-25T08:56:03Z\",\"source_record_id\":\"pin_6ab04dd5282343.72783618\",\"source_file\":\"data/russia_oil_power_infrastructure.csv\",\"source_line_or_record_id\":\"114075\",\"extractor_version\":\"unknown\",\"license_or_terms\":\"unknown\",\"confidence_contribution\":\"0.82\"}]","first_seen_build":"2026-09-21T09:07:38Z","last_seen_build":"2026-09-25T08:56:03Z","change_status":"unchanged","change_types":[],"changed_since_previous_build":"false","new_in_latest_build":"false","removed_from_latest_build":"false","source_archive_date":"2026-09-25T08:56:03Z","generation_type":"","primary_fuel":"","secondary_fuels":"","plant_role":"","technology":"","installed_capacity_mw":"","operational_status":"","classification_confidence":"","classification_confidence_score":"","classification_method":"","classification_sources":"","classification_notes":"","alternate_names":"","name_ru":"","match_score":"","match_method":"","matched_source_record_ids":"","is_nuclear":"","nuclear_status":"","reactor_count":"","operating_reactor_count":"","reactor_types":"","nuclear_reference_ids":"","radiological_risk":"","substation_type":"","voltage_kv":"","voltage_levels_kv":"","connected_generation_type":"","ecological_risk_category":"","political_significance":"","risk_assessment_status":"","references":[{"reference_id":"ref_cfbf08e324b31c42","source_id":"russia_oil_power_map","source_name":"Russia Oil & Power Infrastructure Map","source_type":"map_layer","url":"https://russiaoilpowermap.com/data/custom_pins.json","archive_url":"","retrieved_at":"2026-09-25T08:56:03Z","source_record_id":"pin_6ab04dd5282343.72783618","source_file":"data/russia_oil_power_infrastructure.csv","source_line_or_record_id":"114075","extractor_version":"unknown","license_or_terms":"unknown","confidence_contribution":"0.82"}]}},{"type":"Feature","id":"infra_2e8b42b7b63c8498","geometry":{"type":"Point","coordinates":[36.636357,55.609481]},"properties":{"uid":"infra_2e8b42b7b63c8498","object_id":"infra_2e8b42b7b63c8498","source":"russia_oil_power_map","source_dataset":"Russia Oil & Power Infrastructure Map","source_id":"russia_oil_power_map","source_record_id":"pin_6ab04e1bc22ad9.22216728","source_url":"https://russiaoilpowermap.com/data/custom_pins.json","source_capture_date":"2026-09-25T08:56:03Z","source_layer":"custom_pins","source_reference_id":"ref_212330de3fa89ad5","source_name":"Russia Oil & Power Infrastructure Map","source_type":"map_layer","source_reliability":"B","license_or_terms":"unknown","name":"Kubinka Air Base","name_en":"","description":"","name_translated":"","description_translated":"","display_label":"Kubinka Air Base","asset_class":"other_infrastructure","asset_type":"other","asset_subtype":"military","domain":"other","status":"","operator":"","product":"","country":"Russia","country_code":"","country_source":"","countries":["Russia"],"source_country":"Russia","country_match_method":"point_in_boundary","region":"","region_translated":"","subdivision":"","inn":"","is_sanctioned":"","is_mass_director":"","is_mass_founder":"","is_disqualified_persons":"","geometry_type":"Point","latitude":"55.60948100","longitude":"36.63635700","centroid_latitude":"55.60948100","centroid_longitude":"36.63635700","map_latitude":"55.60948100","map_longitude":"36.63635700","start_latitude":"55.609481","start_longitude":"36.636357","end_latitude":"55.609481","end_longitude":"36.636357","coordinate_count":"1","length_km":"","has_point_location":"true","location_quality":"exact","coordinate_precision":"exact","coordinate_source":"","entity_confidence":"high","freshness":"recent","cross_source_support":"1","review_status":"unreviewed","confidence":"A","confidence_grade":"A","confidence_score":"1.00","selectable":"true","map_layer":"other_infrastructure","map_color":"#2a93d5","map_icon":"circle","risk_flags":"","subcategory":"other","transport_functions":"","un_locode":"","locode_country":"","locode_location":"","iata":"","remarks":"","source_date":"","detected_language":"en_or_unknown","translation_source":"","derived_subcategory":"logistics_storage","derived_subcategory_label":"Logistics & storage","derived_subcategory_confidence":"0.80","derived_subcategory_reason":"keyword match","possible_duplicate_group":"","search_text":"Kubinka Air Base Kubinka Air Base other_infrastructure other military other Russia Oil & Power Infrastructure Map custom_pins Logistics & storage","references_json":"[{\"reference_id\":\"ref_212330de3fa89ad5\",\"source_id\":\"russia_oil_power_map\",\"source_name\":\"Russia Oil & Power Infrastructure Map\",\"source_type\":\"map_layer\",\"url\":\"https://russiaoilpowermap.com/data/custom_pins.json\",\"archive_url\":\"\",\"retrieved_at\":\"2026-09-25T08:56:03Z\",\"source_record_id\":\"pin_6ab04e1bc22ad9.22216728\",\"source_file\":\"data/russia_oil_power_infrastructure.csv\",\"source_line_or_record_id\":\"114076\",\"extractor_version\":\"unknown\",\"license_or_terms\":\"unknown\",\"confidence_contribution\":\"0.82\"}]","first_seen_build":"2026-09-21T09:07:38Z","last_seen_build":"2026-09-25T08:56:03Z","change_status":"unchanged","change_types":[],"changed_since_previous_build":"false","new_in_latest_build":"false","removed_from_latest_build":"false","source_archive_date":"2026-09-25T08:56:03Z","generation_type":"","primary_fuel":"","secondary_fuels":"","plant_role":"","technology":"","installed_capacity_mw":"","operational_status":"","classification_confidence":"","classification_confidence_score":"","classification_method":"","classification_sources":"","classification_notes":"","alternate_names":"","name_ru":"","match_score":"","match_method":"","matched_source_record_ids":"","is_nuclear":"","nuclear_status":"","reactor_count":"","operating_reactor_count":"","reactor_types":"","nuclear_reference_ids":"","radiological_risk":"","substation_type":"","voltage_kv":"","voltage_levels_kv":"","connected_generation_type":"","ecological_risk_category":"","political_significance":"","risk_assessment_status":"","references":[{"reference_id":"ref_212330de3fa89ad5","source_id":"russia_oil_power_map","source_name":"Russia Oil & Power Infrastructure Map","source_type":"map_layer","url":"https://russiaoilpowermap.com/data/custom_pins.json","archive_url":"","retrieved_at":"2026-09-25T08:56:03Z","source_record_id":"pin_6ab04e1bc22ad9.22216728","source_file":"data/russia_oil_power_infrastructure.csv","source_line_or_record_id":"114076","extractor_version":"unknown","license_or_terms":"unknown","confidence_contribution":"0.82"}]}},{"type":"Feature","id":"infra_4336583d362fb73e","geometry":{"type":"Point","coordinates":[38.04596,55.884629]},"properties":{"uid":"infra_4336583d362fb73e","object_id":"infra_4336583d362fb73e","source":"russia_oil_power_map","source_dataset":"Russia Oil & Power Infrastructure Map","source_id":"russia_oil_power_map","source_record_id":"pin_6ab04e95974f36.89553596","source_url":"https://russiaoilpowermap.com/data/custom_pins.json","source_capture_date":"2026-09-25T08:56:03Z","source_layer":"custom_pins","source_reference_id":"ref_8ef01a3b8e0405f2","source_name":"Russia Oil & Power Infrastructure Map","source_type":"map_layer","source_reliability":"B","license_or_terms":"unknown","name":"Chkalovskiy Air Base","name_en":"","description":"","name_translated":"","description_translated":"","display_label":"Chkalovskiy Air Base","asset_class":"other_infrastructure","asset_type":"other","asset_subtype":"military","domain":"other","status":"","operator":"","product":"","country":"Russia","country_code":"","country_source":"","countries":["Russia"],"source_country":"Russia","country_match_method":"point_in_boundary","region":"","region_translated":"","subdivision":"","inn":"","is_sanctioned":"","is_mass_director":"","is_mass_founder":"","is_disqualified_persons":"","geometry_type":"Point","latitude":"55.88462900","longitude":"38.04596000","centroid_latitude":"55.88462900","centroid_longitude":"38.04596000","map_latitude":"55.88462900","map_longitude":"38.04596000","start_latitude":"55.884629","start_longitude":"38.04596","end_latitude":"55.884629","end_longitude":"38.04596","coordinate_count":"1","length_km":"","has_point_location":"true","location_quality":"exact","coordinate_precision":"exact","coordinate_source":"","entity_confidence":"high","freshness":"recent","cross_source_support":"1","review_status":"unreviewed","confidence":"A","confidence_grade":"A","confidence_score":"1.00","selectable":"true","map_layer":"other_infrastructure","map_color":"#2a93d5","map_icon":"circle","risk_flags":"","subcategory":"other","transport_functions":"","un_locode":"","locode_country":"","locode_location":"","iata":"","remarks":"","source_date":"","detected_language":"en_or_unknown","translation_source":"","derived_subcategory":"logistics_storage","derived_subcategory_label":"Logistics & storage","derived_subcategory_confidence":"0.80","derived_subcategory_reason":"keyword match","possible_duplicate_group":"","search_text":"Chkalovskiy Air Base Chkalovskiy Air Base other_infrastructure other military other Russia Oil & Power Infrastructure Map custom_pins Logistics & storage","references_json":"[{\"reference_id\":\"ref_8ef01a3b8e0405f2\",\"source_id\":\"russia_oil_power_map\",\"source_name\":\"Russia Oil & Power Infrastructure Map\",\"source_type\":\"map_layer\",\"url\":\"https://russiaoilpowermap.com/data/custom_pins.json\",\"archive_url\":\"\",\"retrieved_at\":\"2026-09-25T08:56:03Z\",\"source_record_id\":\"pin_6ab04e95974f36.89553596\",\"source_file\":\"data/russia_oil_power_infrastructure.csv\",\"source_line_or_record_id\":\"114077\",\"extractor_version\":\"unknown\",\"license_or_terms\":\"unknown\",\"confidence_contribution\":\"0.82\"}]","first_seen_build":"2026-09-21T09:07:38Z","last_seen_build":"2026-09-25T08:56:03Z","change_status":"unchanged","change_types":[],"changed_since_previous_build":"false","new_in_latest_build":"false","removed_from_latest_build":"false","source_archive_date":"2026-09-25T08:56:03Z","generation_type":"","primary_fuel":"","secondary_fuels":"","plant_role":"","technology":"","installed_capacity_mw":"","operational_status":"","classification_confidence":"","classification_confidence_score":"","classification_method":"","classification_sources":"","classification_notes":"","alternate_names":"","name_ru":"","match_score":"","match_method":"","matched_source_record_ids":"","is_nuclear":"","nuclear_status":"","reactor_count":"","operating_reactor_count":"","reactor_types":"","nuclear_reference_ids":"","radiological_risk":"","substation_type":"","voltage_kv":"","voltage_levels_kv":"","connected_generation_type":"","ecological_risk_category":"","political_significance":"","risk_assessment_status":"","references":[{"reference_id":"ref_8ef01a3b8e0405f2","source_id":"russia_oil_power_map","source_name":"Russia Oil & Power Infrastructure Map","source_type":"map_layer","url":"https://russiaoilpowermap.com/data/custom_pins.json","archive_url":"","retrieved_at":"2026-09-25T08:56:03Z","source_record_id":"pin_6ab04e95974f36.89553596","source_file":"data/russia_oil_power_infrastructure.csv","source_line_or_record_id":"114077","extractor_version":"unknown","license_or_terms":"unknown","confidence_contribution":"0.82"}]}},{"type":"Feature","id":"infra_d1b71af3d1d5da4f","geometry":{"type":"Point","coordinates":[40.977051,57.052017]},"properties":{"uid":"infra_d1b71af3d1d5da4f","object_id":"infra_d1b71af3d1d5da4f","source":"russia_oil_power_map","source_dataset":"Russia Oil & Power Infrastructure Map","source_id":"russia_oil_power_map","source_record_id":"pin_6ab04f1df23684.19943737","source_url":"https://russiaoilpowermap.com/data/custom_pins.json","source_capture_date":"2026-09-25T08:56:03Z","source_layer":"custom_pins","source_reference_id":"ref_deabf6d32d83795f","source_name":"Russia Oil & Power Infrastructure Map","source_type":"map_layer","source_reliability":"B","license_or_terms":"unknown","name":"Severny Air Base","name_en":"","description":"","name_translated":"","description_translated":"","display_label":"Severny Air Base","asset_class":"other_infrastructure","asset_type":"other","asset_subtype":"military","domain":"other","status":"","operator":"","product":"","country":"Russia","country_code":"","country_source":"","countries":["Russia"],"source_country":"Russia","country_match_method":"point_in_boundary","region":"","region_translated":"","subdivision":"","inn":"","is_sanctioned":"","is_mass_director":"","is_mass_founder":"","is_disqualified_persons":"","geometry_type":"Point","latitude":"57.05201700","longitude":"40.97705100","centroid_latitude":"57.05201700","centroid_longitude":"40.97705100","map_latitude":"57.05201700","map_longitude":"40.97705100","start_latitude":"57.052017","start_longitude":"40.977051","end_latitude":"57.052017","end_longitude":"40.977051","coordinate_count":"1","length_km":"","has_point_location":"true","location_quality":"exact","coordinate_precision":"exact","coordinate_source":"","entity_confidence":"high","freshness":"recent","cross_source_support":"1","review_status":"unreviewed","confidence":"A","confidence_grade":"A","confidence_score":"1.00","selectable":"true","map_layer":"other_infrastructure","map_color":"#2a93d5","map_icon":"circle","risk_flags":"","subcategory":"other","transport_functions":"","un_locode":"","locode_country":"","locode_location":"","iata":"","remarks":"","source_date":"","detected_language":"en_or_unknown","translation_source":"","derived_subcategory":"logistics_storage","derived_subcategory_label":"Logistics & storage","derived_subcategory_confidence":"0.80","derived_subcategory_reason":"keyword match","possible_duplicate_group":"","search_text":"Severny Air Base Severny Air Base other_infrastructure other military other Russia Oil & Power Infrastructure Map custom_pins Logistics & storage","references_json":"[{\"reference_id\":\"ref_deabf6d32d83795f\",\"source_id\":\"russia_oil_power_map\",\"source_name\":\"Russia Oil & Power Infrastructure Map\",\"source_type\":\"map_layer\",\"url\":\"https://russiaoilpowermap.com/data/custom_pins.json\",\"archive_url\":\"\",\"retrieved_at\":\"2026-09-25T08:56:03Z\",\"source_record_id\":\"pin_6ab04f1df23684.19943737\",\"source_file\":\"data/russia_oil_power_infrastructure.csv\",\"source_line_or_record_id\":\"114078\",\"extractor_version\":\"unknown\",\"license_or_terms\":\"unknown\",\"confidence_contribution\":\"0.82\"}]","first_seen_build":"2026-09-21T09:07:38Z","last_seen_build":"2026-09-25T08:56:03Z","change_status":"unchanged","change_types":[],"changed_since_previous_build":"false","new_in_latest_build":"false","removed_from_latest_build":"false","source_archive_date":"2026-09-25T08:56:03Z","generation_type":"","primary_fuel":"","secondary_fuels":"","plant_role":"","technology":"","installed_capacity_mw":"","operational_status":"","classification_confidence":"","classification_confidence_score":"","classification_method":"","classification_sources":"","classification_notes":"","alternate_names":"","name_ru":"","match_score":"","match_method":"","matched_source_record_ids":"","is_nuclear":"","nuclear_status":"","reactor_count":"","operating_reactor_count":"","reactor_types":"","nuclear_reference_ids":"","radiological_risk":"","substation_type":"","voltage_kv":"","voltage_levels_kv":"","connected_generation_type":"","ecological_risk_category":"","political_significance":"","risk_assessment_status":"","references":[{"reference_id":"ref_deabf6d32d83795f","source_id":"russia_oil_power_map","source_name":"Russia Oil & Power Infrastructure Map","source_type":"map_layer","url":"https://russiaoilpowermap.com/data/custom_pins.json","archive_url":"","retrieved_at":"2026-09-25T08:56:03Z","source_record_id":"pin_6ab04f1df23684.19943737","source_file":"data/russia_oil_power_infrastructure.csv","source_line_or_record_id":"114078","extractor_version":"unknown","license_or_terms":"unknown","confidence_contribution":"0.82"}]}},{"type":"Feature","id":"infra_c6d5149d7cee6e97","geometry":{"type":"Point","coordinates":[36.724366,56.365928]},"properties":{"uid":"infra_c6d5149d7cee6e97","object_id":"infra_c6d5149d7cee6e97","source":"russia_oil_power_map","source_dataset":"Russia Oil & Power Infrastructure Map","source_id":"russia_oil_power_map","source_record_id":"pin_6ab04f5d6d1340.69210052","source_url":"https://russiaoilpowermap.com/data/custom_pins.json","source_capture_date":"2026-09-25T08:56:03Z","source_layer":"custom_pins","source_reference_id":"ref_a7fb82ddc31b76cd","source_name":"Russia Oil & Power Infrastructure Map","source_type":"map_layer","source_reliability":"B","license_or_terms":"unknown","name":"Klin-5 Air Base","name_en":"","description":"","name_translated":"","description_translated":"","display_label":"Klin-5 Air Base","asset_class":"other_infrastructure","asset_type":"other","asset_subtype":"military","domain":"other","status":"","operator":"","product":"","country":"Russia","country_code":"","country_source":"","countries":["Russia"],"source_country":"Russia","country_match_method":"point_in_boundary","region":"","region_translated":"","subdivision":"","inn":"","is_sanctioned":"","is_mass_director":"","is_mass_founder":"","is_disqualified_persons":"","geometry_type":"Point","latitude":"56.36592800","longitude":"36.72436600","centroid_latitude":"56.36592800","centroid_longitude":"36.72436600","map_latitude":"56.36592800","map_longitude":"36.72436600","start_latitude":"56.365928","start_longitude":"36.724366","end_latitude":"56.365928","end_longitude":"36.724366","coordinate_count":"1","length_km":"","has_point_location":"true","location_quality":"exact","coordinate_precision":"exact","coordinate_source":"","entity_confidence":"high","freshness":"recent","cross_source_support":"1","review_status":"unreviewed","confidence":"A","confidence_grade":"A","confidence_score":"1.00","selectable":"true","map_layer":"other_infrastructure","map_color":"#2a93d5","map_icon":"circle","risk_flags":"","subcategory":"other","transport_functions":"","un_locode":"","locode_country":"","locode_location":"","iata":"","remarks":"","source_date":"","detected_language":"en_or_unknown","translation_source":"","derived_subcategory":"logistics_storage","derived_subcategory_label":"Logistics & storage","derived_subcategory_confidence":"0.80","derived_subcategory_reason":"keyword match","possible_duplicate_group":"","search_text":"Klin-5 Air Base Klin-5 Air Base other_infrastructure other military other Russia Oil & Power Infrastructure Map custom_pins Logistics & storage","references_json":"[{\"reference_id\":\"ref_a7fb82ddc31b76cd\",\"source_id\":\"russia_oil_power_map\",\"source_name\":\"Russia Oil & Power Infrastructure Map\",\"source_type\":\"map_layer\",\"url\":\"https://russiaoilpowermap.com/data/custom_pins.json\",\"archive_url\":\"\",\"retrieved_at\":\"2026-09-25T08:56:03Z\",\"source_record_id\":\"pin_6ab04f5d6d1340.69210052\",\"source_file\":\"data/russia_oil_power_infrastructure.csv\",\"source_line_or_record_id\":\"114079\",\"extractor_version\":\"unknown\",\"license_or_terms\":\"unknown\",\"confidence_contribution\":\"0.82\"}]","first_seen_build":"2026-09-21T09:07:38Z","last_seen_build":"2026-09-25T08:56:03Z","change_status":"unchanged","change_types":[],"changed_since_previous_build":"false","new_in_latest_build":"false","removed_from_latest_build":"false","source_archive_date":"2026-09-25T08:56:03Z","generation_type":"","primary_fuel":"","secondary_fuels":"","plant_role":"","technology":"","installed_capacity_mw":"","operational_status":"","classification_confidence":"","classification_confidence_score":"","classification_method":"","classification_sources":"","classification_notes":"","alternate_names":"","name_ru":"","match_score":"","match_method":"","matched_source_record_ids":"","is_nuclear":"","nuclear_status":"","reactor_count":"","operating_reactor_count":"","reactor_types":"","nuclear_reference_ids":"","radiological_risk":"","substation_type":"","voltage_kv":"","voltage_levels_kv":"","connected_generation_type":"","ecological_risk_category":"","political_significance":"","risk_assessment_status":"","references":[{"reference_id":"ref_a7fb82ddc31b76cd","source_id":"russia_oil_power_map","source_name":"Russia Oil & Power Infrastructure Map","source_type":"map_layer","url":"https://russiaoilpowermap.com/data/custom_pins.json","archive_url":"","retrieved_at":"2026-09-25T08:56:03Z","source_record_id":"pin_6ab04f5d6d1340.69210052","source_file":"data/russia_oil_power_infrastructure.csv","source_line_or_record_id":"114079","extractor_version":"unknown","license_or_terms":"unknown","confidence_contribution":"0.82"}]}},{"type":"Feature","id":"infra_5d1bed73b4c1bbf1","geometry":{"type":"Point","coordinates":[35.750971,56.834642]},"properties":{"uid":"infra_5d1bed73b4c1bbf1","object_id":"infra_5d1bed73b4c1bbf1","source":"russia_oil_power_map","source_dataset":"Russia Oil & Power Infrastructure Map","source_id":"russia_oil_power_map","source_record_id":"pin_6ab04f8586c705.79234914","source_url":"https://russiaoilpowermap.com/data/custom_pins.json","source_capture_date":"2026-09-25T08:56:03Z","source_layer":"custom_pins","source_reference_id":"ref_f0def9904e924832","source_name":"Russia Oil & Power Infrastructure Map","source_type":"map_layer","source_reliability":"B","license_or_terms":"unknown","name":"Migalovo Air Base","name_en":"","description":"","name_translated":"","description_translated":"","display_label":"Migalovo Air Base","asset_class":"other_infrastructure","asset_type":"other","asset_subtype":"military","domain":"other","status":"","operator":"","product":"","country":"Russia","country_code":"","country_source":"","countries":["Russia"],"source_country":"Russia","country_match_method":"point_in_boundary","region":"","region_translated":"","subdivision":"","inn":"","is_sanctioned":"","is_mass_director":"","is_mass_founder":"","is_disqualified_persons":"","geometry_type":"Point","latitude":"56.83464200","longitude":"35.75097100","centroid_latitude":"56.83464200","centroid_longitude":"35.75097100","map_latitude":"56.83464200","map_longitude":"35.75097100","start_latitude":"56.834642","start_longitude":"35.750971","end_latitude":"56.834642","end_longitude":"35.750971","coordinate_count":"1","length_km":"","has_point_location":"true","location_quality":"exact","coordinate_precision":"exact","coordinate_source":"","entity_confidence":"high","freshness":"recent","cross_source_support":"1","review_status":"unreviewed","confidence":"A","confidence_grade":"A","confidence_score":"1.00","selectable":"true","map_layer":"other_infrastructure","map_color":"#2a93d5","map_icon":"circle","risk_flags":"","subcategory":"other","transport_functions":"","un_locode":"","locode_country":"","locode_location":"","iata":"","remarks":"","source_date":"","detected_language":"en_or_unknown","translation_source":"","derived_subcategory":"logistics_storage","derived_subcategory_label":"Logistics & storage","derived_subcategory_confidence":"0.80","derived_subcategory_reason":"keyword match","possible_duplicate_group":"","search_text":"Migalovo Air Base Migalovo Air Base other_infrastructure other military other Russia Oil & Power Infrastructure Map custom_pins Logistics & storage","references_json":"[{\"reference_id\":\"ref_f0def9904e924832\",\"source_id\":\"russia_oil_power_map\",\"source_name\":\"Russia Oil & Power Infrastructure Map\",\"source_type\":\"map_layer\",\"url\":\"https://russiaoilpowermap.com/data/custom_pins.json\",\"archive_url\":\"\",\"retrieved_at\":\"2026-09-25T08:56:03Z\",\"source_record_id\":\"pin_6ab04f8586c705.79234914\",\"source_file\":\"data/russia_oil_power_infrastructure.csv\",\"source_line_or_record_id\":\"114080\",\"extractor_version\":\"unknown\",\"license_or_terms\":\"unknown\",\"confidence_contribution\":\"0.82\"}]","first_seen_build":"2026-09-21T09:07:38Z","last_seen_build":"2026-09-25T08:56:03Z","change_status":"unchanged","change_types":[],"changed_since_previous_build":"false","new_in_latest_build":"false","removed_from_latest_build":"false","source_archive_date":"2026-09-25T08:56:03Z","generation_type":"","primary_fuel":"","secondary_fuels":"","plant_role":"","technology":"","installed_capacity_mw":"","operational_status":"","classification_confidence":"","classification_confidence_score":"","classification_method":"","classification_sources":"","classification_notes":"","alternate_names":"","name_ru":"","match_score":"","match_method":"","matched_source_record_ids":"","is_nuclear":"","nuclear_status":"","reactor_count":"","operating_reactor_count":"","reactor_types":"","nuclear_reference_ids":"","radiological_risk":"","substation_type":"","voltage_kv":"","voltage_levels_kv":"","connected_generation_type":"","ecological_risk_category":"","political_significance":"","risk_assessment_status":"","references":[{"reference_id":"ref_f0def9904e924832","source_id":"russia_oil_power_map","source_name":"Russia Oil & Power Infrastructure Map","source_type":"map_layer","url":"https://russiaoilpowermap.com/data/custom_pins.json","archive_url":"","retrieved_at":"2026-09-25T08:56:03Z","source_record_id":"pin_6ab04f8586c705.79234914","source_file":"data/russia_oil_power_infrastructure.csv","source_line_or_record_id":"114080","extractor_version":"unknown","license_or_terms":"unknown","confidence_contribution":"0.82"}]}},{"type":"Feature","id":"infra_df2674f6bd4de0a4","geometry":{"type":"Point","coordinates":[35.007741,57.049461]},"properties":{"uid":"infra_df2674f6bd4de0a4","object_id":"infra_df2674f6bd4de0a4","source":"russia_oil_power_map","source_dataset":"Russia Oil & Power Infrastructure Map","source_id":"russia_oil_power_map","source_record_id":"pin_6ab04fa29e1ce1.51736223","source_url":"https://russiaoilpowermap.com/data/custom_pins.json","source_capture_date":"2026-09-25T08:56:03Z","source_layer":"custom_pins","source_reference_id":"ref_fcb2f34a307de329","source_name":"Russia Oil & Power Infrastructure Map","source_type":"map_layer","source_reliability":"B","license_or_terms":"unknown","name":"Torzhok Helicopter Base","name_en":"","description":"","name_translated":"","description_translated":"","display_label":"Torzhok Helicopter Base","asset_class":"other_infrastructure","asset_type":"other","asset_subtype":"military","domain":"other","status":"","operator":"","product":"","country":"Russia","country_code":"","country_source":"","countries":["Russia"],"source_country":"Russia","country_match_method":"point_in_boundary","region":"","region_translated":"","subdivision":"","inn":"","is_sanctioned":"","is_mass_director":"","is_mass_founder":"","is_disqualified_persons":"","geometry_type":"Point","latitude":"57.04946100","longitude":"35.00774100","centroid_latitude":"57.04946100","centroid_longitude":"35.00774100","map_latitude":"57.04946100","map_longitude":"35.00774100","start_latitude":"57.049461","start_longitude":"35.007741","end_latitude":"57.049461","end_longitude":"35.007741","coordinate_count":"1","length_km":"","has_point_location":"true","location_quality":"exact","coordinate_precision":"exact","coordinate_source":"","entity_confidence":"high","freshness":"recent","cross_source_support":"1","review_status":"unreviewed","confidence":"A","confidence_grade":"A","confidence_score":"1.00","selectable":"true","map_layer":"other_infrastructure","map_color":"#2a93d5","map_icon":"circle","risk_flags":"","subcategory":"other","transport_functions":"","un_locode":"","locode_country":"","locode_location":"","iata":"","remarks":"","source_date":"","detected_language":"en_or_unknown","translation_source":"","derived_subcategory":"aviation_aerospace","derived_subcategory_label":"Aviation & aerospace","derived_subcategory_confidence":"0.86","derived_subcategory_reason":"keyword match","possible_duplicate_group":"","search_text":"Torzhok Helicopter Base Torzhok Helicopter Base other_infrastructure other military other Russia Oil & Power Infrastructure Map custom_pins Aviation & aerospace","references_json":"[{\"reference_id\":\"ref_fcb2f34a307de329\",\"source_id\":\"russia_oil_power_map\",\"source_name\":\"Russia Oil & Power Infrastructure Map\",\"source_type\":\"map_layer\",\"url\":\"https://russiaoilpowermap.com/data/custom_pins.json\",\"archive_url\":\"\",\"retrieved_at\":\"2026-09-25T08:56:03Z\",\"source_record_id\":\"pin_6ab04fa29e1ce1.51736223\",\"source_file\":\"data/russia_oil_power_infrastructure.csv\",\"source_line_or_record_id\":\"114081\",\"extractor_version\":\"unknown\",\"license_or_terms\":\"unknown\",\"confidence_contribution\":\"0.82\"}]","first_seen_build":"2026-09-21T09:07:38Z","last_seen_build":"2026-09-25T08:56:03Z","change_status":"unchanged","change_types":[],"changed_since_previous_build":"false","new_in_latest_build":"false","removed_from_latest_build":"false","source_archive_date":"2026-09-25T08:56:03Z","generation_type":"","primary_fuel":"","secondary_fuels":"","plant_role":"","technology":"","installed_capacity_mw":"","operational_status":"","classification_confidence":"","classification_confidence_score":"","classification_method":"","classification_sources":"","classification_notes":"","alternate_names":"","name_ru":"","match_score":"","match_method":"","matched_source_record_ids":"","is_nuclear":"","nuclear_status":"","reactor_count":"","operating_reactor_count":"","reactor_types":"","nuclear_reference_ids":"","radiological_risk":"","substation_type":"","voltage_kv":"","voltage_levels_kv":"","connected_generation_type":"","ecological_risk_category":"","political_significance":"","risk_assessment_status":"","references":[{"reference_id":"ref_fcb2f34a307de329","source_id":"russia_oil_power_map","source_name":"Russia Oil & Power Infrastructure Map","source_type":"map_layer","url":"https://russiaoilpowermap.com/data/custom_pins.json","archive_url":"","retrieved_at":"2026-09-25T08:56:03Z","source_record_id":"pin_6ab04fa29e1ce1.51736223","source_file":"data/russia_oil_power_infrastructure.csv","source_line_or_record_id":"114081","extractor_version":"unknown","license_or_terms":"unknown","confidence_contribution":"0.82"}]}},{"type":"Feature","id":"infra_13fec322b08a31ba","geometry":{"type":"Point","coordinates":[34.089332,57.651222]},"properties":{"uid":"infra_13fec322b08a31ba","object_id":"infra_13fec322b08a31ba","source":"russia_oil_power_map","source_dataset":"Russia Oil & Power Infrastructure Map","source_id":"russia_oil_power_map","source_record_id":"pin_6ab04fd8c928a7.44392460","source_url":"https://russiaoilpowermap.com/data/custom_pins.json","source_capture_date":"2026-09-25T08:56:03Z","source_layer":"custom_pins","source_reference_id":"ref_356836a2991e2b2d","source_name":"Russia Oil & Power Infrastructure Map","source_type":"map_layer","source_reliability":"B","license_or_terms":"unknown","name":"Khotilovo Air Base","name_en":"","description":"","name_translated":"","description_translated":"","display_label":"Khotilovo Air Base","asset_class":"other_infrastructure","asset_type":"other","asset_subtype":"military","domain":"other","status":"","operator":"","product":"","country":"Russia","country_code":"","country_source":"","countries":["Russia"],"source_country":"Russia","country_match_method":"point_in_boundary","region":"","region_translated":"","subdivision":"","inn":"","is_sanctioned":"","is_mass_director":"","is_mass_founder":"","is_disqualified_persons":"","geometry_type":"Point","latitude":"57.65122200","longitude":"34.08933200","centroid_latitude":"57.65122200","centroid_longitude":"34.08933200","map_latitude":"57.65122200","map_longitude":"34.08933200","start_latitude":"57.651222","start_longitude":"34.089332","end_latitude":"57.651222","end_longitude":"34.089332","coordinate_count":"1","length_km":"","has_point_location":"true","location_quality":"exact","coordinate_precision":"exact","coordinate_source":"","entity_confidence":"high","freshness":"recent","cross_source_support":"1","review_status":"unreviewed","confidence":"A","confidence_grade":"A","confidence_score":"1.00","selectable":"true","map_layer":"other_infrastructure","map_color":"#2a93d5","map_icon":"circle","risk_flags":"","subcategory":"other","transport_functions":"","un_locode":"","locode_country":"","locode_location":"","iata":"","remarks":"","source_date":"","detected_language":"en_or_unknown","translation_source":"","derived_subcategory":"logistics_storage","derived_subcategory_label":"Logistics & storage","derived_subcategory_confidence":"0.80","derived_subcategory_reason":"keyword match","possible_duplicate_group":"","search_text":"Khotilovo Air Base Khotilovo Air Base other_infrastructure other military other Russia Oil & Power Infrastructure Map custom_pins Logistics & storage","references_json":"[{\"reference_id\":\"ref_356836a2991e2b2d\",\"source_id\":\"russia_oil_power_map\",\"source_name\":\"Russia Oil & Power Infrastructure Map\",\"source_type\":\"map_layer\",\"url\":\"https://russiaoilpowermap.com/data/custom_pins.json\",\"archive_url\":\"\",\"retrieved_at\":\"2026-09-25T08:56:03Z\",\"source_record_id\":\"pin_6ab04fd8c928a7.44392460\",\"source_file\":\"data/russia_oil_power_infrastructure.csv\",\"source_line_or_record_id\":\"114082\",\"extractor_version\":\"unknown\",\"license_or_terms\":\"unknown\",\"confidence_contribution\":\"0.82\"}]","first_seen_build":"2026-09-21T09:07:38Z","last_seen_build":"2026-09-25T08:56:03Z","change_status":"unchanged","change_types":[],"changed_since_previous_build":"false","new_in_latest_build":"false","removed_from_latest_build":"false","source_archive_date":"2026-09-25T08:56:03Z","generation_type":"","primary_fuel":"","secondary_fuels":"","plant_role":"","technology":"","installed_capacity_mw":"","operational_status":"","classification_confidence":"","classification_confidence_score":"","classification_method":"","classification_sources":"","classification_notes":"","alternate_names":"","name_ru":"","match_score":"","match_method":"","matched_source_record_ids":"","is_nuclear":"","nuclear_status":"","reactor_count":"","operating_reactor_count":"","reactor_types":"","nuclear_reference_ids":"","radiological_risk":"","substation_type":"","voltage_kv":"","voltage_levels_kv":"","connected_generation_type":"","ecological_risk_category":"","political_significance":"","risk_assessment_status":"","references":[{"reference_id":"ref_356836a2991e2b2d","source_id":"russia_oil_power_map","source_name":"Russia Oil & Power Infrastructure Map","source_type":"map_layer","url":"https://russiaoilpowermap.com/data/custom_pins.json","archive_url":"","retrieved_at":"2026-09-25T08:56:03Z","source_record_id":"pin_6ab04fd8c928a7.44392460","source_file":"data/russia_oil_power_infrastructure.csv","source_line_or_record_id":"114082","extractor_version":"unknown","license_or_terms":"unknown","confidence_contribution":"0.82"}]}},{"type":"Feature","id":"infra_3e67b27e93dd112e","geometry":{"type":"Point","coordinates":[28.421438,57.292559]},"properties":{"uid":"infra_3e67b27e93dd112e","object_id":"infra_3e67b27e93dd112e","source":"russia_oil_power_map","source_dataset":"Russia Oil & Power Infrastructure Map","source_id":"russia_oil_power_map","source_record_id":"pin_6ab050851927a9.30774314","source_url":"https://russiaoilpowermap.com/data/custom_pins.json","source_capture_date":"2026-09-25T08:56:03Z","source_layer":"custom_pins","source_reference_id":"ref_81548d839efc8450","source_name":"Russia Oil & Power Infrastructure Map","source_type":"map_layer","source_reliability":"B","license_or_terms":"unknown","name":"Veretye Air Base","name_en":"","description":"","name_translated":"","description_translated":"","display_label":"Veretye Air Base","asset_class":"other_infrastructure","asset_type":"other","asset_subtype":"military","domain":"other","status":"","operator":"","product":"","country":"Russia","country_code":"","country_source":"","countries":["Russia"],"source_country":"Russia","country_match_method":"point_in_boundary","region":"","region_translated":"","subdivision":"","inn":"","is_sanctioned":"","is_mass_director":"","is_mass_founder":"","is_disqualified_persons":"","geometry_type":"Point","latitude":"57.29255900","longitude":"28.42143800","centroid_latitude":"57.29255900","centroid_longitude":"28.42143800","map_latitude":"57.29255900","map_longitude":"28.42143800","start_latitude":"57.292559","start_longitude":"28.421438","end_latitude":"57.292559","end_longitude":"28.421438","coordinate_count":"1","length_km":"","has_point_location":"true","location_quality":"exact","coordinate_precision":"exact","coordinate_source":"","entity_confidence":"high","freshness":"recent","cross_source_support":"1","review_status":"unreviewed","confidence":"A","confidence_grade":"A","confidence_score":"1.00","selectable":"true","map_layer":"other_infrastructure","map_color":"#2a93d5","map_icon":"circle","risk_flags":"","subcategory":"other","transport_functions":"","un_locode":"","locode_country":"","locode_location":"","iata":"","remarks":"","source_date":"","detected_language":"en_or_unknown","translation_source":"","derived_subcategory":"logistics_storage","derived_subcategory_label":"Logistics & storage","derived_subcategory_confidence":"0.80","derived_subcategory_reason":"keyword match","possible_duplicate_group":"","search_text":"Veretye Air Base Veretye Air Base other_infrastructure other military other Russia Oil & Power Infrastructure Map custom_pins Logistics & storage","references_json":"[{\"reference_id\":\"ref_81548d839efc8450\",\"source_id\":\"russia_oil_power_map\",\"source_name\":\"Russia Oil & Power Infrastructure Map\",\"source_type\":\"map_layer\",\"url\":\"https://russiaoilpowermap.com/data/custom_pins.json\",\"archive_url\":\"\",\"retrieved_at\":\"2026-09-25T08:56:03Z\",\"source_record_id\":\"pin_6ab050851927a9.30774314\",\"source_file\":\"data/russia_oil_power_infrastructure.csv\",\"source_line_or_record_id\":\"114083\",\"extractor_version\":\"unknown\",\"license_or_terms\":\"unknown\",\"confidence_contribution\":\"0.82\"}]","first_seen_build":"2026-09-21T09:07:38Z","last_seen_build":"2026-09-25T08:56:03Z","change_status":"unchanged","change_types":[],"changed_since_previous_build":"false","new_in_latest_build":"false","removed_from_latest_build":"false","source_archive_date":"2026-09-25T08:56:03Z","generation_type":"","primary_fuel":"","secondary_fuels":"","plant_role":"","technology":"","installed_capacity_mw":"","operational_status":"","classification_confidence":"","classification_confidence_score":"","classification_method":"","classification_sources":"","classification_notes":"","alternate_names":"","name_ru":"","match_score":"","match_method":"","matched_source_record_ids":"","is_nuclear":"","nuclear_status":"","reactor_count":"","operating_reactor_count":"","reactor_types":"","nuclear_reference_ids":"","radiological_risk":"","substation_type":"","voltage_kv":"","voltage_levels_kv":"","connected_generation_type":"","ecological_risk_category":"","political_significance":"","risk_assessment_status":"","references":[{"reference_id":"ref_81548d839efc8450","source_id":"russia_oil_power_map","source_name":"Russia Oil & Power Infrastructure Map","source_type":"map_layer","url":"https://russiaoilpowermap.com/data/custom_pins.json","archive_url":"","retrieved_at":"2026-09-25T08:56:03Z","source_record_id":"pin_6ab050851927a9.30774314","source_file":"data/russia_oil_power_infrastructure.csv","source_line_or_record_id":"114083","extractor_version":"unknown","license_or_terms":"unknown","confidence_contribution":"0.82"}]}},{"type":"Feature","id":"infra_1d85ee420913c1e2","geometry":{"type":"Point","coordinates":[28.381827,57.787502]},"properties":{"uid":"infra_1d85ee420913c1e2","object_id":"infra_1d85ee420913c1e2","source":"russia_oil_power_map","source_dataset":"Russia Oil & Power Infrastructure Map","source_id":"russia_oil_power_map","source_record_id":"pin_6ab050a21ff429.84922010","source_url":"https://russiaoilpowermap.com/data/custom_pins.json","source_capture_date":"2026-09-25T08:56:03Z","source_layer":"custom_pins","source_reference_id":"ref_9f0d4b126d46b5b3","source_name":"Russia Oil & Power Infrastructure Map","source_type":"map_layer","source_reliability":"B","license_or_terms":"unknown","name":"Pskov Air Base","name_en":"","description":"","name_translated":"","description_translated":"","display_label":"Pskov Air Base","asset_class":"other_infrastructure","asset_type":"other","asset_subtype":"military","domain":"other","status":"","operator":"","product":"","country":"Russia","country_code":"","country_source":"","countries":["Russia"],"source_country":"Russia","country_match_method":"point_in_boundary","region":"","region_translated":"","subdivision":"","inn":"","is_sanctioned":"","is_mass_director":"","is_mass_founder":"","is_disqualified_persons":"","geometry_type":"Point","latitude":"57.78750200","longitude":"28.38182700","centroid_latitude":"57.78750200","centroid_longitude":"28.38182700","map_latitude":"57.78750200","map_longitude":"28.38182700","start_latitude":"57.787502","start_longitude":"28.381827","end_latitude":"57.787502","end_longitude":"28.381827","coordinate_count":"1","length_km":"","has_point_location":"true","location_quality":"exact","coordinate_precision":"exact","coordinate_source":"","entity_confidence":"high","freshness":"recent","cross_source_support":"1","review_status":"unreviewed","confidence":"A","confidence_grade":"A","confidence_score":"1.00","selectable":"true","map_layer":"other_infrastructure","map_color":"#2a93d5","map_icon":"circle","risk_flags":"","subcategory":"other","transport_functions":"","un_locode":"","locode_country":"","locode_location":"","iata":"","remarks":"","source_date":"","detected_language":"en_or_unknown","translation_source":"","derived_subcategory":"logistics_storage","derived_subcategory_label":"Logistics & storage","derived_subcategory_confidence":"0.80","derived_subcategory_reason":"keyword match","possible_duplicate_group":"","search_text":"Pskov Air Base Pskov Air Base other_infrastructure other military other Russia Oil & Power Infrastructure Map custom_pins Logistics & storage","references_json":"[{\"reference_id\":\"ref_9f0d4b126d46b5b3\",\"source_id\":\"russia_oil_power_map\",\"source_name\":\"Russia Oil & Power Infrastructure Map\",\"source_type\":\"map_layer\",\"url\":\"https://russiaoilpowermap.com/data/custom_pins.json\",\"archive_url\":\"\",\"retrieved_at\":\"2026-09-25T08:56:03Z\",\"source_record_id\":\"pin_6ab050a21ff429.84922010\",\"source_file\":\"data/russia_oil_power_infrastructure.csv\",\"source_line_or_record_id\":\"114084\",\"extractor_version\":\"unknown\",\"license_or_terms\":\"unknown\",\"confidence_contribution\":\"0.82\"}]","first_seen_build":"2026-09-21T09:07:38Z","last_seen_build":"2026-09-25T08:56:03Z","change_status":"unchanged","change_types":[],"changed_since_previous_build":"false","new_in_latest_build":"false","removed_from_latest_build":"false","source_archive_date":"2026-09-25T08:56:03Z","generation_type":"","primary_fuel":"","secondary_fuels":"","plant_role":"","technology":"","installed_capacity_mw":"","operational_status":"","classification_confidence":"","classification_confidence_score":"","classification_method":"","classification_sources":"","classification_notes":"","alternate_names":"","name_ru":"","match_score":"","match_method":"","matched_source_record_ids":"","is_nuclear":"","nuclear_status":"","reactor_count":"","operating_reactor_count":"","reactor_types":"","nuclear_reference_ids":"","radiological_risk":"","substation_type":"","voltage_kv":"","voltage_levels_kv":"","connected_generation_type":"","ecological_risk_category":"","political_significance":"","risk_assessment_status":"","references":[{"reference_id":"ref_9f0d4b126d46b5b3","source_id":"russia_oil_power_map","source_name":"Russia Oil & Power Infrastructure Map","source_type":"map_layer","url":"https://russiaoilpowermap.com/data/custom_pins.json","archive_url":"","retrieved_at":"2026-09-25T08:56:03Z","source_record_id":"pin_6ab050a21ff429.84922010","source_file":"data/russia_oil_power_infrastructure.csv","source_line_or_record_id":"114084","extractor_version":"unknown","license_or_terms":"unknown","confidence_contribution":"0.82"}]}},{"type":"Feature","id":"infra_0aee479f1eef02a6","geometry":{"type":"Point","coordinates":[30.338852,59.694907]},"properties":{"uid":"infra_0aee479f1eef02a6","object_id":"infra_0aee479f1eef02a6","source":"russia_oil_power_map","source_dataset":"Russia Oil & Power Infrastructure Map","source_id":"russia_oil_power_map","source_record_id":"pin_6ab050eebf79e2.31546600","source_url":"https://russiaoilpowermap.com/data/custom_pins.json","source_capture_date":"2026-09-25T08:56:03Z","source_layer":"custom_pins","source_reference_id":"ref_679555ffb143851b","source_name":"Russia Oil & Power Infrastructure Map","source_type":"map_layer","source_reliability":"B","license_or_terms":"unknown","name":"Pushkin Helicopter Base","name_en":"","description":"","name_translated":"","description_translated":"","display_label":"Pushkin Helicopter Base","asset_class":"other_infrastructure","asset_type":"other","asset_subtype":"military","domain":"other","status":"","operator":"","product":"","country":"Russia","country_code":"","country_source":"","countries":["Russia"],"source_country":"Russia","country_match_method":"point_in_boundary","region":"","region_translated":"","subdivision":"","inn":"","is_sanctioned":"","is_mass_director":"","is_mass_founder":"","is_disqualified_persons":"","geometry_type":"Point","latitude":"59.69490700","longitude":"30.33885200","centroid_latitude":"59.69490700","centroid_longitude":"30.33885200","map_latitude":"59.69490700","map_longitude":"30.33885200","start_latitude":"59.694907","start_longitude":"30.338852","end_latitude":"59.694907","end_longitude":"30.338852","coordinate_count":"1","length_km":"","has_point_location":"true","location_quality":"exact","coordinate_precision":"exact","coordinate_source":"","entity_confidence":"high","freshness":"recent","cross_source_support":"1","review_status":"unreviewed","confidence":"A","confidence_grade":"A","confidence_score":"1.00","selectable":"true","map_layer":"other_infrastructure","map_color":"#2a93d5","map_icon":"circle","risk_flags":"","subcategory":"other","transport_functions":"","un_locode":"","locode_country":"","locode_location":"","iata":"","remarks":"","source_date":"","detected_language":"en_or_unknown","translation_source":"","derived_subcategory":"aviation_aerospace","derived_subcategory_label":"Aviation & aerospace","derived_subcategory_confidence":"0.86","derived_subcategory_reason":"keyword match","possible_duplicate_group":"","search_text":"Pushkin Helicopter Base Pushkin Helicopter Base other_infrastructure other military other Russia Oil & Power Infrastructure Map custom_pins Aviation & aerospace","references_json":"[{\"reference_id\":\"ref_679555ffb143851b\",\"source_id\":\"russia_oil_power_map\",\"source_name\":\"Russia Oil & Power Infrastructure Map\",\"source_type\":\"map_layer\",\"url\":\"https://russiaoilpowermap.com/data/custom_pins.json\",\"archive_url\":\"\",\"retrieved_at\":\"2026-09-25T08:56:03Z\",\"source_record_id\":\"pin_6ab050eebf79e2.31546600\",\"source_file\":\"data/russia_oil_power_infrastructure.csv\",\"source_line_or_record_id\":\"114085\",\"extractor_version\":\"unknown\",\"license_or_terms\":\"unknown\",\"confidence_contribution\":\"0.82\"}]","first_seen_build":"2026-09-21T09:07:38Z","last_seen_build":"2026-09-25T08:56:03Z","change_status":"unchanged","change_types":[],"changed_since_previous_build":"false","new_in_latest_build":"false","removed_from_latest_build":"false","source_archive_date":"2026-09-25T08:56:03Z","generation_type":"","primary_fuel":"","secondary_fuels":"","plant_role":"","technology":"","installed_capacity_mw":"","operational_status":"","classification_confidence":"","classification_confidence_score":"","classification_method":"","classification_sources":"","classification_notes":"","alternate_names":"","name_ru":"","match_score":"","match_method":"","matched_source_record_ids":"","is_nuclear":"","nuclear_status":"","reactor_count":"","operating_reactor_count":"","reactor_types":"","nuclear_reference_ids":"","radiological_risk":"","substation_type":"","voltage_kv":"","voltage_levels_kv":"","connected_generation_type":"","ecological_risk_category":"","political_significance":"","risk_assessment_status":"","references":[{"reference_id":"ref_679555ffb143851b","source_id":"russia_oil_power_map","source_name":"Russia Oil & Power Infrastructure Map","source_type":"map_layer","url":"https://russiaoilpowermap.com/data/custom_pins.json","archive_url":"","retrieved_at":"2026-09-25T08:56:03Z","source_record_id":"pin_6ab050eebf79e2.31546600","source_file":"data/russia_oil_power_infrastructure.csv","source_line_or_record_id":"114085","extractor_version":"unknown","license_or_terms":"unknown","confidence_contribution":"0.82"}]}},{"type":"Feature","id":"infra_76596c9a245e021c","geometry":{"type":"Point","coordinates":[30.205193,60.089074]},"properties":{"uid":"infra_76596c9a245e021c","object_id":"infra_76596c9a245e021c","source":"russia_oil_power_map","source_dataset":"Russia Oil & Power Infrastructure Map","source_id":"russia_oil_power_map","source_record_id":"pin_6ab05141697c17.50731106","source_url":"https://russiaoilpowermap.com/data/custom_pins.json","source_capture_date":"2026-09-25T08:56:03Z","source_layer":"custom_pins","source_reference_id":"ref_5339bc890e9a2adb","source_name":"Russia Oil & Power Infrastructure Map","source_type":"map_layer","source_reliability":"B","license_or_terms":"unknown","name":"Levashovo Air Base","name_en":"","description":"","name_translated":"","description_translated":"","display_label":"Levashovo Air Base","asset_class":"other_infrastructure","asset_type":"other","asset_subtype":"military","domain":"other","status":"","operator":"","product":"","country":"Russia","country_code":"","country_source":"","countries":["Russia"],"source_country":"Russia","country_match_method":"point_in_boundary","region":"","region_translated":"","subdivision":"","inn":"","is_sanctioned":"","is_mass_director":"","is_mass_founder":"","is_disqualified_persons":"","geometry_type":"Point","latitude":"60.08907400","longitude":"30.20519300","centroid_latitude":"60.08907400","centroid_longitude":"30.20519300","map_latitude":"60.08907400","map_longitude":"30.20519300","start_latitude":"60.089074","start_longitude":"30.205193","end_latitude":"60.089074","end_longitude":"30.205193","coordinate_count":"1","length_km":"","has_point_location":"true","location_quality":"exact","coordinate_precision":"exact","coordinate_source":"","entity_confidence":"high","freshness":"recent","cross_source_support":"1","review_status":"unreviewed","confidence":"A","confidence_grade":"A","confidence_score":"1.00","selectable":"true","map_layer":"other_infrastructure","map_color":"#2a93d5","map_icon":"circle","risk_flags":"","subcategory":"other","transport_functions":"","un_locode":"","locode_country":"","locode_location":"","iata":"","remarks":"","source_date":"","detected_language":"en_or_unknown","translation_source":"","derived_subcategory":"logistics_storage","derived_subcategory_label":"Logistics & storage","derived_subcategory_confidence":"0.80","derived_subcategory_reason":"keyword match","possible_duplicate_group":"","search_text":"Levashovo Air Base Levashovo Air Base other_infrastructure other military other Russia Oil & Power Infrastructure Map custom_pins Logistics & storage","references_json":"[{\"reference_id\":\"ref_5339bc890e9a2adb\",\"source_id\":\"russia_oil_power_map\",\"source_name\":\"Russia Oil & Power Infrastructure Map\",\"source_type\":\"map_layer\",\"url\":\"https://russiaoilpowermap.com/data/custom_pins.json\",\"archive_url\":\"\",\"retrieved_at\":\"2026-09-25T08:56:03Z\",\"source_record_id\":\"pin_6ab05141697c17.50731106\",\"source_file\":\"data/russia_oil_power_infrastructure.csv\",\"source_line_or_record_id\":\"114086\",\"extractor_version\":\"unknown\",\"license_or_terms\":\"unknown\",\"confidence_contribution\":\"0.82\"}]","first_seen_build":"2026-09-21T09:07:38Z","last_seen_build":"2026-09-25T08:56:03Z","change_status":"unchanged","change_types":[],"changed_since_previous_build":"false","new_in_latest_build":"false","removed_from_latest_build":"false","source_archive_date":"2026-09-25T08:56:03Z","generation_type":"","primary_fuel":"","secondary_fuels":"","plant_role":"","technology":"","installed_capacity_mw":"","operational_status":"","classification_confidence":"","classification_confidence_score":"","classification_method":"","classification_sources":"","classification_notes":"","alternate_names":"","name_ru":"","match_score":"","match_method":"","matched_source_record_ids":"","is_nuclear":"","nuclear_status":"","reactor_count":"","operating_reactor_count":"","reactor_types":"","nuclear_reference_ids":"","radiological_risk":"","substation_type":"","voltage_kv":"","voltage_levels_kv":"","connected_generation_type":"","ecological_risk_category":"","political_significance":"","risk_assessment_status":"","references":[{"reference_id":"ref_5339bc890e9a2adb","source_id":"russia_oil_power_map","source_name":"Russia Oil & Power Infrastructure Map","source_type":"map_layer","url":"https://russiaoilpowermap.com/data/custom_pins.json","archive_url":"","retrieved_at":"2026-09-25T08:56:03Z","source_record_id":"pin_6ab05141697c17.50731106","source_file":"data/russia_oil_power_infrastructure.csv","source_line_or_record_id":"114086","extractor_version":"unknown","license_or_terms":"unknown","confidence_contribution":"0.82"}]}},{"type":"Feature","id":"infra_36cd58fb84542b0c","geometry":{"type":"Point","coordinates":[28.731866,60.461545]},"properties":{"uid":"infra_36cd58fb84542b0c","object_id":"infra_36cd58fb84542b0c","source":"russia_oil_power_map","source_dataset":"Russia Oil & Power Infrastructure Map","source_id":"russia_oil_power_map","source_record_id":"pin_6ab0516d90ecc0.04430246","source_url":"https://russiaoilpowermap.com/data/custom_pins.json","source_capture_date":"2026-09-25T08:56:03Z","source_layer":"custom_pins","source_reference_id":"ref_eb3ca1112b3457b5","source_name":"Russia Oil & Power Infrastructure Map","source_type":"map_layer","source_reliability":"B","license_or_terms":"unknown","name":"Pribylovo Helicopter Base","name_en":"","description":"","name_translated":"","description_translated":"","display_label":"Pribylovo Helicopter Base","asset_class":"other_infrastructure","asset_type":"other","asset_subtype":"military","domain":"other","status":"","operator":"","product":"","country":"Russia","country_code":"","country_source":"","countries":["Russia"],"source_country":"Russia","country_match_method":"point_in_boundary","region":"","region_translated":"","subdivision":"","inn":"","is_sanctioned":"","is_mass_director":"","is_mass_founder":"","is_disqualified_persons":"","geometry_type":"Point","latitude":"60.46154500","longitude":"28.73186600","centroid_latitude":"60.46154500","centroid_longitude":"28.73186600","map_latitude":"60.46154500","map_longitude":"28.73186600","start_latitude":"60.461545","start_longitude":"28.731866","end_latitude":"60.461545","end_longitude":"28.731866","coordinate_count":"1","length_km":"","has_point_location":"true","location_quality":"exact","coordinate_precision":"exact","coordinate_source":"","entity_confidence":"high","freshness":"recent","cross_source_support":"1","review_status":"unreviewed","confidence":"A","confidence_grade":"A","confidence_score":"1.00","selectable":"true","map_layer":"other_infrastructure","map_color":"#2a93d5","map_icon":"circle","risk_flags":"","subcategory":"other","transport_functions":"","un_locode":"","locode_country":"","locode_location":"","iata":"","remarks":"","source_date":"","detected_language":"en_or_unknown","translation_source":"","derived_subcategory":"aviation_aerospace","derived_subcategory_label":"Aviation & aerospace","derived_subcategory_confidence":"0.86","derived_subcategory_reason":"keyword match","possible_duplicate_group":"","search_text":"Pribylovo Helicopter Base Pribylovo Helicopter Base other_infrastructure other military other Russia Oil & Power Infrastructure Map custom_pins Aviation & aerospace","references_json":"[{\"reference_id\":\"ref_eb3ca1112b3457b5\",\"source_id\":\"russia_oil_power_map\",\"source_name\":\"Russia Oil & Power Infrastructure Map\",\"source_type\":\"map_layer\",\"url\":\"https://russiaoilpowermap.com/data/custom_pins.json\",\"archive_url\":\"\",\"retrieved_at\":\"2026-09-25T08:56:03Z\",\"source_record_id\":\"pin_6ab0516d90ecc0.04430246\",\"source_file\":\"data/russia_oil_power_infrastructure.csv\",\"source_line_or_record_id\":\"114087\",\"extractor_version\":\"unknown\",\"license_or_terms\":\"unknown\",\"confidence_contribution\":\"0.82\"}]","first_seen_build":"2026-09-21T09:07:38Z","last_seen_build":"2026-09-25T08:56:03Z","change_status":"unchanged","change_types":[],"changed_since_previous_build":"false","new_in_latest_build":"false","removed_from_latest_build":"false","source_archive_date":"2026-09-25T08:56:03Z","generation_type":"","primary_fuel":"","secondary_fuels":"","plant_role":"","technology":"","installed_capacity_mw":"","operational_status":"","classification_confidence":"","classification_confidence_score":"","classification_method":"","classification_sources":"","classification_notes":"","alternate_names":"","name_ru":"","match_score":"","match_method":"","matched_source_record_ids":"","is_nuclear":"","nuclear_status":"","reactor_count":"","operating_reactor_count":"","reactor_types":"","nuclear_reference_ids":"","radiological_risk":"","substation_type":"","voltage_kv":"","voltage_levels_kv":"","connected_generation_type":"","ecological_risk_category":"","political_significance":"","risk_assessment_status":"","references":[{"reference_id":"ref_eb3ca1112b3457b5","source_id":"russia_oil_power_map","source_name":"Russia Oil & Power Infrastructure Map","source_type":"map_layer","url":"https://russiaoilpowermap.com/data/custom_pins.json","archive_url":"","retrieved_at":"2026-09-25T08:56:03Z","source_record_id":"pin_6ab0516d90ecc0.04430246","source_file":"data/russia_oil_power_infrastructure.csv","source_line_or_record_id":"114087","extractor_version":"unknown","license_or_terms":"unknown","confidence_contribution":"0.82"}]}},{"type":"Feature","id":"infra_7031997f5fcc668c","geometry":{"type":"Point","coordinates":[29.775395,59.979432]},"properties":{"uid":"infra_7031997f5fcc668c","object_id":"infra_7031997f5fcc668c","source":"russia_oil_power_map","source_dataset":"Russia Oil & Power Infrastructure Map","source_id":"russia_oil_power_map","source_record_id":"pin_6ab051cb912c62.18321050","source_url":"https://russiaoilpowermap.com/data/custom_pins.json","source_capture_date":"2026-09-25T08:56:03Z","source_layer":"custom_pins","source_reference_id":"ref_6b2a821e5d874ece","source_name":"Russia Oil & Power Infrastructure Map","source_type":"map_layer","source_reliability":"B","license_or_terms":"unknown","name":"Kronshtadt Naval Base","name_en":"","description":"","name_translated":"","description_translated":"","display_label":"Kronshtadt Naval Base","asset_class":"other_infrastructure","asset_type":"other","asset_subtype":"military","domain":"other","status":"","operator":"","product":"","country":"Unknown","country_code":"","country_source":"","countries":["Unknown"],"source_country":"Russia","country_match_method":"no_boundary_match","region":"","region_translated":"","subdivision":"","inn":"","is_sanctioned":"","is_mass_director":"","is_mass_founder":"","is_disqualified_persons":"","geometry_type":"Point","latitude":"59.97943200","longitude":"29.77539500","centroid_latitude":"59.97943200","centroid_longitude":"29.77539500","map_latitude":"59.97943200","map_longitude":"29.77539500","start_latitude":"59.979432","start_longitude":"29.775395","end_latitude":"59.979432","end_longitude":"29.775395","coordinate_count":"1","length_km":"","has_point_location":"true","location_quality":"exact","coordinate_precision":"exact","coordinate_source":"","entity_confidence":"high","freshness":"recent","cross_source_support":"1","review_status":"unreviewed","confidence":"A","confidence_grade":"A","confidence_score":"1.00","selectable":"true","map_layer":"other_infrastructure","map_color":"#2a93d5","map_icon":"circle","risk_flags":"","subcategory":"other","transport_functions":"","un_locode":"","locode_country":"","locode_location":"","iata":"","remarks":"","source_date":"","detected_language":"en_or_unknown","translation_source":"","derived_subcategory":"naval_fleet_coast_guard","derived_subcategory_label":"Naval, fleet & coast guard","derived_subcategory_confidence":"0.86","derived_subcategory_reason":"keyword match","possible_duplicate_group":"","search_text":"Kronshtadt Naval Base Kronshtadt Naval Base other_infrastructure other military other Russia Oil & Power Infrastructure Map custom_pins Naval, fleet & coast guard","references_json":"[{\"reference_id\":\"ref_6b2a821e5d874ece\",\"source_id\":\"russia_oil_power_map\",\"source_name\":\"Russia Oil & Power Infrastructure Map\",\"source_type\":\"map_layer\",\"url\":\"https://russiaoilpowermap.com/data/custom_pins.json\",\"archive_url\":\"\",\"retrieved_at\":\"2026-09-25T08:56:03Z\",\"source_record_id\":\"pin_6ab051cb912c62.18321050\",\"source_file\":\"data/russia_oil_power_infrastructure.csv\",\"source_line_or_record_id\":\"114088\",\"extractor_version\":\"unknown\",\"license_or_terms\":\"unknown\",\"confidence_contribution\":\"0.82\"}]","first_seen_build":"2026-09-21T09:07:38Z","last_seen_build":"2026-09-25T08:56:03Z","change_status":"unchanged","change_types":[],"changed_since_previous_build":"false","new_in_latest_build":"false","removed_from_latest_build":"false","source_archive_date":"2026-09-25T08:56:03Z","generation_type":"","primary_fuel":"","secondary_fuels":"","plant_role":"","technology":"","installed_capacity_mw":"","operational_status":"","classification_confidence":"","classification_confidence_score":"","classification_method":"","classification_sources":"","classification_notes":"","alternate_names":"","name_ru":"","match_score":"","match_method":"","matched_source_record_ids":"","is_nuclear":"","nuclear_status":"","reactor_count":"","operating_reactor_count":"","reactor_types":"","nuclear_reference_ids":"","radiological_risk":"","substation_type":"","voltage_kv":"","voltage_levels_kv":"","connected_generation_type":"","ecological_risk_category":"","political_significance":"","risk_assessment_status":"","references":[{"reference_id":"ref_6b2a821e5d874ece","source_id":"russia_oil_power_map","source_name":"Russia Oil & Power Infrastructure Map","source_type":"map_layer","url":"https://russiaoilpowermap.com/data/custom_pins.json","archive_url":"","retrieved_at":"2026-09-25T08:56:03Z","source_record_id":"pin_6ab051cb912c62.18321050","source_file":"data/russia_oil_power_infrastructure.csv","source_line_or_record_id":"114088","extractor_version":"unknown","license_or_terms":"unknown","confidence_contribution":"0.82"}]}},{"type":"Feature","id":"infra_8408c494155c0de2","geometry":{"type":"Point","coordinates":[29.772981,59.927404]},"properties":{"uid":"infra_8408c494155c0de2","object_id":"infra_8408c494155c0de2","source":"russia_oil_power_map","source_dataset":"Russia Oil & Power Infrastructure Map","source_id":"russia_oil_power_map","source_record_id":"pin_6ab051e268e8d0.29319244","source_url":"https://russiaoilpowermap.com/data/custom_pins.json","source_capture_date":"2026-09-25T08:56:03Z","source_layer":"custom_pins","source_reference_id":"ref_ea2d8fd7ac53d629","source_name":"Russia Oil & Power Infrastructure Map","source_type":"map_layer","source_reliability":"B","license_or_terms":"unknown","name":"Lomonosov Naval Base","name_en":"","description":"","name_translated":"","description_translated":"","display_label":"Lomonosov Naval Base","asset_class":"other_infrastructure","asset_type":"other","asset_subtype":"military","domain":"other","status":"","operator":"","product":"","country":"Russia","country_code":"","country_source":"","countries":["Russia"],"source_country":"Russia","country_match_method":"point_in_boundary","region":"","region_translated":"","subdivision":"","inn":"","is_sanctioned":"","is_mass_director":"","is_mass_founder":"","is_disqualified_persons":"","geometry_type":"Point","latitude":"59.92740400","longitude":"29.77298100","centroid_latitude":"59.92740400","centroid_longitude":"29.77298100","map_latitude":"59.92740400","map_longitude":"29.77298100","start_latitude":"59.927404","start_longitude":"29.772981","end_latitude":"59.927404","end_longitude":"29.772981","coordinate_count":"1","length_km":"","has_point_location":"true","location_quality":"exact","coordinate_precision":"exact","coordinate_source":"","entity_confidence":"high","freshness":"recent","cross_source_support":"1","review_status":"unreviewed","confidence":"A","confidence_grade":"A","confidence_score":"1.00","selectable":"true","map_layer":"other_infrastructure","map_color":"#2a93d5","map_icon":"circle","risk_flags":"","subcategory":"other","transport_functions":"","un_locode":"","locode_country":"","locode_location":"","iata":"","remarks":"","source_date":"","detected_language":"en_or_unknown","translation_source":"","derived_subcategory":"naval_fleet_coast_guard","derived_subcategory_label":"Naval, fleet & coast guard","derived_subcategory_confidence":"0.86","derived_subcategory_reason":"keyword match","possible_duplicate_group":"","search_text":"Lomonosov Naval Base Lomonosov Naval Base other_infrastructure other military other Russia Oil & Power Infrastructure Map custom_pins Naval, fleet & coast guard","references_json":"[{\"reference_id\":\"ref_ea2d8fd7ac53d629\",\"source_id\":\"russia_oil_power_map\",\"source_name\":\"Russia Oil & Power Infrastructure Map\",\"source_type\":\"map_layer\",\"url\":\"https://russiaoilpowermap.com/data/custom_pins.json\",\"archive_url\":\"\",\"retrieved_at\":\"2026-09-25T08:56:03Z\",\"source_record_id\":\"pin_6ab051e268e8d0.29319244\",\"source_file\":\"data/russia_oil_power_infrastructure.csv\",\"source_line_or_record_id\":\"114089\",\"extractor_version\":\"unknown\",\"license_or_terms\":\"unknown\",\"confidence_contribution\":\"0.82\"}]","first_seen_build":"2026-09-21T09:07:38Z","last_seen_build":"2026-09-25T08:56:03Z","change_status":"unchanged","change_types":[],"changed_since_previous_build":"false","new_in_latest_build":"false","removed_from_latest_build":"false","source_archive_date":"2026-09-25T08:56:03Z","generation_type":"","primary_fuel":"","secondary_fuels":"","plant_role":"","technology":"","installed_capacity_mw":"","operational_status":"","classification_confidence":"","classification_confidence_score":"","classification_method":"","classification_sources":"","classification_notes":"","alternate_names":"","name_ru":"","match_score":"","match_method":"","matched_source_record_ids":"","is_nuclear":"","nuclear_status":"","reactor_count":"","operating_reactor_count":"","reactor_types":"","nuclear_reference_ids":"","radiological_risk":"","substation_type":"","voltage_kv":"","voltage_levels_kv":"","connected_generation_type":"","ecological_risk_category":"","political_significance":"","risk_assessment_status":"","references":[{"reference_id":"ref_ea2d8fd7ac53d629","source_id":"russia_oil_power_map","source_name":"Russia Oil & Power Infrastructure Map","source_type":"map_layer","url":"https://russiaoilpowermap.com/data/custom_pins.json","archive_url":"","retrieved_at":"2026-09-25T08:56:03Z","source_record_id":"pin_6ab051e268e8d0.29319244","source_file":"data/russia_oil_power_infrastructure.csv","source_line_or_record_id":"114089","extractor_version":"unknown","license_or_terms":"unknown","confidence_contribution":"0.82"}]}},{"type":"Feature","id":"infra_94d9749b2ced763a","geometry":{"type":"Point","coordinates":[158.665608,52.960495]},"properties":{"uid":"infra_94d9749b2ced763a","object_id":"infra_94d9749b2ced763a","source":"russia_oil_power_map","source_dataset":"Russia Oil & Power Infrastructure Map","source_id":"russia_oil_power_map","source_record_id":"pin_6ab0528132ac74.48828508","source_url":"https://russiaoilpowermap.com/data/custom_pins.json","source_capture_date":"2026-09-25T08:56:03Z","source_layer":"custom_pins","source_reference_id":"ref_07cdcada08d22de7","source_name":"Russia Oil & Power Infrastructure Map","source_type":"map_layer","source_reliability":"B","license_or_terms":"unknown","name":"Petropavlovsk-Kamchatsky Naval Base","name_en":"","description":"","name_translated":"","description_translated":"","display_label":"Petropavlovsk-Kamchatsky Naval Base","asset_class":"other_infrastructure","asset_type":"other","asset_subtype":"military","domain":"other","status":"","operator":"","product":"","country":"Unknown","country_code":"","country_source":"","countries":["Unknown"],"source_country":"Russia","country_match_method":"no_boundary_match","region":"","region_translated":"","subdivision":"","inn":"","is_sanctioned":"","is_mass_director":"","is_mass_founder":"","is_disqualified_persons":"","geometry_type":"Point","latitude":"52.96049500","longitude":"158.66560800","centroid_latitude":"52.96049500","centroid_longitude":"158.66560800","map_latitude":"52.96049500","map_longitude":"158.66560800","start_latitude":"52.960495","start_longitude":"158.665608","end_latitude":"52.960495","end_longitude":"158.665608","coordinate_count":"1","length_km":"","has_point_location":"true","location_quality":"exact","coordinate_precision":"exact","coordinate_source":"","entity_confidence":"high","freshness":"recent","cross_source_support":"1","review_status":"unreviewed","confidence":"A","confidence_grade":"A","confidence_score":"1.00","selectable":"true","map_layer":"other_infrastructure","map_color":"#2a93d5","map_icon":"circle","risk_flags":"","subcategory":"other","transport_functions":"","un_locode":"","locode_country":"","locode_location":"","iata":"","remarks":"","source_date":"","detected_language":"en_or_unknown","translation_source":"","derived_subcategory":"naval_fleet_coast_guard","derived_subcategory_label":"Naval, fleet & coast guard","derived_subcategory_confidence":"0.86","derived_subcategory_reason":"keyword match","possible_duplicate_group":"","search_text":"Petropavlovsk-Kamchatsky Naval Base Petropavlovsk-Kamchatsky Naval Base other_infrastructure other military other Russia Oil & Power Infrastructure Map custom_pins Naval, fleet & coast guard","references_json":"[{\"reference_id\":\"ref_07cdcada08d22de7\",\"source_id\":\"russia_oil_power_map\",\"source_name\":\"Russia Oil & Power Infrastructure Map\",\"source_type\":\"map_layer\",\"url\":\"https://russiaoilpowermap.com/data/custom_pins.json\",\"archive_url\":\"\",\"retrieved_at\":\"2026-09-25T08:56:03Z\",\"source_record_id\":\"pin_6ab0528132ac74.48828508\",\"source_file\":\"data/russia_oil_power_infrastructure.csv\",\"source_line_or_record_id\":\"114090\",\"extractor_version\":\"unknown\",\"license_or_terms\":\"unknown\",\"confidence_contribution\":\"0.82\"}]","first_seen_build":"2026-09-21T09:07:38Z","last_seen_build":"2026-09-25T08:56:03Z","change_status":"unchanged","change_types":[],"changed_since_previous_build":"false","new_in_latest_build":"false","removed_from_latest_build":"false","source_archive_date":"2026-09-25T08:56:03Z","generation_type":"","primary_fuel":"","secondary_fuels":"","plant_role":"","technology":"","installed_capacity_mw":"","operational_status":"","classification_confidence":"","classification_confidence_score":"","classification_method":"","classification_sources":"","classification_notes":"","alternate_names":"","name_ru":"","match_score":"","match_method":"","matched_source_record_ids":"","is_nuclear":"","nuclear_status":"","reactor_count":"","operating_reactor_count":"","reactor_types":"","nuclear_reference_ids":"","radiological_risk":"","substation_type":"","voltage_kv":"","voltage_levels_kv":"","connected_generation_type":"","ecological_risk_category":"","political_significance":"","risk_assessment_status":"","references":[{"reference_id":"ref_07cdcada08d22de7","source_id":"russia_oil_power_map","source_name":"Russia Oil & Power Infrastructure Map","source_type":"map_layer","url":"https://russiaoilpowermap.com/data/custom_pins.json","archive_url":"","retrieved_at":"2026-09-25T08:56:03Z","source_record_id":"pin_6ab0528132ac74.48828508","source_file":"data/russia_oil_power_infrastructure.csv","source_line_or_record_id":"114090","extractor_version":"unknown","license_or_terms":"unknown","confidence_contribution":"0.82"}]}},{"type":"Feature","id":"infra_c97e91f52bbfb9a0","geometry":{"type":"Point","coordinates":[132.417612,42.936506]},"properties":{"uid":"infra_c97e91f52bbfb9a0","object_id":"infra_c97e91f52bbfb9a0","source":"russia_oil_power_map","source_dataset":"Russia Oil & Power Infrastructure Map","source_id":"russia_oil_power_map","source_record_id":"pin_6ab052ebb16e81.99044335","source_url":"https://russiaoilpowermap.com/data/custom_pins.json","source_capture_date":"2026-09-25T08:56:03Z","source_layer":"custom_pins","source_reference_id":"ref_b296b3be7c9b4091","source_name":"Russia Oil & Power Infrastructure Map","source_type":"map_layer","source_reliability":"B","license_or_terms":"unknown","name":"Fokino Naval Base","name_en":"","description":"","name_translated":"","description_translated":"","display_label":"Fokino Naval Base","asset_class":"other_infrastructure","asset_type":"other","asset_subtype":"military","domain":"other","status":"","operator":"","product":"","country":"Russia","country_code":"","country_source":"","countries":["Russia"],"source_country":"Russia","country_match_method":"point_in_boundary","region":"","region_translated":"","subdivision":"","inn":"","is_sanctioned":"","is_mass_director":"","is_mass_founder":"","is_disqualified_persons":"","geometry_type":"Point","latitude":"42.93650600","longitude":"132.41761200","centroid_latitude":"42.93650600","centroid_longitude":"132.41761200","map_latitude":"42.93650600","map_longitude":"132.41761200","start_latitude":"42.936506","start_longitude":"132.417612","end_latitude":"42.936506","end_longitude":"132.417612","coordinate_count":"1","length_km":"","has_point_location":"true","location_quality":"exact","coordinate_precision":"exact","coordinate_source":"","entity_confidence":"high","freshness":"recent","cross_source_support":"1","review_status":"unreviewed","confidence":"A","confidence_grade":"A","confidence_score":"1.00","selectable":"true","map_layer":"other_infrastructure","map_color":"#2a93d5","map_icon":"circle","risk_flags":"","subcategory":"other","transport_functions":"","un_locode":"","locode_country":"","locode_location":"","iata":"","remarks":"","source_date":"","detected_language":"en_or_unknown","translation_source":"","derived_subcategory":"naval_fleet_coast_guard","derived_subcategory_label":"Naval, fleet & coast guard","derived_subcategory_confidence":"0.86","derived_subcategory_reason":"keyword match","possible_duplicate_group":"","search_text":"Fokino Naval Base Fokino Naval Base other_infrastructure other military other Russia Oil & Power Infrastructure Map custom_pins Naval, fleet & coast guard","references_json":"[{\"reference_id\":\"ref_b296b3be7c9b4091\",\"source_id\":\"russia_oil_power_map\",\"source_name\":\"Russia Oil & Power Infrastructure Map\",\"source_type\":\"map_layer\",\"url\":\"https://russiaoilpowermap.com/data/custom_pins.json\",\"archive_url\":\"\",\"retrieved_at\":\"2026-09-25T08:56:03Z\",\"source_record_id\":\"pin_6ab052ebb16e81.99044335\",\"source_file\":\"data/russia_oil_power_infrastructure.csv\",\"source_line_or_record_id\":\"114091\",\"extractor_version\":\"unknown\",\"license_or_terms\":\"unknown\",\"confidence_contribution\":\"0.82\"}]","first_seen_build":"2026-09-21T09:07:38Z","last_seen_build":"2026-09-25T08:56:03Z","change_status":"unchanged","change_types":[],"changed_since_previous_build":"false","new_in_latest_build":"false","removed_from_latest_build":"false","source_archive_date":"2026-09-25T08:56:03Z","generation_type":"","primary_fuel":"","secondary_fuels":"","plant_role":"","technology":"","installed_capacity_mw":"","operational_status":"","classification_confidence":"","classification_confidence_score":"","classification_method":"","classification_sources":"","classification_notes":"","alternate_names":"","name_ru":"","match_score":"","match_method":"","matched_source_record_ids":"","is_nuclear":"","nuclear_status":"","reactor_count":"","operating_reactor_count":"","reactor_types":"","nuclear_reference_ids":"","radiological_risk":"","substation_type":"","voltage_kv":"","voltage_levels_kv":"","connected_generation_type":"","ecological_risk_category":"","political_significance":"","risk_assessment_status":"","references":[{"reference_id":"ref_b296b3be7c9b4091","source_id":"russia_oil_power_map","source_name":"Russia Oil & Power Infrastructure Map","source_type":"map_layer","url":"https://russiaoilpowermap.com/data/custom_pins.json","archive_url":"","retrieved_at":"2026-09-25T08:56:03Z","source_record_id":"pin_6ab052ebb16e81.99044335","source_file":"data/russia_oil_power_infrastructure.csv","source_line_or_record_id":"114091","extractor_version":"unknown","license_or_terms":"unknown","confidence_contribution":"0.82"}]}},{"type":"Feature","id":"infra_9a107a1d2eadf4be","geometry":{"type":"Point","coordinates":[131.924086,43.076882]},"properties":{"uid":"infra_9a107a1d2eadf4be","object_id":"infra_9a107a1d2eadf4be","source":"russia_oil_power_map","source_dataset":"Russia Oil & Power Infrastructure Map","source_id":"russia_oil_power_map","source_record_id":"pin_6ab05310c5aa65.81717370","source_url":"https://russiaoilpowermap.com/data/custom_pins.json","source_capture_date":"2026-09-25T08:56:03Z","source_layer":"custom_pins","source_reference_id":"ref_e0f5c6309758b4b6","source_name":"Russia Oil & Power Infrastructure Map","source_type":"map_layer","source_reliability":"B","license_or_terms":"unknown","name":"Vladivostok Naval Base","name_en":"","description":"","name_translated":"","description_translated":"","display_label":"Vladivostok Naval Base","asset_class":"other_infrastructure","asset_type":"other","asset_subtype":"military","domain":"other","status":"","operator":"","product":"","country":"Unknown","country_code":"","country_source":"","countries":["Unknown"],"source_country":"Russia","country_match_method":"no_boundary_match","region":"","region_translated":"","subdivision":"","inn":"","is_sanctioned":"","is_mass_director":"","is_mass_founder":"","is_disqualified_persons":"","geometry_type":"Point","latitude":"43.07688200","longitude":"131.92408600","centroid_latitude":"43.07688200","centroid_longitude":"131.92408600","map_latitude":"43.07688200","map_longitude":"131.92408600","start_latitude":"43.076882","start_longitude":"131.924086","end_latitude":"43.076882","end_longitude":"131.924086","coordinate_count":"1","length_km":"","has_point_location":"true","location_quality":"exact","coordinate_precision":"exact","coordinate_source":"","entity_confidence":"high","freshness":"recent","cross_source_support":"1","review_status":"unreviewed","confidence":"A","confidence_grade":"A","confidence_score":"1.00","selectable":"true","map_layer":"other_infrastructure","map_color":"#2a93d5","map_icon":"circle","risk_flags":"","subcategory":"other","transport_functions":"","un_locode":"","locode_country":"","locode_location":"","iata":"","remarks":"","source_date":"","detected_language":"en_or_unknown","translation_source":"","derived_subcategory":"naval_fleet_coast_guard","derived_subcategory_label":"Naval, fleet & coast guard","derived_subcategory_confidence":"0.86","derived_subcategory_reason":"keyword match","possible_duplicate_group":"","search_text":"Vladivostok Naval Base Vladivostok Naval Base other_infrastructure other military other Russia Oil & Power Infrastructure Map custom_pins Naval, fleet & coast guard","references_json":"[{\"reference_id\":\"ref_e0f5c6309758b4b6\",\"source_id\":\"russia_oil_power_map\",\"source_name\":\"Russia Oil & Power Infrastructure Map\",\"source_type\":\"map_layer\",\"url\":\"https://russiaoilpowermap.com/data/custom_pins.json\",\"archive_url\":\"\",\"retrieved_at\":\"2026-09-25T08:56:03Z\",\"source_record_id\":\"pin_6ab05310c5aa65.81717370\",\"source_file\":\"data/russia_oil_power_infrastructure.csv\",\"source_line_or_record_id\":\"114092\",\"extractor_version\":\"unknown\",\"license_or_terms\":\"unknown\",\"confidence_contribution\":\"0.82\"}]","first_seen_build":"2026-09-21T09:07:38Z","last_seen_build":"2026-09-25T08:56:03Z","change_status":"unchanged","change_types":[],"changed_since_previous_build":"false","new_in_latest_build":"false","removed_from_latest_build":"false","source_archive_date":"2026-09-25T08:56:03Z","generation_type":"","primary_fuel":"","secondary_fuels":"","plant_role":"","technology":"","installed_capacity_mw":"","operational_status":"","classification_confidence":"","classification_confidence_score":"","classification_method":"","classification_sources":"","classification_notes":"","alternate_names":"","name_ru":"","match_score":"","match_method":"","matched_source_record_ids":"","is_nuclear":"","nuclear_status":"","reactor_count":"","operating_reactor_count":"","reactor_types":"","nuclear_reference_ids":"","radiological_risk":"","substation_type":"","voltage_kv":"","voltage_levels_kv":"","connected_generation_type":"","ecological_risk_category":"","political_significance":"","risk_assessment_status":"","references":[{"reference_id":"ref_e0f5c6309758b4b6","source_id":"russia_oil_power_map","source_name":"Russia Oil & Power Infrastructure Map","source_type":"map_layer","url":"https://russiaoilpowermap.com/data/custom_pins.json","archive_url":"","retrieved_at":"2026-09-25T08:56:03Z","source_record_id":"pin_6ab05310c5aa65.81717370","source_file":"data/russia_oil_power_infrastructure.csv","source_line_or_record_id":"114092","extractor_version":"unknown","license_or_terms":"unknown","confidence_contribution":"0.82"}]}},{"type":"Feature","id":"infra_d0b26b3c23333749","geometry":{"type":"Point","coordinates":[131.889802,43.113766]},"properties":{"uid":"infra_d0b26b3c23333749","object_id":"infra_d0b26b3c23333749","source":"russia_oil_power_map","source_dataset":"Russia Oil & Power Infrastructure Map","source_id":"russia_oil_power_map","source_record_id":"pin_6ab053b8928715.51828893","source_url":"https://russiaoilpowermap.com/data/custom_pins.json","source_capture_date":"2026-09-25T08:56:03Z","source_layer":"custom_pins","source_reference_id":"ref_6e4977bc4ef596f6","source_name":"Russia Oil & Power Infrastructure Map","source_type":"map_layer","source_reliability":"B","license_or_terms":"unknown","name":"Pacific Fleet Headquarters","name_en":"","description":"","name_translated":"","description_translated":"","display_label":"Pacific Fleet Headquarters","asset_class":"other_infrastructure","asset_type":"other","asset_subtype":"military","domain":"other","status":"","operator":"","product":"","country":"Russia","country_code":"","country_source":"","countries":["Russia"],"source_country":"Russia","country_match_method":"point_in_boundary","region":"","region_translated":"","subdivision":"","inn":"","is_sanctioned":"","is_mass_director":"","is_mass_founder":"","is_disqualified_persons":"","geometry_type":"Point","latitude":"43.11376600","longitude":"131.88980200","centroid_latitude":"43.11376600","centroid_longitude":"131.88980200","map_latitude":"43.11376600","map_longitude":"131.88980200","start_latitude":"43.113766","start_longitude":"131.889802","end_latitude":"43.113766","end_longitude":"131.889802","coordinate_count":"1","length_km":"","has_point_location":"true","location_quality":"exact","coordinate_precision":"exact","coordinate_source":"","entity_confidence":"high","freshness":"recent","cross_source_support":"1","review_status":"unreviewed","confidence":"A","confidence_grade":"A","confidence_score":"1.00","selectable":"true","map_layer":"other_infrastructure","map_color":"#2a93d5","map_icon":"circle","risk_flags":"","subcategory":"other","transport_functions":"","un_locode":"","locode_country":"","locode_location":"","iata":"","remarks":"","source_date":"","detected_language":"en_or_unknown","translation_source":"","derived_subcategory":"naval_fleet_coast_guard","derived_subcategory_label":"Naval, fleet & coast guard","derived_subcategory_confidence":"0.86","derived_subcategory_reason":"keyword match","possible_duplicate_group":"","search_text":"Pacific Fleet Headquarters Pacific Fleet Headquarters other_infrastructure other military other Russia Oil & Power Infrastructure Map custom_pins Naval, fleet & coast guard","references_json":"[{\"reference_id\":\"ref_6e4977bc4ef596f6\",\"source_id\":\"russia_oil_power_map\",\"source_name\":\"Russia Oil & Power Infrastructure Map\",\"source_type\":\"map_layer\",\"url\":\"https://russiaoilpowermap.com/data/custom_pins.json\",\"archive_url\":\"\",\"retrieved_at\":\"2026-09-25T08:56:03Z\",\"source_record_id\":\"pin_6ab053b8928715.51828893\",\"source_file\":\"data/russia_oil_power_infrastructure.csv\",\"source_line_or_record_id\":\"114093\",\"extractor_version\":\"unknown\",\"license_or_terms\":\"unknown\",\"confidence_contribution\":\"0.82\"}]","first_seen_build":"2026-09-21T09:07:38Z","last_seen_build":"2026-09-25T08:56:03Z","change_status":"unchanged","change_types":[],"changed_since_previous_build":"false","new_in_latest_build":"false","removed_from_latest_build":"false","source_archive_date":"2026-09-25T08:56:03Z","generation_type":"","primary_fuel":"","secondary_fuels":"","plant_role":"","technology":"","installed_capacity_mw":"","operational_status":"","classification_confidence":"","classification_confidence_score":"","classification_method":"","classification_sources":"","classification_notes":"","alternate_names":"","name_ru":"","match_score":"","match_method":"","matched_source_record_ids":"","is_nuclear":"","nuclear_status":"","reactor_count":"","operating_reactor_count":"","reactor_types":"","nuclear_reference_ids":"","radiological_risk":"","substation_type":"","voltage_kv":"","voltage_levels_kv":"","connected_generation_type":"","ecological_risk_category":"","political_significance":"","risk_assessment_status":"","references":[{"reference_id":"ref_6e4977bc4ef596f6","source_id":"russia_oil_power_map","source_name":"Russia Oil & Power Infrastructure Map","source_type":"map_layer","url":"https://russiaoilpowermap.com/data/custom_pins.json","archive_url":"","retrieved_at":"2026-09-25T08:56:03Z","source_record_id":"pin_6ab053b8928715.51828893","source_file":"data/russia_oil_power_infrastructure.csv","source_line_or_record_id":"114093","extractor_version":"unknown","license_or_terms":"unknown","confidence_contribution":"0.82"}]}},{"type":"Feature","id":"infra_27b23c8b3c8bdfaa","geometry":{"type":"Point","coordinates":[19.895425,54.642316]},"properties":{"uid":"infra_27b23c8b3c8bdfaa","object_id":"infra_27b23c8b3c8bdfaa","source":"russia_oil_power_map","source_dataset":"Russia Oil & Power Infrastructure Map","source_id":"russia_oil_power_map","source_record_id":"pin_6ab093a329c612.24738230","source_url":"https://russiaoilpowermap.com/data/custom_pins.json","source_capture_date":"2026-09-25T08:56:03Z","source_layer":"custom_pins","source_reference_id":"ref_4b72d1b4709b8cb1","source_name":"Russia Oil & Power Infrastructure Map","source_type":"map_layer","source_reliability":"B","license_or_terms":"unknown","name":"Baltiysk Naval Base (Baltic Fleet Headquarters)","name_en":"","description":"","name_translated":"","description_translated":"","display_label":"Baltiysk Naval Base (Baltic Fleet Headquarters)","asset_class":"other_infrastructure","asset_type":"other","asset_subtype":"military","domain":"other","status":"","operator":"","product":"","country":"Russia","country_code":"","country_source":"","countries":["Russia"],"source_country":"Russia","country_match_method":"point_in_boundary","region":"","region_translated":"","subdivision":"","inn":"","is_sanctioned":"","is_mass_director":"","is_mass_founder":"","is_disqualified_persons":"","geometry_type":"Point","latitude":"54.64231600","longitude":"19.89542500","centroid_latitude":"54.64231600","centroid_longitude":"19.89542500","map_latitude":"54.64231600","map_longitude":"19.89542500","start_latitude":"54.642316","start_longitude":"19.895425","end_latitude":"54.642316","end_longitude":"19.895425","coordinate_count":"1","length_km":"","has_point_location":"true","location_quality":"exact","coordinate_precision":"exact","coordinate_source":"","entity_confidence":"high","freshness":"recent","cross_source_support":"1","review_status":"unreviewed","confidence":"A","confidence_grade":"A","confidence_score":"1.00","selectable":"true","map_layer":"other_infrastructure","map_color":"#2a93d5","map_icon":"circle","risk_flags":"","subcategory":"other","transport_functions":"","un_locode":"","locode_country":"","locode_location":"","iata":"","remarks":"","source_date":"","detected_language":"en_or_unknown","translation_source":"","derived_subcategory":"naval_fleet_coast_guard","derived_subcategory_label":"Naval, fleet & coast guard","derived_subcategory_confidence":"0.86","derived_subcategory_reason":"keyword match","possible_duplicate_group":"","search_text":"Baltiysk Naval Base (Baltic Fleet Headquarters) Baltiysk Naval Base (Baltic Fleet Headquarters) other_infrastructure other military other Russia Oil & Power Infrastructure Map custom_pins Naval, fleet & coast guard","references_json":"[{\"reference_id\":\"ref_4b72d1b4709b8cb1\",\"source_id\":\"russia_oil_power_map\",\"source_name\":\"Russia Oil & Power Infrastructure Map\",\"source_type\":\"map_layer\",\"url\":\"https://russiaoilpowermap.com/data/custom_pins.json\",\"archive_url\":\"\",\"retrieved_at\":\"2026-09-25T08:56:03Z\",\"source_record_id\":\"pin_6ab093a329c612.24738230\",\"source_file\":\"data/russia_oil_power_infrastructure.csv\",\"source_line_or_record_id\":\"114094\",\"extractor_version\":\"unknown\",\"license_or_terms\":\"unknown\",\"confidence_contribution\":\"0.82\"}]","first_seen_build":"2026-09-21T09:07:38Z","last_seen_build":"2026-09-25T08:56:03Z","change_status":"unchanged","change_types":[],"changed_since_previous_build":"false","new_in_latest_build":"false","removed_from_latest_build":"false","source_archive_date":"2026-09-25T08:56:03Z","generation_type":"","primary_fuel":"","secondary_fuels":"","plant_role":"","technology":"","installed_capacity_mw":"","operational_status":"","classification_confidence":"","classification_confidence_score":"","classification_method":"","classification_sources":"","classification_notes":"","alternate_names":"","name_ru":"","match_score":"","match_method":"","matched_source_record_ids":"","is_nuclear":"","nuclear_status":"","reactor_count":"","operating_reactor_count":"","reactor_types":"","nuclear_reference_ids":"","radiological_risk":"","substation_type":"","voltage_kv":"","voltage_levels_kv":"","connected_generation_type":"","ecological_risk_category":"","political_significance":"","risk_assessment_status":"","references":[{"reference_id":"ref_4b72d1b4709b8cb1","source_id":"russia_oil_power_map","source_name":"Russia Oil & Power Infrastructure Map","source_type":"map_layer","url":"https://russiaoilpowermap.com/data/custom_pins.json","archive_url":"","retrieved_at":"2026-09-25T08:56:03Z","source_record_id":"pin_6ab093a329c612.24738230","source_file":"data/russia_oil_power_infrastructure.csv","source_line_or_record_id":"114094","extractor_version":"unknown","license_or_terms":"unknown","confidence_contribution":"0.82"}]}},{"type":"Feature","id":"infra_f91f3bc047a155bd","geometry":{"type":"Point","coordinates":[20.397878,54.769652]},"properties":{"uid":"infra_f91f3bc047a155bd","object_id":"infra_f91f3bc047a155bd","source":"russia_oil_power_map","source_dataset":"Russia Oil & Power Infrastructure Map","source_id":"russia_oil_power_map","source_record_id":"pin_6ab093e4a9df40.39815997","source_url":"https://russiaoilpowermap.com/data/custom_pins.json","source_capture_date":"2026-09-25T08:56:03Z","source_layer":"custom_pins","source_reference_id":"ref_e241755f11f0906a","source_name":"Russia Oil & Power Infrastructure Map","source_type":"map_layer","source_reliability":"B","license_or_terms":"unknown","name":"Chkalovsk Naval Air Base","name_en":"","description":"","name_translated":"","description_translated":"","display_label":"Chkalovsk Naval Air Base","asset_class":"other_infrastructure","asset_type":"other","asset_subtype":"military","domain":"other","status":"","operator":"","product":"","country":"Russia","country_code":"","country_source":"","countries":["Russia"],"source_country":"Russia","country_match_method":"point_in_boundary","region":"","region_translated":"","subdivision":"","inn":"","is_sanctioned":"","is_mass_director":"","is_mass_founder":"","is_disqualified_persons":"","geometry_type":"Point","latitude":"54.76965200","longitude":"20.39787800","centroid_latitude":"54.76965200","centroid_longitude":"20.39787800","map_latitude":"54.76965200","map_longitude":"20.39787800","start_latitude":"54.769652","start_longitude":"20.397878","end_latitude":"54.769652","end_longitude":"20.397878","coordinate_count":"1","length_km":"","has_point_location":"true","location_quality":"exact","coordinate_precision":"exact","coordinate_source":"","entity_confidence":"high","freshness":"recent","cross_source_support":"1","review_status":"unreviewed","confidence":"A","confidence_grade":"A","confidence_score":"1.00","selectable":"true","map_layer":"other_infrastructure","map_color":"#2a93d5","map_icon":"circle","risk_flags":"","subcategory":"other","transport_functions":"","un_locode":"","locode_country":"","locode_location":"","iata":"","remarks":"","source_date":"","detected_language":"en_or_unknown","translation_source":"","derived_subcategory":"naval_fleet_coast_guard","derived_subcategory_label":"Naval, fleet & coast guard","derived_subcategory_confidence":"0.86","derived_subcategory_reason":"keyword match","possible_duplicate_group":"","search_text":"Chkalovsk Naval Air Base Chkalovsk Naval Air Base other_infrastructure other military other Russia Oil & Power Infrastructure Map custom_pins Naval, fleet & coast guard","references_json":"[{\"reference_id\":\"ref_e241755f11f0906a\",\"source_id\":\"russia_oil_power_map\",\"source_name\":\"Russia Oil & Power Infrastructure Map\",\"source_type\":\"map_layer\",\"url\":\"https://russiaoilpowermap.com/data/custom_pins.json\",\"archive_url\":\"\",\"retrieved_at\":\"2026-09-25T08:56:03Z\",\"source_record_id\":\"pin_6ab093e4a9df40.39815997\",\"source_file\":\"data/russia_oil_power_infrastructure.csv\",\"source_line_or_record_id\":\"114095\",\"extractor_version\":\"unknown\",\"license_or_terms\":\"unknown\",\"confidence_contribution\":\"0.82\"}]","first_seen_build":"2026-09-21T09:07:38Z","last_seen_build":"2026-09-25T08:56:03Z","change_status":"unchanged","change_types":[],"changed_since_previous_build":"false","new_in_latest_build":"false","removed_from_latest_build":"false","source_archive_date":"2026-09-25T08:56:03Z","generation_type":"","primary_fuel":"","secondary_fuels":"","plant_role":"","technology":"","installed_capacity_mw":"","operational_status":"","classification_confidence":"","classification_confidence_score":"","classification_method":"","classification_sources":"","classification_notes":"","alternate_names":"","name_ru":"","match_score":"","match_method":"","matched_source_record_ids":"","is_nuclear":"","nuclear_status":"","reactor_count":"","operating_reactor_count":"","reactor_types":"","nuclear_reference_ids":"","radiological_risk":"","substation_type":"","voltage_kv":"","voltage_levels_kv":"","connected_generation_type":"","ecological_risk_category":"","political_significance":"","risk_assessment_status":"","references":[{"reference_id":"ref_e241755f11f0906a","source_id":"russia_oil_power_map","source_name":"Russia Oil & Power Infrastructure Map","source_type":"map_layer","url":"https://russiaoilpowermap.com/data/custom_pins.json","archive_url":"","retrieved_at":"2026-09-25T08:56:03Z","source_record_id":"pin_6ab093e4a9df40.39815997","source_file":"data/russia_oil_power_infrastructure.csv","source_line_or_record_id":"114095","extractor_version":"unknown","license_or_terms":"unknown","confidence_contribution":"0.82"}]}},{"type":"Feature","id":"infra_689d85503e5835b6","geometry":{"type":"Point","coordinates":[21.799858,54.612256]},"properties":{"uid":"infra_689d85503e5835b6","object_id":"infra_689d85503e5835b6","source":"russia_oil_power_map","source_dataset":"Russia Oil & Power Infrastructure Map","source_id":"russia_oil_power_map","source_record_id":"pin_6ab0943b563249.92054852","source_url":"https://russiaoilpowermap.com/data/custom_pins.json","source_capture_date":"2026-09-25T08:56:03Z","source_layer":"custom_pins","source_reference_id":"ref_9c74b2168e3bdbc8","source_name":"Russia Oil & Power Infrastructure Map","source_type":"map_layer","source_reliability":"B","license_or_terms":"unknown","name":"Chernyakhovsk Air Base","name_en":"","description":"","name_translated":"","description_translated":"","display_label":"Chernyakhovsk Air Base","asset_class":"other_infrastructure","asset_type":"other","asset_subtype":"military","domain":"other","status":"","operator":"","product":"","country":"Russia","country_code":"","country_source":"","countries":["Russia"],"source_country":"Russia","country_match_method":"point_in_boundary","region":"","region_translated":"","subdivision":"","inn":"","is_sanctioned":"","is_mass_director":"","is_mass_founder":"","is_disqualified_persons":"","geometry_type":"Point","latitude":"54.61225600","longitude":"21.79985800","centroid_latitude":"54.61225600","centroid_longitude":"21.79985800","map_latitude":"54.61225600","map_longitude":"21.79985800","start_latitude":"54.612256","start_longitude":"21.799858","end_latitude":"54.612256","end_longitude":"21.799858","coordinate_count":"1","length_km":"","has_point_location":"true","location_quality":"exact","coordinate_precision":"exact","coordinate_source":"","entity_confidence":"high","freshness":"recent","cross_source_support":"1","review_status":"unreviewed","confidence":"A","confidence_grade":"A","confidence_score":"1.00","selectable":"true","map_layer":"other_infrastructure","map_color":"#2a93d5","map_icon":"circle","risk_flags":"","subcategory":"other","transport_functions":"","un_locode":"","locode_country":"","locode_location":"","iata":"","remarks":"","source_date":"","detected_language":"en_or_unknown","translation_source":"","derived_subcategory":"logistics_storage","derived_subcategory_label":"Logistics & storage","derived_subcategory_confidence":"0.80","derived_subcategory_reason":"keyword match","possible_duplicate_group":"","search_text":"Chernyakhovsk Air Base Chernyakhovsk Air Base other_infrastructure other military other Russia Oil & Power Infrastructure Map custom_pins Logistics & storage","references_json":"[{\"reference_id\":\"ref_9c74b2168e3bdbc8\",\"source_id\":\"russia_oil_power_map\",\"source_name\":\"Russia Oil & Power Infrastructure Map\",\"source_type\":\"map_layer\",\"url\":\"https://russiaoilpowermap.com/data/custom_pins.json\",\"archive_url\":\"\",\"retrieved_at\":\"2026-09-25T08:56:03Z\",\"source_record_id\":\"pin_6ab0943b563249.92054852\",\"source_file\":\"data/russia_oil_power_infrastructure.csv\",\"source_line_or_record_id\":\"114096\",\"extractor_version\":\"unknown\",\"license_or_terms\":\"unknown\",\"confidence_contribution\":\"0.82\"}]","first_seen_build":"2026-09-21T09:07:38Z","last_seen_build":"2026-09-25T08:56:03Z","change_status":"unchanged","change_types":[],"changed_since_previous_build":"false","new_in_latest_build":"false","removed_from_latest_build":"false","source_archive_date":"2026-09-25T08:56:03Z","generation_type":"","primary_fuel":"","secondary_fuels":"","plant_role":"","technology":"","installed_capacity_mw":"","operational_status":"","classification_confidence":"","classification_confidence_score":"","classification_method":"","classification_sources":"","classification_notes":"","alternate_names":"","name_ru":"","match_score":"","match_method":"","matched_source_record_ids":"","is_nuclear":"","nuclear_status":"","reactor_count":"","operating_reactor_count":"","reactor_types":"","nuclear_reference_ids":"","radiological_risk":"","substation_type":"","voltage_kv":"","voltage_levels_kv":"","connected_generation_type":"","ecological_risk_category":"","political_significance":"","risk_assessment_status":"","references":[{"reference_id":"ref_9c74b2168e3bdbc8","source_id":"russia_oil_power_map","source_name":"Russia Oil & Power Infrastructure Map","source_type":"map_layer","url":"https://russiaoilpowermap.com/data/custom_pins.json","archive_url":"","retrieved_at":"2026-09-25T08:56:03Z","source_record_id":"pin_6ab0943b563249.92054852","source_file":"data/russia_oil_power_infrastructure.csv","source_line_or_record_id":"114096","extractor_version":"unknown","license_or_terms":"unknown","confidence_contribution":"0.82"}]}},{"type":"Feature","id":"infra_41f057ec3f9c3512","geometry":{"type":"Point","coordinates":[21.823268,54.649629]},"properties":{"uid":"infra_41f057ec3f9c3512","object_id":"infra_41f057ec3f9c3512","source":"russia_oil_power_map","source_dataset":"Russia Oil & Power Infrastructure Map","source_id":"russia_oil_power_map","source_record_id":"pin_6ab09468ba1106.65195491","source_url":"https://russiaoilpowermap.com/data/custom_pins.json","source_capture_date":"2026-09-25T08:56:03Z","source_layer":"custom_pins","source_reference_id":"ref_b1848ddd8bedf4e2","source_name":"Russia Oil & Power Infrastructure Map","source_type":"map_layer","source_reliability":"B","license_or_terms":"unknown","name":"Chernyakhovsk Military Garrison","name_en":"","description":"","name_translated":"","description_translated":"","display_label":"Chernyakhovsk Military Garrison","asset_class":"other_infrastructure","asset_type":"other","asset_subtype":"military","domain":"other","status":"","operator":"","product":"","country":"Russia","country_code":"","country_source":"","countries":["Russia"],"source_country":"Russia","country_match_method":"point_in_boundary","region":"","region_translated":"","subdivision":"","inn":"","is_sanctioned":"","is_mass_director":"","is_mass_founder":"","is_disqualified_persons":"","geometry_type":"Point","latitude":"54.64962900","longitude":"21.82326800","centroid_latitude":"54.64962900","centroid_longitude":"21.82326800","map_latitude":"54.64962900","map_longitude":"21.82326800","start_latitude":"54.649629","start_longitude":"21.823268","end_latitude":"54.649629","end_longitude":"21.823268","coordinate_count":"1","length_km":"","has_point_location":"true","location_quality":"exact","coordinate_precision":"exact","coordinate_source":"","entity_confidence":"high","freshness":"recent","cross_source_support":"1","review_status":"unreviewed","confidence":"A","confidence_grade":"A","confidence_score":"1.00","selectable":"true","map_layer":"other_infrastructure","map_color":"#2a93d5","map_icon":"circle","risk_flags":"","subcategory":"other","transport_functions":"","un_locode":"","locode_country":"","locode_location":"","iata":"","remarks":"","source_date":"","detected_language":"en_or_unknown","translation_source":"","derived_subcategory":"other","derived_subcategory_label":"Other","derived_subcategory_confidence":"0.5","derived_subcategory_reason":"asset type fallback","possible_duplicate_group":"","search_text":"Chernyakhovsk Military Garrison Chernyakhovsk Military Garrison other_infrastructure other military other Russia Oil & Power Infrastructure Map custom_pins Other","references_json":"[{\"reference_id\":\"ref_b1848ddd8bedf4e2\",\"source_id\":\"russia_oil_power_map\",\"source_name\":\"Russia Oil & Power Infrastructure Map\",\"source_type\":\"map_layer\",\"url\":\"https://russiaoilpowermap.com/data/custom_pins.json\",\"archive_url\":\"\",\"retrieved_at\":\"2026-09-25T08:56:03Z\",\"source_record_id\":\"pin_6ab09468ba1106.65195491\",\"source_file\":\"data/russia_oil_power_infrastructure.csv\",\"source_line_or_record_id\":\"114097\",\"extractor_version\":\"unknown\",\"license_or_terms\":\"unknown\",\"confidence_contribution\":\"0.82\"}]","first_seen_build":"2026-09-21T09:07:38Z","last_seen_build":"2026-09-25T08:56:03Z","change_status":"unchanged","change_types":[],"changed_since_previous_build":"false","new_in_latest_build":"false","removed_from_latest_build":"false","source_archive_date":"2026-09-25T08:56:03Z","generation_type":"","primary_fuel":"","secondary_fuels":"","plant_role":"","technology":"","installed_capacity_mw":"","operational_status":"","classification_confidence":"","classification_confidence_score":"","classification_method":"","classification_sources":"","classification_notes":"","alternate_names":"","name_ru":"","match_score":"","match_method":"","matched_source_record_ids":"","is_nuclear":"","nuclear_status":"","reactor_count":"","operating_reactor_count":"","reactor_types":"","nuclear_reference_ids":"","radiological_risk":"","substation_type":"","voltage_kv":"","voltage_levels_kv":"","connected_generation_type":"","ecological_risk_category":"","political_significance":"","risk_assessment_status":"","references":[{"reference_id":"ref_b1848ddd8bedf4e2","source_id":"russia_oil_power_map","source_name":"Russia Oil & Power Infrastructure Map","source_type":"map_layer","url":"https://russiaoilpowermap.com/data/custom_pins.json","archive_url":"","retrieved_at":"2026-09-25T08:56:03Z","source_record_id":"pin_6ab09468ba1106.65195491","source_file":"data/russia_oil_power_infrastructure.csv","source_line_or_record_id":"114097","extractor_version":"unknown","license_or_terms":"unknown","confidence_contribution":"0.82"}]}},{"type":"Feature","id":"infra_0e30195ae3731de0","geometry":{"type":"Point","coordinates":[19.978058,54.936401]},"properties":{"uid":"infra_0e30195ae3731de0","object_id":"infra_0e30195ae3731de0","source":"russia_oil_power_map","source_dataset":"Russia Oil & Power Infrastructure Map","source_id":"russia_oil_power_map","source_record_id":"pin_6ab094a9b98f05.42762637","source_url":"https://russiaoilpowermap.com/data/custom_pins.json","source_capture_date":"2026-09-25T08:56:03Z","source_layer":"custom_pins","source_reference_id":"ref_5d0591fcfc642d0f","source_name":"Russia Oil & Power Infrastructure Map","source_type":"map_layer","source_reliability":"B","license_or_terms":"unknown","name":"Donskoye Air Base","name_en":"","description":"","name_translated":"","description_translated":"","display_label":"Donskoye Air Base","asset_class":"other_infrastructure","asset_type":"other","asset_subtype":"military","domain":"other","status":"","operator":"","product":"","country":"Unknown","country_code":"","country_source":"","countries":["Unknown"],"source_country":"Russia","country_match_method":"no_boundary_match","region":"","region_translated":"","subdivision":"","inn":"","is_sanctioned":"","is_mass_director":"","is_mass_founder":"","is_disqualified_persons":"","geometry_type":"Point","latitude":"54.93640100","longitude":"19.97805800","centroid_latitude":"54.93640100","centroid_longitude":"19.97805800","map_latitude":"54.93640100","map_longitude":"19.97805800","start_latitude":"54.936401","start_longitude":"19.978058","end_latitude":"54.936401","end_longitude":"19.978058","coordinate_count":"1","length_km":"","has_point_location":"true","location_quality":"exact","coordinate_precision":"exact","coordinate_source":"","entity_confidence":"high","freshness":"recent","cross_source_support":"1","review_status":"unreviewed","confidence":"A","confidence_grade":"A","confidence_score":"1.00","selectable":"true","map_layer":"other_infrastructure","map_color":"#2a93d5","map_icon":"circle","risk_flags":"","subcategory":"other","transport_functions":"","un_locode":"","locode_country":"","locode_location":"","iata":"","remarks":"","source_date":"","detected_language":"en_or_unknown","translation_source":"","derived_subcategory":"logistics_storage","derived_subcategory_label":"Logistics & storage","derived_subcategory_confidence":"0.80","derived_subcategory_reason":"keyword match","possible_duplicate_group":"","search_text":"Donskoye Air Base Donskoye Air Base other_infrastructure other military other Russia Oil & Power Infrastructure Map custom_pins Logistics & storage","references_json":"[{\"reference_id\":\"ref_5d0591fcfc642d0f\",\"source_id\":\"russia_oil_power_map\",\"source_name\":\"Russia Oil & Power Infrastructure Map\",\"source_type\":\"map_layer\",\"url\":\"https://russiaoilpowermap.com/data/custom_pins.json\",\"archive_url\":\"\",\"retrieved_at\":\"2026-09-25T08:56:03Z\",\"source_record_id\":\"pin_6ab094a9b98f05.42762637\",\"source_file\":\"data/russia_oil_power_infrastructure.csv\",\"source_line_or_record_id\":\"114098\",\"extractor_version\":\"unknown\",\"license_or_terms\":\"unknown\",\"confidence_contribution\":\"0.82\"}]","first_seen_build":"2026-09-21T09:07:38Z","last_seen_build":"2026-09-25T08:56:03Z","change_status":"unchanged","change_types":[],"changed_since_previous_build":"false","new_in_latest_build":"false","removed_from_latest_build":"false","source_archive_date":"2026-09-25T08:56:03Z","generation_type":"","primary_fuel":"","secondary_fuels":"","plant_role":"","technology":"","installed_capacity_mw":"","operational_status":"","classification_confidence":"","classification_confidence_score":"","classification_method":"","classification_sources":"","classification_notes":"","alternate_names":"","name_ru":"","match_score":"","match_method":"","matched_source_record_ids":"","is_nuclear":"","nuclear_status":"","reactor_count":"","operating_reactor_count":"","reactor_types":"","nuclear_reference_ids":"","radiological_risk":"","substation_type":"","voltage_kv":"","voltage_levels_kv":"","connected_generation_type":"","ecological_risk_category":"","political_significance":"","risk_assessment_status":"","references":[{"reference_id":"ref_5d0591fcfc642d0f","source_id":"russia_oil_power_map","source_name":"Russia Oil & Power Infrastructure Map","source_type":"map_layer","url":"https://russiaoilpowermap.com/data/custom_pins.json","archive_url":"","retrieved_at":"2026-09-25T08:56:03Z","source_record_id":"pin_6ab094a9b98f05.42762637","source_file":"data/russia_oil_power_infrastructure.csv","source_line_or_record_id":"114098","extractor_version":"unknown","license_or_terms":"unknown","confidence_contribution":"0.82"}]}},{"type":"Feature","id":"infra_51657b00e8c67dec","geometry":{"type":"Point","coordinates":[37.60155,55.748951]},"properties":{"uid":"infra_51657b00e8c67dec","object_id":"infra_51657b00e8c67dec","source":"russia_oil_power_map","source_dataset":"Russia Oil & Power Infrastructure Map","source_id":"russia_oil_power_map","source_record_id":"pin_6ab096f682ac49.31723098","source_url":"https://russiaoilpowermap.com/data/custom_pins.json","source_capture_date":"2026-09-25T08:56:03Z","source_layer":"custom_pins","source_reference_id":"ref_a9ae28cd12c78408","source_name":"Russia Oil & Power Infrastructure Map","source_type":"map_layer","source_reliability":"B","license_or_terms":"unknown","name":"Ministry of Defence of the Russian Federation","name_en":"","description":"","name_translated":"","description_translated":"","display_label":"Ministry of Defence of the Russian Federation","asset_class":"other_infrastructure","asset_type":"other","asset_subtype":"military","domain":"other","status":"","operator":"","product":"","country":"Russia","country_code":"","country_source":"","countries":["Russia"],"source_country":"Russia","country_match_method":"point_in_boundary","region":"","region_translated":"","subdivision":"","inn":"","is_sanctioned":"","is_mass_director":"","is_mass_founder":"","is_disqualified_persons":"","geometry_type":"Point","latitude":"55.74895100","longitude":"37.60155000","centroid_latitude":"55.74895100","centroid_longitude":"37.60155000","map_latitude":"55.74895100","map_longitude":"37.60155000","start_latitude":"55.748951","start_longitude":"37.60155","end_latitude":"55.748951","end_longitude":"37.60155","coordinate_count":"1","length_km":"","has_point_location":"true","location_quality":"exact","coordinate_precision":"exact","coordinate_source":"","entity_confidence":"high","freshness":"recent","cross_source_support":"1","review_status":"unreviewed","confidence":"A","confidence_grade":"A","confidence_score":"1.00","selectable":"true","map_layer":"other_infrastructure","map_color":"#2a93d5","map_icon":"circle","risk_flags":"","subcategory":"other","transport_functions":"","un_locode":"","locode_country":"","locode_location":"","iata":"","remarks":"","source_date":"","detected_language":"en_or_unknown","translation_source":"","derived_subcategory":"other","derived_subcategory_label":"Other","derived_subcategory_confidence":"0.5","derived_subcategory_reason":"asset type fallback","possible_duplicate_group":"","search_text":"Ministry of Defence of the Russian Federation Ministry of Defence of the Russian Federation other_infrastructure other military other Russia Oil & Power Infrastructure Map custom_pins Other","references_json":"[{\"reference_id\":\"ref_a9ae28cd12c78408\",\"source_id\":\"russia_oil_power_map\",\"source_name\":\"Russia Oil & Power Infrastructure Map\",\"source_type\":\"map_layer\",\"url\":\"https://russiaoilpowermap.com/data/custom_pins.json\",\"archive_url\":\"\",\"retrieved_at\":\"2026-09-25T08:56:03Z\",\"source_record_id\":\"pin_6ab096f682ac49.31723098\",\"source_file\":\"data/russia_oil_power_infrastructure.csv\",\"source_line_or_record_id\":\"114099\",\"extractor_version\":\"unknown\",\"license_or_terms\":\"unknown\",\"confidence_contribution\":\"0.82\"}]","first_seen_build":"2026-09-21T09:07:38Z","last_seen_build":"2026-09-25T08:56:03Z","change_status":"unchanged","change_types":[],"changed_since_previous_build":"false","new_in_latest_build":"false","removed_from_latest_build":"false","source_archive_date":"2026-09-25T08:56:03Z","generation_type":"","primary_fuel":"","secondary_fuels":"","plant_role":"","technology":"","installed_capacity_mw":"","operational_status":"","classification_confidence":"","classification_confidence_score":"","classification_method":"","classification_sources":"","classification_notes":"","alternate_names":"","name_ru":"","match_score":"","match_method":"","matched_source_record_ids":"","is_nuclear":"","nuclear_status":"","reactor_count":"","operating_reactor_count":"","reactor_types":"","nuclear_reference_ids":"","radiological_risk":"","substation_type":"","voltage_kv":"","voltage_levels_kv":"","connected_generation_type":"","ecological_risk_category":"","political_significance":"","risk_assessment_status":"","references":[{"reference_id":"ref_a9ae28cd12c78408","source_id":"russia_oil_power_map","source_name":"Russia Oil & Power Infrastructure Map","source_type":"map_layer","url":"https://russiaoilpowermap.com/data/custom_pins.json","archive_url":"","retrieved_at":"2026-09-25T08:56:03Z","source_record_id":"pin_6ab096f682ac49.31723098","source_file":"data/russia_oil_power_infrastructure.csv","source_line_or_record_id":"114099","extractor_version":"unknown","license_or_terms":"unknown","confidence_contribution":"0.82"}]}},{"type":"Feature","id":"infra_e91e7dff6b291e10","geometry":{"type":"Point","coordinates":[37.602945,55.750485]},"properties":{"uid":"infra_e91e7dff6b291e10","object_id":"infra_e91e7dff6b291e10","source":"russia_oil_power_map","source_dataset":"Russia Oil & Power Infrastructure Map","source_id":"russia_oil_power_map","source_record_id":"pin_6ab0971cbfe221.94074413","source_url":"https://russiaoilpowermap.com/data/custom_pins.json","source_capture_date":"2026-09-25T08:56:03Z","source_layer":"custom_pins","source_reference_id":"ref_85d32719ef14eb94","source_name":"Russia Oil & Power Infrastructure Map","source_type":"map_layer","source_reliability":"B","license_or_terms":"unknown","name":"MoD General Staff Building","name_en":"","description":"","name_translated":"","description_translated":"","display_label":"MoD General Staff Building","asset_class":"other_infrastructure","asset_type":"other","asset_subtype":"military","domain":"other","status":"","operator":"","product":"","country":"Russia","country_code":"","country_source":"","countries":["Russia"],"source_country":"Russia","country_match_method":"point_in_boundary","region":"","region_translated":"","subdivision":"","inn":"","is_sanctioned":"","is_mass_director":"","is_mass_founder":"","is_disqualified_persons":"","geometry_type":"Point","latitude":"55.75048500","longitude":"37.60294500","centroid_latitude":"55.75048500","centroid_longitude":"37.60294500","map_latitude":"55.75048500","map_longitude":"37.60294500","start_latitude":"55.750485","start_longitude":"37.602945","end_latitude":"55.750485","end_longitude":"37.602945","coordinate_count":"1","length_km":"","has_point_location":"true","location_quality":"exact","coordinate_precision":"exact","coordinate_source":"","entity_confidence":"high","freshness":"recent","cross_source_support":"1","review_status":"unreviewed","confidence":"A","confidence_grade":"A","confidence_score":"1.00","selectable":"true","map_layer":"other_infrastructure","map_color":"#2a93d5","map_icon":"circle","risk_flags":"","subcategory":"other","transport_functions":"","un_locode":"","locode_country":"","locode_location":"","iata":"","remarks":"","source_date":"","detected_language":"en_or_unknown","translation_source":"","derived_subcategory":"other","derived_subcategory_label":"Other","derived_subcategory_confidence":"0.5","derived_subcategory_reason":"asset type fallback","possible_duplicate_group":"","search_text":"MoD General Staff Building MoD General Staff Building other_infrastructure other military other Russia Oil & Power Infrastructure Map custom_pins Other","references_json":"[{\"reference_id\":\"ref_85d32719ef14eb94\",\"source_id\":\"russia_oil_power_map\",\"source_name\":\"Russia Oil & Power Infrastructure Map\",\"source_type\":\"map_layer\",\"url\":\"https://russiaoilpowermap.com/data/custom_pins.json\",\"archive_url\":\"\",\"retrieved_at\":\"2026-09-25T08:56:03Z\",\"source_record_id\":\"pin_6ab0971cbfe221.94074413\",\"source_file\":\"data/russia_oil_power_infrastructure.csv\",\"source_line_or_record_id\":\"114100\",\"extractor_version\":\"unknown\",\"license_or_terms\":\"unknown\",\"confidence_contribution\":\"0.82\"}]","first_seen_build":"2026-09-21T09:07:38Z","last_seen_build":"2026-09-25T08:56:03Z","change_status":"unchanged","change_types":[],"changed_since_previous_build":"false","new_in_latest_build":"false","removed_from_latest_build":"false","source_archive_date":"2026-09-25T08:56:03Z","generation_type":"","primary_fuel":"","secondary_fuels":"","plant_role":"","technology":"","installed_capacity_mw":"","operational_status":"","classification_confidence":"","classification_confidence_score":"","classification_method":"","classification_sources":"","classification_notes":"","alternate_names":"","name_ru":"","match_score":"","match_method":"","matched_source_record_ids":"","is_nuclear":"","nuclear_status":"","reactor_count":"","operating_reactor_count":"","reactor_types":"","nuclear_reference_ids":"","radiological_risk":"","substation_type":"","voltage_kv":"","voltage_levels_kv":"","connected_generation_type":"","ecological_risk_category":"","political_significance":"","risk_assessment_status":"","references":[{"reference_id":"ref_85d32719ef14eb94","source_id":"russia_oil_power_map","source_name":"Russia Oil & Power Infrastructure Map","source_type":"map_layer","url":"https://russiaoilpowermap.com/data/custom_pins.json","archive_url":"","retrieved_at":"2026-09-25T08:56:03Z","source_record_id":"pin_6ab0971cbfe221.94074413","source_file":"data/russia_oil_power_infrastructure.csv","source_line_or_record_id":"114100","extractor_version":"unknown","license_or_terms":"unknown","confidence_contribution":"0.82"}]}},{"type":"Feature","id":"infra_65d8cb8e122e9862","geometry":{"type":"Point","coordinates":[39.705561,47.223579]},"properties":{"uid":"infra_65d8cb8e122e9862","object_id":"infra_65d8cb8e122e9862","source":"russia_oil_power_map","source_dataset":"Russia Oil & Power Infrastructure Map","source_id":"russia_oil_power_map","source_record_id":"pin_6ab09766291029.34388007","source_url":"https://russiaoilpowermap.com/data/custom_pins.json","source_capture_date":"2026-09-25T08:56:03Z","source_layer":"custom_pins","source_reference_id":"ref_08003aeb811d83f3","source_name":"Russia Oil & Power Infrastructure Map","source_type":"map_layer","source_reliability":"B","license_or_terms":"unknown","name":"Southern Military District Headquarters","name_en":"","description":"","name_translated":"","description_translated":"","display_label":"Southern Military District Headquarters","asset_class":"other_infrastructure","asset_type":"other","asset_subtype":"military","domain":"other","status":"","operator":"","product":"","country":"Russia","country_code":"","country_source":"","countries":["Russia"],"source_country":"Russia","country_match_method":"point_in_boundary","region":"","region_translated":"","subdivision":"","inn":"","is_sanctioned":"","is_mass_director":"","is_mass_founder":"","is_disqualified_persons":"","geometry_type":"Point","latitude":"47.22357900","longitude":"39.70556100","centroid_latitude":"47.22357900","centroid_longitude":"39.70556100","map_latitude":"47.22357900","map_longitude":"39.70556100","start_latitude":"47.223579","start_longitude":"39.705561","end_latitude":"47.223579","end_longitude":"39.705561","coordinate_count":"1","length_km":"","has_point_location":"true","location_quality":"exact","coordinate_precision":"exact","coordinate_source":"","entity_confidence":"high","freshness":"recent","cross_source_support":"1","review_status":"unreviewed","confidence":"A","confidence_grade":"A","confidence_score":"1.00","selectable":"true","map_layer":"other_infrastructure","map_color":"#2a93d5","map_icon":"circle","risk_flags":"","subcategory":"other","transport_functions":"","un_locode":"","locode_country":"","locode_location":"","iata":"","remarks":"","source_date":"","detected_language":"en_or_unknown","translation_source":"","derived_subcategory":"command_hq","derived_subcategory_label":"Command & HQ","derived_subcategory_confidence":"0.82","derived_subcategory_reason":"keyword match","possible_duplicate_group":"","search_text":"Southern Military District Headquarters Southern Military District Headquarters other_infrastructure other military other Russia Oil & Power Infrastructure Map custom_pins Command & HQ","references_json":"[{\"reference_id\":\"ref_08003aeb811d83f3\",\"source_id\":\"russia_oil_power_map\",\"source_name\":\"Russia Oil & Power Infrastructure Map\",\"source_type\":\"map_layer\",\"url\":\"https://russiaoilpowermap.com/data/custom_pins.json\",\"archive_url\":\"\",\"retrieved_at\":\"2026-09-25T08:56:03Z\",\"source_record_id\":\"pin_6ab09766291029.34388007\",\"source_file\":\"data/russia_oil_power_infrastructure.csv\",\"source_line_or_record_id\":\"114101\",\"extractor_version\":\"unknown\",\"license_or_terms\":\"unknown\",\"confidence_contribution\":\"0.82\"}]","first_seen_build":"2026-09-21T09:07:38Z","last_seen_build":"2026-09-25T08:56:03Z","change_status":"unchanged","change_types":[],"changed_since_previous_build":"false","new_in_latest_build":"false","removed_from_latest_build":"false","source_archive_date":"2026-09-25T08:56:03Z","generation_type":"","primary_fuel":"","secondary_fuels":"","plant_role":"","technology":"","installed_capacity_mw":"","operational_status":"","classification_confidence":"","classification_confidence_score":"","classification_method":"","classification_sources":"","classification_notes":"","alternate_names":"","name_ru":"","match_score":"","match_method":"","matched_source_record_ids":"","is_nuclear":"","nuclear_status":"","reactor_count":"","operating_reactor_count":"","reactor_types":"","nuclear_reference_ids":"","radiological_risk":"","substation_type":"","voltage_kv":"","voltage_levels_kv":"","connected_generation_type":"","ecological_risk_category":"","political_significance":"","risk_assessment_status":"","references":[{"reference_id":"ref_08003aeb811d83f3","source_id":"russia_oil_power_map","source_name":"Russia Oil & Power Infrastructure Map","source_type":"map_layer","url":"https://russiaoilpowermap.com/data/custom_pins.json","archive_url":"","retrieved_at":"2026-09-25T08:56:03Z","source_record_id":"pin_6ab09766291029.34388007","source_file":"data/russia_oil_power_infrastructure.csv","source_line_or_record_id":"114101","extractor_version":"unknown","license_or_terms":"unknown","confidence_contribution":"0.82"}]}},{"type":"Feature","id":"infra_96e0791cdbfa9850","geometry":{"type":"Point","coordinates":[46.201222,51.477815]},"properties":{"uid":"infra_96e0791cdbfa9850","object_id":"infra_96e0791cdbfa9850","source":"russia_oil_power_map","source_dataset":"Russia Oil & Power Infrastructure Map","source_id":"russia_oil_power_map","source_record_id":"pin_6ab098a9244e99.11924284","source_url":"https://russiaoilpowermap.com/data/custom_pins.json","source_capture_date":"2026-09-25T08:56:03Z","source_layer":"custom_pins","source_reference_id":"ref_d1c16c515c5cfac2","source_name":"Russia Oil & Power Infrastructure Map","source_type":"map_layer","source_reliability":"B","license_or_terms":"unknown","name":"Engels-2 Air Base","name_en":"","description":"","name_translated":"","description_translated":"","display_label":"Engels-2 Air Base","asset_class":"other_infrastructure","asset_type":"other","asset_subtype":"military","domain":"other","status":"","operator":"","product":"","country":"Russia","country_code":"","country_source":"","countries":["Russia"],"source_country":"Russia","country_match_method":"point_in_boundary","region":"","region_translated":"","subdivision":"","inn":"","is_sanctioned":"","is_mass_director":"","is_mass_founder":"","is_disqualified_persons":"","geometry_type":"Point","latitude":"51.47781500","longitude":"46.20122200","centroid_latitude":"51.47781500","centroid_longitude":"46.20122200","map_latitude":"51.47781500","map_longitude":"46.20122200","start_latitude":"51.477815","start_longitude":"46.201222","end_latitude":"51.477815","end_longitude":"46.201222","coordinate_count":"1","length_km":"","has_point_location":"true","location_quality":"exact","coordinate_precision":"exact","coordinate_source":"","entity_confidence":"high","freshness":"recent","cross_source_support":"1","review_status":"unreviewed","confidence":"A","confidence_grade":"A","confidence_score":"1.00","selectable":"true","map_layer":"other_infrastructure","map_color":"#2a93d5","map_icon":"circle","risk_flags":"","subcategory":"other","transport_functions":"","un_locode":"","locode_country":"","locode_location":"","iata":"","remarks":"","source_date":"","detected_language":"en_or_unknown","translation_source":"","derived_subcategory":"logistics_storage","derived_subcategory_label":"Logistics & storage","derived_subcategory_confidence":"0.80","derived_subcategory_reason":"keyword match","possible_duplicate_group":"","search_text":"Engels-2 Air Base Engels-2 Air Base other_infrastructure other military other Russia Oil & Power Infrastructure Map custom_pins Logistics & storage","references_json":"[{\"reference_id\":\"ref_d1c16c515c5cfac2\",\"source_id\":\"russia_oil_power_map\",\"source_name\":\"Russia Oil & Power Infrastructure Map\",\"source_type\":\"map_layer\",\"url\":\"https://russiaoilpowermap.com/data/custom_pins.json\",\"archive_url\":\"\",\"retrieved_at\":\"2026-09-25T08:56:03Z\",\"source_record_id\":\"pin_6ab098a9244e99.11924284\",\"source_file\":\"data/russia_oil_power_infrastructure.csv\",\"source_line_or_record_id\":\"114102\",\"extractor_version\":\"unknown\",\"license_or_terms\":\"unknown\",\"confidence_contribution\":\"0.82\"}]","first_seen_build":"2026-09-21T09:07:38Z","last_seen_build":"2026-09-25T08:56:03Z","change_status":"unchanged","change_types":[],"changed_since_previous_build":"false","new_in_latest_build":"false","removed_from_latest_build":"false","source_archive_date":"2026-09-25T08:56:03Z","generation_type":"","primary_fuel":"","secondary_fuels":"","plant_role":"","technology":"","installed_capacity_mw":"","operational_status":"","classification_confidence":"","classification_confidence_score":"","classification_method":"","classification_sources":"","classification_notes":"","alternate_names":"","name_ru":"","match_score":"","match_method":"","matched_source_record_ids":"","is_nuclear":"","nuclear_status":"","reactor_count":"","operating_reactor_count":"","reactor_types":"","nuclear_reference_ids":"","radiological_risk":"","substation_type":"","voltage_kv":"","voltage_levels_kv":"","connected_generation_type":"","ecological_risk_category":"","political_significance":"","risk_assessment_status":"","references":[{"reference_id":"ref_d1c16c515c5cfac2","source_id":"russia_oil_power_map","source_name":"Russia Oil & Power Infrastructure Map","source_type":"map_layer","url":"https://russiaoilpowermap.com/data/custom_pins.json","archive_url":"","retrieved_at":"2026-09-25T08:56:03Z","source_record_id":"pin_6ab098a9244e99.11924284","source_file":"data/russia_oil_power_infrastructure.csv","source_line_or_record_id":"114102","extractor_version":"unknown","license_or_terms":"unknown","confidence_contribution":"0.82"}]}},{"type":"Feature","id":"infra_88fde3db2fd13814","geometry":{"type":"Point","coordinates":[33.454356,68.148693]},"properties":{"uid":"infra_88fde3db2fd13814","object_id":"infra_88fde3db2fd13814","source":"russia_oil_power_map","source_dataset":"Russia Oil & Power Infrastructure Map","source_id":"russia_oil_power_map","source_record_id":"pin_6ab098ef0d9bc7.09272641","source_url":"https://russiaoilpowermap.com/data/custom_pins.json","source_capture_date":"2026-09-25T08:56:03Z","source_layer":"custom_pins","source_reference_id":"ref_c61168d8b2fc12a1","source_name":"Russia Oil & Power Infrastructure Map","source_type":"map_layer","source_reliability":"B","license_or_terms":"unknown","name":"Olenya Air Base","name_en":"","description":"","name_translated":"","description_translated":"","display_label":"Olenya Air Base","asset_class":"other_infrastructure","asset_type":"other","asset_subtype":"military","domain":"other","status":"","operator":"","product":"","country":"Russia","country_code":"","country_source":"","countries":["Russia"],"source_country":"Russia","country_match_method":"point_in_boundary","region":"","region_translated":"","subdivision":"","inn":"","is_sanctioned":"","is_mass_director":"","is_mass_founder":"","is_disqualified_persons":"","geometry_type":"Point","latitude":"68.14869300","longitude":"33.45435600","centroid_latitude":"68.14869300","centroid_longitude":"33.45435600","map_latitude":"68.14869300","map_longitude":"33.45435600","start_latitude":"68.148693","start_longitude":"33.454356","end_latitude":"68.148693","end_longitude":"33.454356","coordinate_count":"1","length_km":"","has_point_location":"true","location_quality":"exact","coordinate_precision":"exact","coordinate_source":"","entity_confidence":"high","freshness":"recent","cross_source_support":"1","review_status":"unreviewed","confidence":"A","confidence_grade":"A","confidence_score":"1.00","selectable":"true","map_layer":"other_infrastructure","map_color":"#2a93d5","map_icon":"circle","risk_flags":"","subcategory":"other","transport_functions":"","un_locode":"","locode_country":"","locode_location":"","iata":"","remarks":"","source_date":"","detected_language":"en_or_unknown","translation_source":"","derived_subcategory":"logistics_storage","derived_subcategory_label":"Logistics & storage","derived_subcategory_confidence":"0.80","derived_subcategory_reason":"keyword match","possible_duplicate_group":"","search_text":"Olenya Air Base Olenya Air Base other_infrastructure other military other Russia Oil & Power Infrastructure Map custom_pins Logistics & storage","references_json":"[{\"reference_id\":\"ref_c61168d8b2fc12a1\",\"source_id\":\"russia_oil_power_map\",\"source_name\":\"Russia Oil & Power Infrastructure Map\",\"source_type\":\"map_layer\",\"url\":\"https://russiaoilpowermap.com/data/custom_pins.json\",\"archive_url\":\"\",\"retrieved_at\":\"2026-09-25T08:56:03Z\",\"source_record_id\":\"pin_6ab098ef0d9bc7.09272641\",\"source_file\":\"data/russia_oil_power_infrastructure.csv\",\"source_line_or_record_id\":\"114103\",\"extractor_version\":\"unknown\",\"license_or_terms\":\"unknown\",\"confidence_contribution\":\"0.82\"}]","first_seen_build":"2026-09-21T09:07:38Z","last_seen_build":"2026-09-25T08:56:03Z","change_status":"unchanged","change_types":[],"changed_since_previous_build":"false","new_in_latest_build":"false","removed_from_latest_build":"false","source_archive_date":"2026-09-25T08:56:03Z","generation_type":"","primary_fuel":"","secondary_fuels":"","plant_role":"","technology":"","installed_capacity_mw":"","operational_status":"","classification_confidence":"","classification_confidence_score":"","classification_method":"","classification_sources":"","classification_notes":"","alternate_names":"","name_ru":"","match_score":"","match_method":"","matched_source_record_ids":"","is_nuclear":"","nuclear_status":"","reactor_count":"","operating_reactor_count":"","reactor_types":"","nuclear_reference_ids":"","radiological_risk":"","substation_type":"","voltage_kv":"","voltage_levels_kv":"","connected_generation_type":"","ecological_risk_category":"","political_significance":"","risk_assessment_status":"","references":[{"reference_id":"ref_c61168d8b2fc12a1","source_id":"russia_oil_power_map","source_name":"Russia Oil & Power Infrastructure Map","source_type":"map_layer","url":"https://russiaoilpowermap.com/data/custom_pins.json","archive_url":"","retrieved_at":"2026-09-25T08:56:03Z","source_record_id":"pin_6ab098ef0d9bc7.09272641","source_file":"data/russia_oil_power_infrastructure.csv","source_line_or_record_id":"114103","extractor_version":"unknown","license_or_terms":"unknown","confidence_contribution":"0.82"}]}},{"type":"Feature","id":"infra_a08e104c77cd9472","geometry":{"type":"Point","coordinates":[33.579251,44.689674]},"properties":{"uid":"infra_a08e104c77cd9472","object_id":"infra_a08e104c77cd9472","source":"russia_oil_power_map","source_dataset":"Russia Oil & Power Infrastructure Map","source_id":"russia_oil_power_map","source_record_id":"pin_6ab09a6f8cf5d5.45358320","source_url":"https://russiaoilpowermap.com/data/custom_pins.json","source_capture_date":"2026-09-25T08:56:03Z","source_layer":"custom_pins","source_reference_id":"ref_640b9c3d82dfe83f","source_name":"Russia Oil & Power Infrastructure Map","source_type":"map_layer","source_reliability":"B","license_or_terms":"unknown","name":"Belbek Air Base (Occupied Crimea)","name_en":"","description":"","name_translated":"","description_translated":"","display_label":"Belbek Air Base (Occupied Crimea)","asset_class":"other_infrastructure","asset_type":"other","asset_subtype":"military","domain":"other","status":"","operator":"","product":"","country":"Ukraine","country_code":"","country_source":"","countries":["Ukraine"],"source_country":"Russia","country_match_method":"point_in_boundary","region":"","region_translated":"","subdivision":"","inn":"","is_sanctioned":"","is_mass_director":"","is_mass_founder":"","is_disqualified_persons":"","geometry_type":"Point","latitude":"44.68967400","longitude":"33.57925100","centroid_latitude":"44.68967400","centroid_longitude":"33.57925100","map_latitude":"44.68967400","map_longitude":"33.57925100","start_latitude":"44.689674","start_longitude":"33.579251","end_latitude":"44.689674","end_longitude":"33.579251","coordinate_count":"1","length_km":"","has_point_location":"true","location_quality":"exact","coordinate_precision":"exact","coordinate_source":"","entity_confidence":"high","freshness":"recent","cross_source_support":"1","review_status":"unreviewed","confidence":"A","confidence_grade":"A","confidence_score":"1.00","selectable":"true","map_layer":"other_infrastructure","map_color":"#2a93d5","map_icon":"circle","risk_flags":"","subcategory":"other","transport_functions":"","un_locode":"","locode_country":"","locode_location":"","iata":"","remarks":"","source_date":"","detected_language":"en_or_unknown","translation_source":"","derived_subcategory":"logistics_storage","derived_subcategory_label":"Logistics & storage","derived_subcategory_confidence":"0.80","derived_subcategory_reason":"keyword match","possible_duplicate_group":"","search_text":"Belbek Air Base (Occupied Crimea) Belbek Air Base (Occupied Crimea) other_infrastructure other military other Russia Oil & Power Infrastructure Map custom_pins Logistics & storage","references_json":"[{\"reference_id\":\"ref_640b9c3d82dfe83f\",\"source_id\":\"russia_oil_power_map\",\"source_name\":\"Russia Oil & Power Infrastructure Map\",\"source_type\":\"map_layer\",\"url\":\"https://russiaoilpowermap.com/data/custom_pins.json\",\"archive_url\":\"\",\"retrieved_at\":\"2026-09-25T08:56:03Z\",\"source_record_id\":\"pin_6ab09a6f8cf5d5.45358320\",\"source_file\":\"data/russia_oil_power_infrastructure.csv\",\"source_line_or_record_id\":\"114104\",\"extractor_version\":\"unknown\",\"license_or_terms\":\"unknown\",\"confidence_contribution\":\"0.82\"}]","first_seen_build":"2026-09-21T09:07:38Z","last_seen_build":"2026-09-25T08:56:03Z","change_status":"unchanged","change_types":[],"changed_since_previous_build":"false","new_in_latest_build":"false","removed_from_latest_build":"false","source_archive_date":"2026-09-25T08:56:03Z","generation_type":"","primary_fuel":"","secondary_fuels":"","plant_role":"","technology":"","installed_capacity_mw":"","operational_status":"","classification_confidence":"","classification_confidence_score":"","classification_method":"","classification_sources":"","classification_notes":"","alternate_names":"","name_ru":"","match_score":"","match_method":"","matched_source_record_ids":"","is_nuclear":"","nuclear_status":"","reactor_count":"","operating_reactor_count":"","reactor_types":"","nuclear_reference_ids":"","radiological_risk":"","substation_type":"","voltage_kv":"","voltage_levels_kv":"","connected_generation_type":"","ecological_risk_category":"","political_significance":"","risk_assessment_status":"","references":[{"reference_id":"ref_640b9c3d82dfe83f","source_id":"russia_oil_power_map","source_name":"Russia Oil & Power Infrastructure Map","source_type":"map_layer","url":"https://russiaoilpowermap.com/data/custom_pins.json","archive_url":"","retrieved_at":"2026-09-25T08:56:03Z","source_record_id":"pin_6ab09a6f8cf5d5.45358320","source_file":"data/russia_oil_power_infrastructure.csv","source_line_or_record_id":"114104","extractor_version":"unknown","license_or_terms":"unknown","confidence_contribution":"0.82"}]}},{"type":"Feature","id":"infra_a89942931dc673a1","geometry":{"type":"Point","coordinates":[47.89876,46.393832]},"properties":{"uid":"infra_a89942931dc673a1","object_id":"infra_a89942931dc673a1","source":"russia_oil_power_map","source_dataset":"Russia Oil & Power Infrastructure Map","source_id":"russia_oil_power_map","source_record_id":"pin_6ab09d4cb71804.63152400","source_url":"https://russiaoilpowermap.com/data/custom_pins.json","source_capture_date":"2026-09-25T08:56:03Z","source_layer":"custom_pins","source_reference_id":"ref_b47860209d6fabca","source_name":"Russia Oil & Power Infrastructure Map","source_type":"map_layer","source_reliability":"B","license_or_terms":"unknown","name":"Privolzhskiy Air Base","name_en":"","description":"","name_translated":"","description_translated":"","display_label":"Privolzhskiy Air Base","asset_class":"other_infrastructure","asset_type":"other","asset_subtype":"military","domain":"other","status":"","operator":"","product":"","country":"Russia","country_code":"","country_source":"","countries":["Russia"],"source_country":"Russia","country_match_method":"point_in_boundary","region":"","region_translated":"","subdivision":"","inn":"","is_sanctioned":"","is_mass_director":"","is_mass_founder":"","is_disqualified_persons":"","geometry_type":"Point","latitude":"46.39383200","longitude":"47.89876000","centroid_latitude":"46.39383200","centroid_longitude":"47.89876000","map_latitude":"46.39383200","map_longitude":"47.89876000","start_latitude":"46.393832","start_longitude":"47.89876","end_latitude":"46.393832","end_longitude":"47.89876","coordinate_count":"1","length_km":"","has_point_location":"true","location_quality":"exact","coordinate_precision":"exact","coordinate_source":"","entity_confidence":"high","freshness":"recent","cross_source_support":"1","review_status":"unreviewed","confidence":"A","confidence_grade":"A","confidence_score":"1.00","selectable":"true","map_layer":"other_infrastructure","map_color":"#2a93d5","map_icon":"circle","risk_flags":"","subcategory":"other","transport_functions":"","un_locode":"","locode_country":"","locode_location":"","iata":"","remarks":"","source_date":"","detected_language":"en_or_unknown","translation_source":"","derived_subcategory":"logistics_storage","derived_subcategory_label":"Logistics & storage","derived_subcategory_confidence":"0.80","derived_subcategory_reason":"keyword match","possible_duplicate_group":"","search_text":"Privolzhskiy Air Base Privolzhskiy Air Base other_infrastructure other military other Russia Oil & Power Infrastructure Map custom_pins Logistics & storage","references_json":"[{\"reference_id\":\"ref_b47860209d6fabca\",\"source_id\":\"russia_oil_power_map\",\"source_name\":\"Russia Oil & Power Infrastructure Map\",\"source_type\":\"map_layer\",\"url\":\"https://russiaoilpowermap.com/data/custom_pins.json\",\"archive_url\":\"\",\"retrieved_at\":\"2026-09-25T08:56:03Z\",\"source_record_id\":\"pin_6ab09d4cb71804.63152400\",\"source_file\":\"data/russia_oil_power_infrastructure.csv\",\"source_line_or_record_id\":\"114105\",\"extractor_version\":\"unknown\",\"license_or_terms\":\"unknown\",\"confidence_contribution\":\"0.82\"}]","first_seen_build":"2026-09-21T09:07:38Z","last_seen_build":"2026-09-25T08:56:03Z","change_status":"unchanged","change_types":[],"changed_since_previous_build":"false","new_in_latest_build":"false","removed_from_latest_build":"false","source_archive_date":"2026-09-25T08:56:03Z","generation_type":"","primary_fuel":"","secondary_fuels":"","plant_role":"","technology":"","installed_capacity_mw":"","operational_status":"","classification_confidence":"","classification_confidence_score":"","classification_method":"","classification_sources":"","classification_notes":"","alternate_names":"","name_ru":"","match_score":"","match_method":"","matched_source_record_ids":"","is_nuclear":"","nuclear_status":"","reactor_count":"","operating_reactor_count":"","reactor_types":"","nuclear_reference_ids":"","radiological_risk":"","substation_type":"","voltage_kv":"","voltage_levels_kv":"","connected_generation_type":"","ecological_risk_category":"","political_significance":"","risk_assessment_status":"","references":[{"reference_id":"ref_b47860209d6fabca","source_id":"russia_oil_power_map","source_name":"Russia Oil & Power Infrastructure Map","source_type":"map_layer","url":"https://russiaoilpowermap.com/data/custom_pins.json","archive_url":"","retrieved_at":"2026-09-25T08:56:03Z","source_record_id":"pin_6ab09d4cb71804.63152400","source_file":"data/russia_oil_power_infrastructure.csv","source_line_or_record_id":"114105","extractor_version":"unknown","license_or_terms":"unknown","confidence_contribution":"0.82"}]}},{"type":"Feature","id":"infra_5075948c21c407db","geometry":{"type":"Point","coordinates":[47.661116,42.882666]},"properties":{"uid":"infra_5075948c21c407db","object_id":"infra_5075948c21c407db","source":"russia_oil_power_map","source_dataset":"Russia Oil & Power Infrastructure Map","source_id":"russia_oil_power_map","source_record_id":"pin_6ab09dba566f35.43939568","source_url":"https://russiaoilpowermap.com/data/custom_pins.json","source_capture_date":"2026-09-25T08:56:03Z","source_layer":"custom_pins","source_reference_id":"ref_b2ce1cfa5c53622c","source_name":"Russia Oil & Power Infrastructure Map","source_type":"map_layer","source_reliability":"B","license_or_terms":"unknown","name":"Kaspiysk Naval Base","name_en":"","description":"","name_translated":"","description_translated":"","display_label":"Kaspiysk Naval Base","asset_class":"other_infrastructure","asset_type":"other","asset_subtype":"military","domain":"other","status":"","operator":"","product":"","country":"Unknown","country_code":"","country_source":"","countries":["Unknown"],"source_country":"Russia","country_match_method":"no_boundary_match","region":"","region_translated":"","subdivision":"","inn":"","is_sanctioned":"","is_mass_director":"","is_mass_founder":"","is_disqualified_persons":"","geometry_type":"Point","latitude":"42.88266600","longitude":"47.66111600","centroid_latitude":"42.88266600","centroid_longitude":"47.66111600","map_latitude":"42.88266600","map_longitude":"47.66111600","start_latitude":"42.882666","start_longitude":"47.661116","end_latitude":"42.882666","end_longitude":"47.661116","coordinate_count":"1","length_km":"","has_point_location":"true","location_quality":"exact","coordinate_precision":"exact","coordinate_source":"","entity_confidence":"high","freshness":"recent","cross_source_support":"1","review_status":"unreviewed","confidence":"A","confidence_grade":"A","confidence_score":"1.00","selectable":"true","map_layer":"other_infrastructure","map_color":"#2a93d5","map_icon":"circle","risk_flags":"","subcategory":"other","transport_functions":"","un_locode":"","locode_country":"","locode_location":"","iata":"","remarks":"","source_date":"","detected_language":"en_or_unknown","translation_source":"","derived_subcategory":"naval_fleet_coast_guard","derived_subcategory_label":"Naval, fleet & coast guard","derived_subcategory_confidence":"0.86","derived_subcategory_reason":"keyword match","possible_duplicate_group":"","search_text":"Kaspiysk Naval Base Kaspiysk Naval Base other_infrastructure other military other Russia Oil & Power Infrastructure Map custom_pins Naval, fleet & coast guard","references_json":"[{\"reference_id\":\"ref_b2ce1cfa5c53622c\",\"source_id\":\"russia_oil_power_map\",\"source_name\":\"Russia Oil & Power Infrastructure Map\",\"source_type\":\"map_layer\",\"url\":\"https://russiaoilpowermap.com/data/custom_pins.json\",\"archive_url\":\"\",\"retrieved_at\":\"2026-09-25T08:56:03Z\",\"source_record_id\":\"pin_6ab09dba566f35.43939568\",\"source_file\":\"data/russia_oil_power_infrastructure.csv\",\"source_line_or_record_id\":\"114106\",\"extractor_version\":\"unknown\",\"license_or_terms\":\"unknown\",\"confidence_contribution\":\"0.82\"}]","first_seen_build":"2026-09-21T09:07:38Z","last_seen_build":"2026-09-25T08:56:03Z","change_status":"unchanged","change_types":[],"changed_since_previous_build":"false","new_in_latest_build":"false","removed_from_latest_build":"false","source_archive_date":"2026-09-25T08:56:03Z","generation_type":"","primary_fuel":"","secondary_fuels":"","plant_role":"","technology":"","installed_capacity_mw":"","operational_status":"","classification_confidence":"","classification_confidence_score":"","classification_method":"","classification_sources":"","classification_notes":"","alternate_names":"","name_ru":"","match_score":"","match_method":"","matched_source_record_ids":"","is_nuclear":"","nuclear_status":"","reactor_count":"","operating_reactor_count":"","reactor_types":"","nuclear_reference_ids":"","radiological_risk":"","substation_type":"","voltage_kv":"","voltage_levels_kv":"","connected_generation_type":"","ecological_risk_category":"","political_significance":"","risk_assessment_status":"","references":[{"reference_id":"ref_b2ce1cfa5c53622c","source_id":"russia_oil_power_map","source_name":"Russia Oil & Power Infrastructure Map","source_type":"map_layer","url":"https://russiaoilpowermap.com/data/custom_pins.json","archive_url":"","retrieved_at":"2026-09-25T08:56:03Z","source_record_id":"pin_6ab09dba566f35.43939568","source_file":"data/russia_oil_power_infrastructure.csv","source_line_or_record_id":"114106","extractor_version":"unknown","license_or_terms":"unknown","confidence_contribution":"0.82"}]}},{"type":"Feature","id":"infra_0fcd5b28a32d1d91","geometry":{"type":"Point","coordinates":[47.652769,42.816275]},"properties":{"uid":"infra_0fcd5b28a32d1d91","object_id":"infra_0fcd5b28a32d1d91","source":"russia_oil_power_map","source_dataset":"Russia Oil & Power Infrastructure Map","source_id":"russia_oil_power_map","source_record_id":"pin_6ab09e0b43bb70.65100906","source_url":"https://russiaoilpowermap.com/data/custom_pins.json","source_capture_date":"2026-09-25T08:56:03Z","source_layer":"custom_pins","source_reference_id":"ref_e473d9210ec858dd","source_name":"Russia Oil & Power Infrastructure Map","source_type":"map_layer","source_reliability":"B","license_or_terms":"unknown","name":"Makhachkala Airport (Past Military Activity)","name_en":"","description":"","name_translated":"","description_translated":"","display_label":"Makhachkala Airport (Past Military Activity)","asset_class":"other_infrastructure","asset_type":"other","asset_subtype":"military","domain":"other","status":"","operator":"","product":"","country":"Russia","country_code":"","country_source":"","countries":["Russia"],"source_country":"Russia","country_match_method":"point_in_boundary","region":"","region_translated":"","subdivision":"","inn":"","is_sanctioned":"","is_mass_director":"","is_mass_founder":"","is_disqualified_persons":"","geometry_type":"Point","latitude":"42.81627500","longitude":"47.65276900","centroid_latitude":"42.81627500","centroid_longitude":"47.65276900","map_latitude":"42.81627500","map_longitude":"47.65276900","start_latitude":"42.816275","start_longitude":"47.652769","end_latitude":"42.816275","end_longitude":"47.652769","coordinate_count":"1","length_km":"","has_point_location":"true","location_quality":"exact","coordinate_precision":"exact","coordinate_source":"","entity_confidence":"high","freshness":"recent","cross_source_support":"1","review_status":"unreviewed","confidence":"A","confidence_grade":"A","confidence_score":"1.00","selectable":"true","map_layer":"other_infrastructure","map_color":"#2a93d5","map_icon":"circle","risk_flags":"","subcategory":"other","transport_functions":"","un_locode":"","locode_country":"","locode_location":"","iata":"","remarks":"","source_date":"","detected_language":"en_or_unknown","translation_source":"","derived_subcategory":"other","derived_subcategory_label":"Other","derived_subcategory_confidence":"0.5","derived_subcategory_reason":"asset type fallback","possible_duplicate_group":"","search_text":"Makhachkala Airport (Past Military Activity) Makhachkala Airport (Past Military Activity) other_infrastructure other military other Russia Oil & Power Infrastructure Map custom_pins Other","references_json":"[{\"reference_id\":\"ref_e473d9210ec858dd\",\"source_id\":\"russia_oil_power_map\",\"source_name\":\"Russia Oil & Power Infrastructure Map\",\"source_type\":\"map_layer\",\"url\":\"https://russiaoilpowermap.com/data/custom_pins.json\",\"archive_url\":\"\",\"retrieved_at\":\"2026-09-25T08:56:03Z\",\"source_record_id\":\"pin_6ab09e0b43bb70.65100906\",\"source_file\":\"data/russia_oil_power_infrastructure.csv\",\"source_line_or_record_id\":\"114107\",\"extractor_version\":\"unknown\",\"license_or_terms\":\"unknown\",\"confidence_contribution\":\"0.82\"}]","first_seen_build":"2026-09-21T09:07:38Z","last_seen_build":"2026-09-25T08:56:03Z","change_status":"unchanged","change_types":[],"changed_since_previous_build":"false","new_in_latest_build":"false","removed_from_latest_build":"false","source_archive_date":"2026-09-25T08:56:03Z","generation_type":"","primary_fuel":"","secondary_fuels":"","plant_role":"","technology":"","installed_capacity_mw":"","operational_status":"","classification_confidence":"","classification_confidence_score":"","classification_method":"","classification_sources":"","classification_notes":"","alternate_names":"","name_ru":"","match_score":"","match_method":"","matched_source_record_ids":"","is_nuclear":"","nuclear_status":"","reactor_count":"","operating_reactor_count":"","reactor_types":"","nuclear_reference_ids":"","radiological_risk":"","substation_type":"","voltage_kv":"","voltage_levels_kv":"","connected_generation_type":"","ecological_risk_category":"","political_significance":"","risk_assessment_status":"","references":[{"reference_id":"ref_e473d9210ec858dd","source_id":"russia_oil_power_map","source_name":"Russia Oil & Power Infrastructure Map","source_type":"map_layer","url":"https://russiaoilpowermap.com/data/custom_pins.json","archive_url":"","retrieved_at":"2026-09-25T08:56:03Z","source_record_id":"pin_6ab09e0b43bb70.65100906","source_file":"data/russia_oil_power_infrastructure.csv","source_line_or_record_id":"114107","extractor_version":"unknown","license_or_terms":"unknown","confidence_contribution":"0.82"}]}},{"type":"Feature","id":"infra_02bd4a4286f6938a","geometry":{"type":"Point","coordinates":[39.928608,47.490413]},"properties":{"uid":"infra_02bd4a4286f6938a","object_id":"infra_02bd4a4286f6938a","source":"russia_oil_power_map","source_dataset":"Russia Oil & Power Infrastructure Map","source_id":"russia_oil_power_map","source_record_id":"pin_6ab0bbd75c2f76.08503338","source_url":"https://russiaoilpowermap.com/data/custom_pins.json","source_capture_date":"2026-09-25T08:56:03Z","source_layer":"custom_pins","source_reference_id":"ref_fb89a0a2dd68a6af","source_name":"Russia Oil & Power Infrastructure Map","source_type":"map_layer","source_reliability":"B","license_or_terms":"unknown","name":"Platov Airport (Military Logistic Airfield as of 2022)","name_en":"","description":"","name_translated":"","description_translated":"","display_label":"Platov Airport (Military Logistic Airfield as of 2022)","asset_class":"other_infrastructure","asset_type":"other","asset_subtype":"military","domain":"other","status":"","operator":"","product":"","country":"Russia","country_code":"","country_source":"","countries":["Russia"],"source_country":"Russia","country_match_method":"point_in_boundary","region":"","region_translated":"","subdivision":"","inn":"","is_sanctioned":"","is_mass_director":"","is_mass_founder":"","is_disqualified_persons":"","geometry_type":"Point","latitude":"47.49041300","longitude":"39.92860800","centroid_latitude":"47.49041300","centroid_longitude":"39.92860800","map_latitude":"47.49041300","map_longitude":"39.92860800","start_latitude":"47.490413","start_longitude":"39.928608","end_latitude":"47.490413","end_longitude":"39.928608","coordinate_count":"1","length_km":"","has_point_location":"true","location_quality":"exact","coordinate_precision":"exact","coordinate_source":"","entity_confidence":"high","freshness":"recent","cross_source_support":"1","review_status":"unreviewed","confidence":"A","confidence_grade":"A","confidence_score":"1.00","selectable":"true","map_layer":"other_infrastructure","map_color":"#2a93d5","map_icon":"circle","risk_flags":"","subcategory":"other","transport_functions":"","un_locode":"","locode_country":"","locode_location":"","iata":"","remarks":"","source_date":"","detected_language":"en_or_unknown","translation_source":"","derived_subcategory":"aviation_aerospace","derived_subcategory_label":"Aviation & aerospace","derived_subcategory_confidence":"0.86","derived_subcategory_reason":"keyword match","possible_duplicate_group":"","search_text":"Platov Airport (Military Logistic Airfield as of 2022) Platov Airport (Military Logistic Airfield as of 2022) other_infrastructure other military other Russia Oil & Power Infrastructure Map custom_pins Aviation & aerospace","references_json":"[{\"reference_id\":\"ref_fb89a0a2dd68a6af\",\"source_id\":\"russia_oil_power_map\",\"source_name\":\"Russia Oil & Power Infrastructure Map\",\"source_type\":\"map_layer\",\"url\":\"https://russiaoilpowermap.com/data/custom_pins.json\",\"archive_url\":\"\",\"retrieved_at\":\"2026-09-25T08:56:03Z\",\"source_record_id\":\"pin_6ab0bbd75c2f76.08503338\",\"source_file\":\"data/russia_oil_power_infrastructure.csv\",\"source_line_or_record_id\":\"114108\",\"extractor_version\":\"unknown\",\"license_or_terms\":\"unknown\",\"confidence_contribution\":\"0.82\"}]","first_seen_build":"2026-09-21T09:07:38Z","last_seen_build":"2026-09-25T08:56:03Z","change_status":"unchanged","change_types":[],"changed_since_previous_build":"false","new_in_latest_build":"false","removed_from_latest_build":"false","source_archive_date":"2026-09-25T08:56:03Z","generation_type":"","primary_fuel":"","secondary_fuels":"","plant_role":"","technology":"","installed_capacity_mw":"","operational_status":"","classification_confidence":"","classification_confidence_score":"","classification_method":"","classification_sources":"","classification_notes":"","alternate_names":"","name_ru":"","match_score":"","match_method":"","matched_source_record_ids":"","is_nuclear":"","nuclear_status":"","reactor_count":"","operating_reactor_count":"","reactor_types":"","nuclear_reference_ids":"","radiological_risk":"","substation_type":"","voltage_kv":"","voltage_levels_kv":"","connected_generation_type":"","ecological_risk_category":"","political_significance":"","risk_assessment_status":"","references":[{"reference_id":"ref_fb89a0a2dd68a6af","source_id":"russia_oil_power_map","source_name":"Russia Oil & Power Infrastructure Map","source_type":"map_layer","url":"https://russiaoilpowermap.com/data/custom_pins.json","archive_url":"","retrieved_at":"2026-09-25T08:56:03Z","source_record_id":"pin_6ab0bbd75c2f76.08503338","source_file":"data/russia_oil_power_infrastructure.csv","source_line_or_record_id":"114108","extractor_version":"unknown","license_or_terms":"unknown","confidence_contribution":"0.82"}]}},{"type":"Feature","id":"infra_900eff8125fecf97","geometry":{"type":"Point","coordinates":[27.580158,53.773985]},"properties":{"uid":"infra_900eff8125fecf97","object_id":"infra_900eff8125fecf97","source":"russia_oil_power_map","source_dataset":"Russia Oil & Power Infrastructure Map","source_id":"russia_oil_power_map","source_record_id":"pin_6ab17523b1b4a1.95770762","source_url":"https://russiaoilpowermap.com/data/custom_pins.json","source_capture_date":"2026-09-25T08:56:03Z","source_layer":"custom_pins","source_reference_id":"ref_1215fdb19fffbc56","source_name":"Russia Oil & Power Infrastructure Map","source_type":"map_layer","source_reliability":"B","license_or_terms":"unknown","name":"Belarus Machulishchy Air Base","name_en":"","description":"","name_translated":"","description_translated":"","display_label":"Belarus Machulishchy Air Base","asset_class":"other_infrastructure","asset_type":"other","asset_subtype":"military","domain":"other","status":"","operator":"","product":"","country":"Belarus","country_code":"","country_source":"","countries":["Belarus"],"source_country":"Russia","country_match_method":"point_in_boundary","region":"","region_translated":"","subdivision":"","inn":"","is_sanctioned":"","is_mass_director":"","is_mass_founder":"","is_disqualified_persons":"","geometry_type":"Point","latitude":"53.77398500","longitude":"27.58015800","centroid_latitude":"53.77398500","centroid_longitude":"27.58015800","map_latitude":"53.77398500","map_longitude":"27.58015800","start_latitude":"53.773985","start_longitude":"27.580158","end_latitude":"53.773985","end_longitude":"27.580158","coordinate_count":"1","length_km":"","has_point_location":"true","location_quality":"exact","coordinate_precision":"exact","coordinate_source":"","entity_confidence":"high","freshness":"recent","cross_source_support":"1","review_status":"unreviewed","confidence":"A","confidence_grade":"A","confidence_score":"1.00","selectable":"true","map_layer":"other_infrastructure","map_color":"#2a93d5","map_icon":"circle","risk_flags":"","subcategory":"other","transport_functions":"","un_locode":"","locode_country":"","locode_location":"","iata":"","remarks":"","source_date":"","detected_language":"en_or_unknown","translation_source":"","derived_subcategory":"logistics_storage","derived_subcategory_label":"Logistics & storage","derived_subcategory_confidence":"0.80","derived_subcategory_reason":"keyword match","possible_duplicate_group":"","search_text":"Belarus Machulishchy Air Base Belarus Machulishchy Air Base other_infrastructure other military other Russia Oil & Power Infrastructure Map custom_pins Logistics & storage","references_json":"[{\"reference_id\":\"ref_1215fdb19fffbc56\",\"source_id\":\"russia_oil_power_map\",\"source_name\":\"Russia Oil & Power Infrastructure Map\",\"source_type\":\"map_layer\",\"url\":\"https://russiaoilpowermap.com/data/custom_pins.json\",\"archive_url\":\"\",\"retrieved_at\":\"2026-09-25T08:56:03Z\",\"source_record_id\":\"pin_6ab17523b1b4a1.95770762\",\"source_file\":\"data/russia_oil_power_infrastructure.csv\",\"source_line_or_record_id\":\"114109\",\"extractor_version\":\"unknown\",\"license_or_terms\":\"unknown\",\"confidence_contribution\":\"0.82\"}]","first_seen_build":"2026-09-22T08:42:28Z","last_seen_build":"2026-09-25T08:56:03Z","change_status":"unchanged","change_types":[],"changed_since_previous_build":"false","new_in_latest_build":"false","removed_from_latest_build":"false","source_archive_date":"2026-09-25T08:56:03Z","generation_type":"","primary_fuel":"","secondary_fuels":"","plant_role":"","technology":"","installed_capacity_mw":"","operational_status":"","classification_confidence":"","classification_confidence_score":"","classification_method":"","classification_sources":"","classification_notes":"","alternate_names":"","name_ru":"","match_score":"","match_method":"","matched_source_record_ids":"","is_nuclear":"","nuclear_status":"","reactor_count":"","operating_reactor_count":"","reactor_types":"","nuclear_reference_ids":"","radiological_risk":"","substation_type":"","voltage_kv":"","voltage_levels_kv":"","connected_generation_type":"","ecological_risk_category":"","political_significance":"","risk_assessment_status":"","references":[{"reference_id":"ref_1215fdb19fffbc56","source_id":"russia_oil_power_map","source_name":"Russia Oil & Power Infrastructure Map","source_type":"map_layer","url":"https://russiaoilpowermap.com/data/custom_pins.json","archive_url":"","retrieved_at":"2026-09-25T08:56:03Z","source_record_id":"pin_6ab17523b1b4a1.95770762","source_file":"data/russia_oil_power_infrastructure.csv","source_line_or_record_id":"114109","extractor_version":"unknown","license_or_terms":"unknown","confidence_contribution":"0.82"}]}},{"type":"Feature","id":"infra_47f86fbacc50ccd0","geometry":{"type":"Point","coordinates":[26.046395,53.10437]},"properties":{"uid":"infra_47f86fbacc50ccd0","object_id":"infra_47f86fbacc50ccd0","source":"russia_oil_power_map","source_dataset":"Russia Oil & Power Infrastructure Map","source_id":"russia_oil_power_map","source_record_id":"pin_6ab175882c0469.03026269","source_url":"https://russiaoilpowermap.com/data/custom_pins.json","source_capture_date":"2026-09-25T08:56:03Z","source_layer":"custom_pins","source_reference_id":"ref_8df65432c23801d1","source_name":"Russia Oil & Power Infrastructure Map","source_type":"map_layer","source_reliability":"B","license_or_terms":"unknown","name":"Belarus Baranovichi Air Base","name_en":"","description":"","name_translated":"","description_translated":"","display_label":"Belarus Baranovichi Air Base","asset_class":"other_infrastructure","asset_type":"other","asset_subtype":"military","domain":"other","status":"","operator":"","product":"","country":"Belarus","country_code":"","country_source":"","countries":["Belarus"],"source_country":"Russia","country_match_method":"point_in_boundary","region":"","region_translated":"","subdivision":"","inn":"","is_sanctioned":"","is_mass_director":"","is_mass_founder":"","is_disqualified_persons":"","geometry_type":"Point","latitude":"53.10437000","longitude":"26.04639500","centroid_latitude":"53.10437000","centroid_longitude":"26.04639500","map_latitude":"53.10437000","map_longitude":"26.04639500","start_latitude":"53.10437","start_longitude":"26.046395","end_latitude":"53.10437","end_longitude":"26.046395","coordinate_count":"1","length_km":"","has_point_location":"true","location_quality":"exact","coordinate_precision":"exact","coordinate_source":"","entity_confidence":"high","freshness":"recent","cross_source_support":"1","review_status":"unreviewed","confidence":"A","confidence_grade":"A","confidence_score":"1.00","selectable":"true","map_layer":"other_infrastructure","map_color":"#2a93d5","map_icon":"circle","risk_flags":"","subcategory":"other","transport_functions":"","un_locode":"","locode_country":"","locode_location":"","iata":"","remarks":"","source_date":"","detected_language":"en_or_unknown","translation_source":"","derived_subcategory":"logistics_storage","derived_subcategory_label":"Logistics & storage","derived_subcategory_confidence":"0.80","derived_subcategory_reason":"keyword match","possible_duplicate_group":"","search_text":"Belarus Baranovichi Air Base Belarus Baranovichi Air Base other_infrastructure other military other Russia Oil & Power Infrastructure Map custom_pins Logistics & storage","references_json":"[{\"reference_id\":\"ref_8df65432c23801d1\",\"source_id\":\"russia_oil_power_map\",\"source_name\":\"Russia Oil & Power Infrastructure Map\",\"source_type\":\"map_layer\",\"url\":\"https://russiaoilpowermap.com/data/custom_pins.json\",\"archive_url\":\"\",\"retrieved_at\":\"2026-09-25T08:56:03Z\",\"source_record_id\":\"pin_6ab175882c0469.03026269\",\"source_file\":\"data/russia_oil_power_infrastructure.csv\",\"source_line_or_record_id\":\"114110\",\"extractor_version\":\"unknown\",\"license_or_terms\":\"unknown\",\"confidence_contribution\":\"0.82\"}]","first_seen_build":"2026-09-22T08:42:28Z","last_seen_build":"2026-09-25T08:56:03Z","change_status":"unchanged","change_types":[],"changed_since_previous_build":"false","new_in_latest_build":"false","removed_from_latest_build":"false","source_archive_date":"2026-09-25T08:56:03Z","generation_type":"","primary_fuel":"","secondary_fuels":"","plant_role":"","technology":"","installed_capacity_mw":"","operational_status":"","classification_confidence":"","classification_confidence_score":"","classification_method":"","classification_sources":"","classification_notes":"","alternate_names":"","name_ru":"","match_score":"","match_method":"","matched_source_record_ids":"","is_nuclear":"","nuclear_status":"","reactor_count":"","operating_reactor_count":"","reactor_types":"","nuclear_reference_ids":"","radiological_risk":"","substation_type":"","voltage_kv":"","voltage_levels_kv":"","connected_generation_type":"","ecological_risk_category":"","political_significance":"","risk_assessment_status":"","references":[{"reference_id":"ref_8df65432c23801d1","source_id":"russia_oil_power_map","source_name":"Russia Oil & Power Infrastructure Map","source_type":"map_layer","url":"https://russiaoilpowermap.com/data/custom_pins.json","archive_url":"","retrieved_at":"2026-09-25T08:56:03Z","source_record_id":"pin_6ab175882c0469.03026269","source_file":"data/russia_oil_power_infrastructure.csv","source_line_or_record_id":"114110","extractor_version":"unknown","license_or_terms":"unknown","confidence_contribution":"0.82"}]}},{"type":"Feature","id":"infra_e3d85839b57805c3","geometry":{"type":"Point","coordinates":[25.369309,53.883]},"properties":{"uid":"infra_e3d85839b57805c3","object_id":"infra_e3d85839b57805c3","source":"russia_oil_power_map","source_dataset":"Russia Oil & Power Infrastructure Map","source_id":"russia_oil_power_map","source_record_id":"pin_6ab175ce83a6b3.30327588","source_url":"https://russiaoilpowermap.com/data/custom_pins.json","source_capture_date":"2026-09-25T08:56:03Z","source_layer":"custom_pins","source_reference_id":"ref_bcf1851dd81186f8","source_name":"Russia Oil & Power Infrastructure Map","source_type":"map_layer","source_reliability":"B","license_or_terms":"unknown","name":"Belarus Lida Air Base","name_en":"","description":"","name_translated":"","description_translated":"","display_label":"Belarus Lida Air Base","asset_class":"other_infrastructure","asset_type":"other","asset_subtype":"military","domain":"other","status":"","operator":"","product":"","country":"Belarus","country_code":"","country_source":"","countries":["Belarus"],"source_country":"Russia","country_match_method":"point_in_boundary","region":"","region_translated":"","subdivision":"","inn":"","is_sanctioned":"","is_mass_director":"","is_mass_founder":"","is_disqualified_persons":"","geometry_type":"Point","latitude":"53.88300000","longitude":"25.36930900","centroid_latitude":"53.88300000","centroid_longitude":"25.36930900","map_latitude":"53.88300000","map_longitude":"25.36930900","start_latitude":"53.883","start_longitude":"25.369309","end_latitude":"53.883","end_longitude":"25.369309","coordinate_count":"1","length_km":"","has_point_location":"true","location_quality":"exact","coordinate_precision":"exact","coordinate_source":"","entity_confidence":"high","freshness":"recent","cross_source_support":"1","review_status":"unreviewed","confidence":"A","confidence_grade":"A","confidence_score":"1.00","selectable":"true","map_layer":"other_infrastructure","map_color":"#2a93d5","map_icon":"circle","risk_flags":"","subcategory":"other","transport_functions":"","un_locode":"","locode_country":"","locode_location":"","iata":"","remarks":"","source_date":"","detected_language":"en_or_unknown","translation_source":"","derived_subcategory":"logistics_storage","derived_subcategory_label":"Logistics & storage","derived_subcategory_confidence":"0.80","derived_subcategory_reason":"keyword match","possible_duplicate_group":"","search_text":"Belarus Lida Air Base Belarus Lida Air Base other_infrastructure other military other Russia Oil & Power Infrastructure Map custom_pins Logistics & storage","references_json":"[{\"reference_id\":\"ref_bcf1851dd81186f8\",\"source_id\":\"russia_oil_power_map\",\"source_name\":\"Russia Oil & Power Infrastructure Map\",\"source_type\":\"map_layer\",\"url\":\"https://russiaoilpowermap.com/data/custom_pins.json\",\"archive_url\":\"\",\"retrieved_at\":\"2026-09-25T08:56:03Z\",\"source_record_id\":\"pin_6ab175ce83a6b3.30327588\",\"source_file\":\"data/russia_oil_power_infrastructure.csv\",\"source_line_or_record_id\":\"114111\",\"extractor_version\":\"unknown\",\"license_or_terms\":\"unknown\",\"confidence_contribution\":\"0.82\"}]","first_seen_build":"2026-09-22T08:42:28Z","last_seen_build":"2026-09-25T08:56:03Z","change_status":"unchanged","change_types":[],"changed_since_previous_build":"false","new_in_latest_build":"false","removed_from_latest_build":"false","source_archive_date":"2026-09-25T08:56:03Z","generation_type":"","primary_fuel":"","secondary_fuels":"","plant_role":"","technology":"","installed_capacity_mw":"","operational_status":"","classification_confidence":"","classification_confidence_score":"","classification_method":"","classification_sources":"","classification_notes":"","alternate_names":"","name_ru":"","match_score":"","match_method":"","matched_source_record_ids":"","is_nuclear":"","nuclear_status":"","reactor_count":"","operating_reactor_count":"","reactor_types":"","nuclear_reference_ids":"","radiological_risk":"","substation_type":"","voltage_kv":"","voltage_levels_kv":"","connected_generation_type":"","ecological_risk_category":"","political_significance":"","risk_assessment_status":"","references":[{"reference_id":"ref_bcf1851dd81186f8","source_id":"russia_oil_power_map","source_name":"Russia Oil & Power Infrastructure Map","source_type":"map_layer","url":"https://russiaoilpowermap.com/data/custom_pins.json","archive_url":"","retrieved_at":"2026-09-25T08:56:03Z","source_record_id":"pin_6ab175ce83a6b3.30327588","source_file":"data/russia_oil_power_infrastructure.csv","source_line_or_record_id":"114111","extractor_version":"unknown","license_or_terms":"unknown","confidence_contribution":"0.82"}]}},{"type":"Feature","id":"infra_548793e81095861d","geometry":{"type":"Point","coordinates":[26.785419,52.276758]},"properties":{"uid":"infra_548793e81095861d","object_id":"infra_548793e81095861d","source":"russia_oil_power_map","source_dataset":"Russia Oil & Power Infrastructure Map","source_id":"russia_oil_power_map","source_record_id":"pin_6ab17635028f50.10543950","source_url":"https://russiaoilpowermap.com/data/custom_pins.json","source_capture_date":"2026-09-25T08:56:03Z","source_layer":"custom_pins","source_reference_id":"ref_03fdea3fe6792b4a","source_name":"Russia Oil & Power Infrastructure Map","source_type":"map_layer","source_reliability":"B","license_or_terms":"unknown","name":"Belarus Luninets Air Base","name_en":"","description":"","name_translated":"","description_translated":"","display_label":"Belarus Luninets Air Base","asset_class":"other_infrastructure","asset_type":"other","asset_subtype":"military","domain":"other","status":"","operator":"","product":"","country":"Belarus","country_code":"","country_source":"","countries":["Belarus"],"source_country":"Russia","country_match_method":"point_in_boundary","region":"","region_translated":"","subdivision":"","inn":"","is_sanctioned":"","is_mass_director":"","is_mass_founder":"","is_disqualified_persons":"","geometry_type":"Point","latitude":"52.27675800","longitude":"26.78541900","centroid_latitude":"52.27675800","centroid_longitude":"26.78541900","map_latitude":"52.27675800","map_longitude":"26.78541900","start_latitude":"52.276758","start_longitude":"26.785419","end_latitude":"52.276758","end_longitude":"26.785419","coordinate_count":"1","length_km":"","has_point_location":"true","location_quality":"exact","coordinate_precision":"exact","coordinate_source":"","entity_confidence":"high","freshness":"recent","cross_source_support":"1","review_status":"unreviewed","confidence":"A","confidence_grade":"A","confidence_score":"1.00","selectable":"true","map_layer":"other_infrastructure","map_color":"#2a93d5","map_icon":"circle","risk_flags":"","subcategory":"other","transport_functions":"","un_locode":"","locode_country":"","locode_location":"","iata":"","remarks":"","source_date":"","detected_language":"en_or_unknown","translation_source":"","derived_subcategory":"logistics_storage","derived_subcategory_label":"Logistics & storage","derived_subcategory_confidence":"0.80","derived_subcategory_reason":"keyword match","possible_duplicate_group":"","search_text":"Belarus Luninets Air Base Belarus Luninets Air Base other_infrastructure other military other Russia Oil & Power Infrastructure Map custom_pins Logistics & storage","references_json":"[{\"reference_id\":\"ref_03fdea3fe6792b4a\",\"source_id\":\"russia_oil_power_map\",\"source_name\":\"Russia Oil & Power Infrastructure Map\",\"source_type\":\"map_layer\",\"url\":\"https://russiaoilpowermap.com/data/custom_pins.json\",\"archive_url\":\"\",\"retrieved_at\":\"2026-09-25T08:56:03Z\",\"source_record_id\":\"pin_6ab17635028f50.10543950\",\"source_file\":\"data/russia_oil_power_infrastructure.csv\",\"source_line_or_record_id\":\"114112\",\"extractor_version\":\"unknown\",\"license_or_terms\":\"unknown\",\"confidence_contribution\":\"0.82\"}]","first_seen_build":"2026-09-22T08:42:28Z","last_seen_build":"2026-09-25T08:56:03Z","change_status":"unchanged","change_types":[],"changed_since_previous_build":"false","new_in_latest_build":"false","removed_from_latest_build":"false","source_archive_date":"2026-09-25T08:56:03Z","generation_type":"","primary_fuel":"","secondary_fuels":"","plant_role":"","technology":"","installed_capacity_mw":"","operational_status":"","classification_confidence":"","classification_confidence_score":"","classification_method":"","classification_sources":"","classification_notes":"","alternate_names":"","name_ru":"","match_score":"","match_method":"","matched_source_record_ids":"","is_nuclear":"","nuclear_status":"","reactor_count":"","operating_reactor_count":"","reactor_types":"","nuclear_reference_ids":"","radiological_risk":"","substation_type":"","voltage_kv":"","voltage_levels_kv":"","connected_generation_type":"","ecological_risk_category":"","political_significance":"","risk_assessment_status":"","references":[{"reference_id":"ref_03fdea3fe6792b4a","source_id":"russia_oil_power_map","source_name":"Russia Oil & Power Infrastructure Map","source_type":"map_layer","url":"https://russiaoilpowermap.com/data/custom_pins.json","archive_url":"","retrieved_at":"2026-09-25T08:56:03Z","source_record_id":"pin_6ab17635028f50.10543950","source_file":"data/russia_oil_power_infrastructure.csv","source_line_or_record_id":"114112","extractor_version":"unknown","license_or_terms":"unknown","confidence_contribution":"0.82"}]}},{"type":"Feature","id":"infra_75f9dc615c6bda8c","geometry":{"type":"Point","coordinates":[31.156862,52.303926]},"properties":{"uid":"infra_75f9dc615c6bda8c","object_id":"infra_75f9dc615c6bda8c","source":"russia_oil_power_map","source_dataset":"Russia Oil & Power Infrastructure Map","source_id":"russia_oil_power_map","source_record_id":"pin_6ab176b10d0382.42252674","source_url":"https://russiaoilpowermap.com/data/custom_pins.json","source_capture_date":"2026-09-25T08:56:03Z","source_layer":"custom_pins","source_reference_id":"ref_a8e161e7ba13a21f","source_name":"Russia Oil & Power Infrastructure Map","source_type":"map_layer","source_reliability":"B","license_or_terms":"unknown","name":"Belarus Zyabrovka Air Base","name_en":"","description":"","name_translated":"","description_translated":"","display_label":"Belarus Zyabrovka Air Base","asset_class":"other_infrastructure","asset_type":"other","asset_subtype":"military","domain":"other","status":"","operator":"","product":"","country":"Belarus","country_code":"","country_source":"","countries":["Belarus"],"source_country":"Russia","country_match_method":"point_in_boundary","region":"","region_translated":"","subdivision":"","inn":"","is_sanctioned":"","is_mass_director":"","is_mass_founder":"","is_disqualified_persons":"","geometry_type":"Point","latitude":"52.30392600","longitude":"31.15686200","centroid_latitude":"52.30392600","centroid_longitude":"31.15686200","map_latitude":"52.30392600","map_longitude":"31.15686200","start_latitude":"52.303926","start_longitude":"31.156862","end_latitude":"52.303926","end_longitude":"31.156862","coordinate_count":"1","length_km":"","has_point_location":"true","location_quality":"exact","coordinate_precision":"exact","coordinate_source":"","entity_confidence":"high","freshness":"recent","cross_source_support":"1","review_status":"unreviewed","confidence":"A","confidence_grade":"A","confidence_score":"1.00","selectable":"true","map_layer":"other_infrastructure","map_color":"#2a93d5","map_icon":"circle","risk_flags":"","subcategory":"other","transport_functions":"","un_locode":"","locode_country":"","locode_location":"","iata":"","remarks":"","source_date":"","detected_language":"en_or_unknown","translation_source":"","derived_subcategory":"logistics_storage","derived_subcategory_label":"Logistics & storage","derived_subcategory_confidence":"0.80","derived_subcategory_reason":"keyword match","possible_duplicate_group":"","search_text":"Belarus Zyabrovka Air Base Belarus Zyabrovka Air Base other_infrastructure other military other Russia Oil & Power Infrastructure Map custom_pins Logistics & storage","references_json":"[{\"reference_id\":\"ref_a8e161e7ba13a21f\",\"source_id\":\"russia_oil_power_map\",\"source_name\":\"Russia Oil & Power Infrastructure Map\",\"source_type\":\"map_layer\",\"url\":\"https://russiaoilpowermap.com/data/custom_pins.json\",\"archive_url\":\"\",\"retrieved_at\":\"2026-09-25T08:56:03Z\",\"source_record_id\":\"pin_6ab176b10d0382.42252674\",\"source_file\":\"data/russia_oil_power_infrastructure.csv\",\"source_line_or_record_id\":\"114113\",\"extractor_version\":\"unknown\",\"license_or_terms\":\"unknown\",\"confidence_contribution\":\"0.82\"}]","first_seen_build":"2026-09-22T08:42:28Z","last_seen_build":"2026-09-25T08:56:03Z","change_status":"unchanged","change_types":[],"changed_since_previous_build":"false","new_in_latest_build":"false","removed_from_latest_build":"false","source_archive_date":"2026-09-25T08:56:03Z","generation_type":"","primary_fuel":"","secondary_fuels":"","plant_role":"","technology":"","installed_capacity_mw":"","operational_status":"","classification_confidence":"","classification_confidence_score":"","classification_method":"","classification_sources":"","classification_notes":"","alternate_names":"","name_ru":"","match_score":"","match_method":"","matched_source_record_ids":"","is_nuclear":"","nuclear_status":"","reactor_count":"","operating_reactor_count":"","reactor_types":"","nuclear_reference_ids":"","radiological_risk":"","substation_type":"","voltage_kv":"","voltage_levels_kv":"","connected_generation_type":"","ecological_risk_category":"","political_significance":"","risk_assessment_status":"","references":[{"reference_id":"ref_a8e161e7ba13a21f","source_id":"russia_oil_power_map","source_name":"Russia Oil & Power Infrastructure Map","source_type":"map_layer","url":"https://russiaoilpowermap.com/data/custom_pins.json","archive_url":"","retrieved_at":"2026-09-25T08:56:03Z","source_record_id":"pin_6ab176b10d0382.42252674","source_file":"data/russia_oil_power_infrastructure.csv","source_line_or_record_id":"114113","extractor_version":"unknown","license_or_terms":"unknown","confidence_contribution":"0.82"}]}},{"type":"Feature","id":"infra_ad8145e6e8838ad6","geometry":{"type":"Point","coordinates":[37.701586,55.795627]},"properties":{"uid":"infra_ad8145e6e8838ad6","object_id":"infra_ad8145e6e8838ad6","source":"russia_oil_power_map","source_dataset":"Russia Oil & Power Infrastructure Map","source_id":"russia_oil_power_map","source_record_id":"pin_6ab1d9a577a598.14416456","source_url":"https://russiaoilpowermap.com/data/custom_pins.json","source_capture_date":"2026-09-25T08:56:03Z","source_layer":"custom_pins","source_reference_id":"ref_a15978073c649723","source_name":"Russia Oil & Power Infrastructure Map","source_type":"map_layer","source_reliability":"B","license_or_terms":"unknown","name":"Rosoboroneksport","name_en":"","description":"","name_translated":"","description_translated":"","display_label":"Rosoboroneksport","asset_class":"other_infrastructure","asset_type":"other","asset_subtype":"military","domain":"other","status":"","operator":"","product":"Rostec Arms Export Arm","country":"Russia","country_code":"","country_source":"","countries":["Russia"],"source_country":"Russia","country_match_method":"point_in_boundary","region":"","region_translated":"","subdivision":"","inn":"","is_sanctioned":"","is_mass_director":"","is_mass_founder":"","is_disqualified_persons":"","geometry_type":"Point","latitude":"55.79562700","longitude":"37.70158600","centroid_latitude":"55.79562700","centroid_longitude":"37.70158600","map_latitude":"55.79562700","map_longitude":"37.70158600","start_latitude":"55.795627","start_longitude":"37.701586","end_latitude":"55.795627","end_longitude":"37.701586","coordinate_count":"1","length_km":"","has_point_location":"true","location_quality":"exact","coordinate_precision":"exact","coordinate_source":"","entity_confidence":"high","freshness":"recent","cross_source_support":"1","review_status":"unreviewed","confidence":"A","confidence_grade":"A","confidence_score":"1.00","selectable":"true","map_layer":"other_infrastructure","map_color":"#2a93d5","map_icon":"circle","risk_flags":"","subcategory":"other","transport_functions":"","un_locode":"","locode_country":"","locode_location":"","iata":"","remarks":"","source_date":"","detected_language":"en_or_unknown","translation_source":"","derived_subcategory":"other","derived_subcategory_label":"Other","derived_subcategory_confidence":"0.5","derived_subcategory_reason":"asset type fallback","possible_duplicate_group":"","search_text":"Rosoboroneksport Rosoboroneksport other_infrastructure other military other Rostec Arms Export Arm Russia Oil & Power Infrastructure Map custom_pins Other","references_json":"[{\"reference_id\":\"ref_a15978073c649723\",\"source_id\":\"russia_oil_power_map\",\"source_name\":\"Russia Oil & Power Infrastructure Map\",\"source_type\":\"map_layer\",\"url\":\"https://russiaoilpowermap.com/data/custom_pins.json\",\"archive_url\":\"\",\"retrieved_at\":\"2026-09-25T08:56:03Z\",\"source_record_id\":\"pin_6ab1d9a577a598.14416456\",\"source_file\":\"data/russia_oil_power_infrastructure.csv\",\"source_line_or_record_id\":\"114114\",\"extractor_version\":\"unknown\",\"license_or_terms\":\"unknown\",\"confidence_contribution\":\"0.82\"}]","first_seen_build":"2026-09-22T08:42:28Z","last_seen_build":"2026-09-25T08:56:03Z","change_status":"unchanged","change_types":[],"changed_since_previous_build":"false","new_in_latest_build":"false","removed_from_latest_build":"false","source_archive_date":"2026-09-25T08:56:03Z","generation_type":"","primary_fuel":"","secondary_fuels":"","plant_role":"","technology":"","installed_capacity_mw":"","operational_status":"","classification_confidence":"","classification_confidence_score":"","classification_method":"","classification_sources":"","classification_notes":"","alternate_names":"","name_ru":"","match_score":"","match_method":"","matched_source_record_ids":"","is_nuclear":"","nuclear_status":"","reactor_count":"","operating_reactor_count":"","reactor_types":"","nuclear_reference_ids":"","radiological_risk":"","substation_type":"","voltage_kv":"","voltage_levels_kv":"","connected_generation_type":"","ecological_risk_category":"","political_significance":"","risk_assessment_status":"","references":[{"reference_id":"ref_a15978073c649723","source_id":"russia_oil_power_map","source_name":"Russia Oil & Power Infrastructure Map","source_type":"map_layer","url":"https://russiaoilpowermap.com/data/custom_pins.json","archive_url":"","retrieved_at":"2026-09-25T08:56:03Z","source_record_id":"pin_6ab1d9a577a598.14416456","source_file":"data/russia_oil_power_infrastructure.csv","source_line_or_record_id":"114114","extractor_version":"unknown","license_or_terms":"unknown","confidence_contribution":"0.82"}]}},{"type":"Feature","id":"infra_bc34098203952e19","geometry":{"type":"Point","coordinates":[37.72248,55.772283]},"properties":{"uid":"infra_bc34098203952e19","object_id":"infra_bc34098203952e19","source":"russia_oil_power_map","source_dataset":"Russia Oil & Power Infrastructure Map","source_id":"russia_oil_power_map","source_record_id":"pin_6ab1dc1ac288d0.91950559","source_url":"https://russiaoilpowermap.com/data/custom_pins.json","source_capture_date":"2026-09-25T08:56:03Z","source_layer":"custom_pins","source_reference_id":"ref_32331c00a843827e","source_name":"Russia Oil & Power Infrastructure Map","source_type":"map_layer","source_reliability":"B","license_or_terms":"unknown","name":"Rostec - United Engine Corporation - Salyut Machine-Building Association","name_en":"","description":"","name_translated":"","description_translated":"","display_label":"Rostec - United Engine Corporation - Salyut Machine-Building Association","asset_class":"other_infrastructure","asset_type":"other","asset_subtype":"military","domain":"other","status":"","operator":"","product":"Jet Engine Production","country":"Russia","country_code":"","country_source":"","countries":["Russia"],"source_country":"Russia","country_match_method":"point_in_boundary","region":"","region_translated":"","subdivision":"","inn":"","is_sanctioned":"","is_mass_director":"","is_mass_founder":"","is_disqualified_persons":"","geometry_type":"Point","latitude":"55.77228300","longitude":"37.72248000","centroid_latitude":"55.77228300","centroid_longitude":"37.72248000","map_latitude":"55.77228300","map_longitude":"37.72248000","start_latitude":"55.772283","start_longitude":"37.72248","end_latitude":"55.772283","end_longitude":"37.72248","coordinate_count":"1","length_km":"","has_point_location":"true","location_quality":"exact","coordinate_precision":"exact","coordinate_source":"","entity_confidence":"high","freshness":"recent","cross_source_support":"1","review_status":"unreviewed","confidence":"A","confidence_grade":"A","confidence_score":"1.00","selectable":"true","map_layer":"other_infrastructure","map_color":"#2a93d5","map_icon":"circle","risk_flags":"","subcategory":"other","transport_functions":"","un_locode":"","locode_country":"","locode_location":"","iata":"","remarks":"","source_date":"","detected_language":"en_or_unknown","translation_source":"","derived_subcategory":"other","derived_subcategory_label":"Other","derived_subcategory_confidence":"0.5","derived_subcategory_reason":"asset type fallback","possible_duplicate_group":"","search_text":"Rostec - United Engine Corporation - Salyut Machine-Building Association Rostec - United Engine Corporation - Salyut Machine-Building Association other_infrastructure other military other Jet Engine Production Russia Oil & Power Infrastructure Map custom_pins Other","references_json":"[{\"reference_id\":\"ref_32331c00a843827e\",\"source_id\":\"russia_oil_power_map\",\"source_name\":\"Russia Oil & Power Infrastructure Map\",\"source_type\":\"map_layer\",\"url\":\"https://russiaoilpowermap.com/data/custom_pins.json\",\"archive_url\":\"\",\"retrieved_at\":\"2026-09-25T08:56:03Z\",\"source_record_id\":\"pin_6ab1dc1ac288d0.91950559\",\"source_file\":\"data/russia_oil_power_infrastructure.csv\",\"source_line_or_record_id\":\"114115\",\"extractor_version\":\"unknown\",\"license_or_terms\":\"unknown\",\"confidence_contribution\":\"0.82\"}]","first_seen_build":"2026-09-22T08:42:28Z","last_seen_build":"2026-09-25T08:56:03Z","change_status":"unchanged","change_types":[],"changed_since_previous_build":"false","new_in_latest_build":"false","removed_from_latest_build":"false","source_archive_date":"2026-09-25T08:56:03Z","generation_type":"","primary_fuel":"","secondary_fuels":"","plant_role":"","technology":"","installed_capacity_mw":"","operational_status":"","classification_confidence":"","classification_confidence_score":"","classification_method":"","classification_sources":"","classification_notes":"","alternate_names":"","name_ru":"","match_score":"","match_method":"","matched_source_record_ids":"","is_nuclear":"","nuclear_status":"","reactor_count":"","operating_reactor_count":"","reactor_types":"","nuclear_reference_ids":"","radiological_risk":"","substation_type":"","voltage_kv":"","voltage_levels_kv":"","connected_generation_type":"","ecological_risk_category":"","political_significance":"","risk_assessment_status":"","references":[{"reference_id":"ref_32331c00a843827e","source_id":"russia_oil_power_map","source_name":"Russia Oil & Power Infrastructure Map","source_type":"map_layer","url":"https://russiaoilpowermap.com/data/custom_pins.json","archive_url":"","retrieved_at":"2026-09-25T08:56:03Z","source_record_id":"pin_6ab1dc1ac288d0.91950559","source_file":"data/russia_oil_power_infrastructure.csv","source_line_or_record_id":"114115","extractor_version":"unknown","license_or_terms":"unknown","confidence_contribution":"0.82"}]}}]}