{"type":"FeatureCollection","features":[{"type":"Feature","id":"infra_bbdfdbfa75b7e403","geometry":{"type":"Point","coordinates":[36.599509,50.587767]},"properties":{"uid":"infra_bbdfdbfa75b7e403","object_id":"infra_bbdfdbfa75b7e403","source":"russia_oil_power_map","source_dataset":"Russia Oil & Power Infrastructure Map","source_id":"russia_oil_power_map","source_record_id":"pin_68d9932c406088.72098106","source_url":"https://russiaoilpowermap.com/data/custom_pins.json","source_capture_date":"2026-10-10T09:58:14Z","source_layer":"custom_pins","source_reference_id":"ref_4aeca00d33c91d3a","source_name":"Russia Oil & Power Infrastructure Map","source_type":"map_layer","source_reliability":"B","license_or_terms":"unknown","name":"Primary Railway Bridge","name_en":"","description":"","name_translated":"","description_translated":"","display_label":"Primary Railway Bridge","asset_class":"transport","asset_type":"bridge","asset_subtype":"","domain":"transport","status":"","operator":"","product":"","country":"Russia","country_code":"","country_source":"","countries":["Russia"],"source_country":"Russia","country_match_method":"point_in_boundary","region":"","region_translated":"","subdivision":"","inn":"","is_sanctioned":"","is_mass_director":"","is_mass_founder":"","is_disqualified_persons":"","geometry_type":"Point","latitude":"50.58776700","longitude":"36.59950900","centroid_latitude":"50.58776700","centroid_longitude":"36.59950900","map_latitude":"50.58776700","map_longitude":"36.59950900","start_latitude":"50.587767","start_longitude":"36.599509","end_latitude":"50.587767","end_longitude":"36.599509","coordinate_count":"1","length_km":"","has_point_location":"true","location_quality":"exact","coordinate_precision":"exact","coordinate_source":"","entity_confidence":"high","freshness":"recent","cross_source_support":"1","review_status":"unreviewed","confidence":"A","confidence_grade":"A","confidence_score":"1.00","selectable":"true","map_layer":"transport_other","map_color":"#2a93d5","map_icon":"bridge","risk_flags":"","subcategory":"bridge","transport_functions":"","un_locode":"","locode_country":"","locode_location":"","iata":"","remarks":"","source_date":"","detected_language":"en_or_unknown","translation_source":"","derived_subcategory":"transport_bridge","derived_subcategory_label":"Bridge","derived_subcategory_confidence":"1.0","derived_subcategory_reason":"asset type","possible_duplicate_group":"","search_text":"Primary Railway Bridge Primary Railway Bridge transport bridge transport Russia Oil & Power Infrastructure Map custom_pins Bridge","references_json":"[{\"reference_id\":\"ref_4aeca00d33c91d3a\",\"source_id\":\"russia_oil_power_map\",\"source_name\":\"Russia Oil & Power Infrastructure Map\",\"source_type\":\"map_layer\",\"url\":\"https://russiaoilpowermap.com/data/custom_pins.json\",\"archive_url\":\"\",\"retrieved_at\":\"2026-10-10T09:58:14Z\",\"source_record_id\":\"pin_68d9932c406088.72098106\",\"source_file\":\"data/russia_oil_power_infrastructure.csv\",\"source_line_or_record_id\":\"113638\",\"extractor_version\":\"unknown\",\"license_or_terms\":\"unknown\",\"confidence_contribution\":\"0.82\"}]","first_seen_build":"2026-10-10T09:58:14Z","last_seen_build":"2026-10-10T09:58:14Z","change_status":"new","change_types":["new"],"changed_since_previous_build":"false","new_in_latest_build":"true","removed_from_latest_build":"false","source_archive_date":"2026-10-10T09:58:14Z","generation_type":"","primary_fuel":"","secondary_fuels":"","plant_role":"","technology":"","installed_capacity_mw":"","operational_status":"","classification_confidence":"","classification_confidence_score":"","classification_method":"","classification_sources":"","classification_notes":"","alternate_names":"","name_ru":"","match_score":"","match_method":"","matched_source_record_ids":"","is_nuclear":"","nuclear_status":"","reactor_count":"","operating_reactor_count":"","reactor_types":"","nuclear_reference_ids":"","radiological_risk":"","substation_type":"","voltage_kv":"","voltage_levels_kv":"","connected_generation_type":"","ecological_risk_category":"","political_significance":"","risk_assessment_status":"","references":[{"reference_id":"ref_4aeca00d33c91d3a","source_id":"russia_oil_power_map","source_name":"Russia Oil & Power Infrastructure Map","source_type":"map_layer","url":"https://russiaoilpowermap.com/data/custom_pins.json","archive_url":"","retrieved_at":"2026-10-10T09:58:14Z","source_record_id":"pin_68d9932c406088.72098106","source_file":"data/russia_oil_power_infrastructure.csv","source_line_or_record_id":"113638","extractor_version":"unknown","license_or_terms":"unknown","confidence_contribution":"0.82"}]}},{"type":"Feature","id":"infra_f6027b106ff43311","geometry":{"type":"Point","coordinates":[41.661165,46.634424]},"properties":{"uid":"infra_f6027b106ff43311","object_id":"infra_f6027b106ff43311","source":"russia_oil_power_map","source_dataset":"Russia Oil & Power Infrastructure Map","source_id":"russia_oil_power_map","source_record_id":"pin_68e1548e4b6677.30329541","source_url":"https://russiaoilpowermap.com/data/custom_pins.json","source_capture_date":"2026-10-10T09:58:14Z","source_layer":"custom_pins","source_reference_id":"ref_60e1617a8994efe9","source_name":"Russia Oil & Power Infrastructure Map","source_type":"map_layer","source_reliability":"B","license_or_terms":"unknown","name":"Railway Bridge","name_en":"","description":"","name_translated":"","description_translated":"","display_label":"Railway Bridge","asset_class":"transport","asset_type":"bridge","asset_subtype":"","domain":"transport","status":"","operator":"","product":"","country":"Russia","country_code":"","country_source":"","countries":["Russia"],"source_country":"Russia","country_match_method":"point_in_boundary","region":"","region_translated":"","subdivision":"","inn":"","is_sanctioned":"","is_mass_director":"","is_mass_founder":"","is_disqualified_persons":"","geometry_type":"Point","latitude":"46.63442400","longitude":"41.66116500","centroid_latitude":"46.63442400","centroid_longitude":"41.66116500","map_latitude":"46.63442400","map_longitude":"41.66116500","start_latitude":"46.634424","start_longitude":"41.661165","end_latitude":"46.634424","end_longitude":"41.661165","coordinate_count":"1","length_km":"","has_point_location":"true","location_quality":"exact","coordinate_precision":"exact","coordinate_source":"","entity_confidence":"high","freshness":"recent","cross_source_support":"1","review_status":"unreviewed","confidence":"A","confidence_grade":"A","confidence_score":"1.00","selectable":"true","map_layer":"transport_other","map_color":"#2a93d5","map_icon":"bridge","risk_flags":"","subcategory":"bridge","transport_functions":"","un_locode":"","locode_country":"","locode_location":"","iata":"","remarks":"","source_date":"","detected_language":"en_or_unknown","translation_source":"","derived_subcategory":"transport_bridge","derived_subcategory_label":"Bridge","derived_subcategory_confidence":"1.0","derived_subcategory_reason":"asset type","possible_duplicate_group":"","search_text":"Railway Bridge Railway Bridge transport bridge transport Russia Oil & Power Infrastructure Map custom_pins Bridge","references_json":"[{\"reference_id\":\"ref_60e1617a8994efe9\",\"source_id\":\"russia_oil_power_map\",\"source_name\":\"Russia Oil & Power Infrastructure Map\",\"source_type\":\"map_layer\",\"url\":\"https://russiaoilpowermap.com/data/custom_pins.json\",\"archive_url\":\"\",\"retrieved_at\":\"2026-10-10T09:58:14Z\",\"source_record_id\":\"pin_68e1548e4b6677.30329541\",\"source_file\":\"data/russia_oil_power_infrastructure.csv\",\"source_line_or_record_id\":\"113651\",\"extractor_version\":\"unknown\",\"license_or_terms\":\"unknown\",\"confidence_contribution\":\"0.82\"}]","first_seen_build":"2026-10-10T09:58:14Z","last_seen_build":"2026-10-10T09:58:14Z","change_status":"new","change_types":["new"],"changed_since_previous_build":"false","new_in_latest_build":"true","removed_from_latest_build":"false","source_archive_date":"2026-10-10T09:58:14Z","generation_type":"","primary_fuel":"","secondary_fuels":"","plant_role":"","technology":"","installed_capacity_mw":"","operational_status":"","classification_confidence":"","classification_confidence_score":"","classification_method":"","classification_sources":"","classification_notes":"","alternate_names":"","name_ru":"","match_score":"","match_method":"","matched_source_record_ids":"","is_nuclear":"","nuclear_status":"","reactor_count":"","operating_reactor_count":"","reactor_types":"","nuclear_reference_ids":"","radiological_risk":"","substation_type":"","voltage_kv":"","voltage_levels_kv":"","connected_generation_type":"","ecological_risk_category":"","political_significance":"","risk_assessment_status":"","references":[{"reference_id":"ref_60e1617a8994efe9","source_id":"russia_oil_power_map","source_name":"Russia Oil & Power Infrastructure Map","source_type":"map_layer","url":"https://russiaoilpowermap.com/data/custom_pins.json","archive_url":"","retrieved_at":"2026-10-10T09:58:14Z","source_record_id":"pin_68e1548e4b6677.30329541","source_file":"data/russia_oil_power_infrastructure.csv","source_line_or_record_id":"113651","extractor_version":"unknown","license_or_terms":"unknown","confidence_contribution":"0.82"}]}},{"type":"Feature","id":"infra_e67eced4c55d7306","geometry":{"type":"Point","coordinates":[43.79159,48.665323]},"properties":{"uid":"infra_e67eced4c55d7306","object_id":"infra_e67eced4c55d7306","source":"russia_oil_power_map","source_dataset":"Russia Oil & Power Infrastructure Map","source_id":"russia_oil_power_map","source_record_id":"pin_68e154bd44bde9.06999972","source_url":"https://russiaoilpowermap.com/data/custom_pins.json","source_capture_date":"2026-10-10T09:58:14Z","source_layer":"custom_pins","source_reference_id":"ref_cb56049bdeaa4fa5","source_name":"Russia Oil & Power Infrastructure Map","source_type":"map_layer","source_reliability":"B","license_or_terms":"unknown","name":"Railway Bridge","name_en":"","description":"","name_translated":"","description_translated":"","display_label":"Railway Bridge","asset_class":"transport","asset_type":"bridge","asset_subtype":"","domain":"transport","status":"","operator":"","product":"","country":"Russia","country_code":"","country_source":"","countries":["Russia"],"source_country":"Russia","country_match_method":"point_in_boundary","region":"","region_translated":"","subdivision":"","inn":"","is_sanctioned":"","is_mass_director":"","is_mass_founder":"","is_disqualified_persons":"","geometry_type":"Point","latitude":"48.66532300","longitude":"43.79159000","centroid_latitude":"48.66532300","centroid_longitude":"43.79159000","map_latitude":"48.66532300","map_longitude":"43.79159000","start_latitude":"48.665323","start_longitude":"43.79159","end_latitude":"48.665323","end_longitude":"43.79159","coordinate_count":"1","length_km":"","has_point_location":"true","location_quality":"exact","coordinate_precision":"exact","coordinate_source":"","entity_confidence":"high","freshness":"recent","cross_source_support":"1","review_status":"unreviewed","confidence":"A","confidence_grade":"A","confidence_score":"1.00","selectable":"true","map_layer":"transport_other","map_color":"#2a93d5","map_icon":"bridge","risk_flags":"","subcategory":"bridge","transport_functions":"","un_locode":"","locode_country":"","locode_location":"","iata":"","remarks":"","source_date":"","detected_language":"en_or_unknown","translation_source":"","derived_subcategory":"transport_bridge","derived_subcategory_label":"Bridge","derived_subcategory_confidence":"1.0","derived_subcategory_reason":"asset type","possible_duplicate_group":"","search_text":"Railway Bridge Railway Bridge transport bridge transport Russia Oil & Power Infrastructure Map custom_pins Bridge","references_json":"[{\"reference_id\":\"ref_cb56049bdeaa4fa5\",\"source_id\":\"russia_oil_power_map\",\"source_name\":\"Russia Oil & Power Infrastructure Map\",\"source_type\":\"map_layer\",\"url\":\"https://russiaoilpowermap.com/data/custom_pins.json\",\"archive_url\":\"\",\"retrieved_at\":\"2026-10-10T09:58:14Z\",\"source_record_id\":\"pin_68e154bd44bde9.06999972\",\"source_file\":\"data/russia_oil_power_infrastructure.csv\",\"source_line_or_record_id\":\"113652\",\"extractor_version\":\"unknown\",\"license_or_terms\":\"unknown\",\"confidence_contribution\":\"0.82\"}]","first_seen_build":"2026-10-10T09:58:14Z","last_seen_build":"2026-10-10T09:58:14Z","change_status":"new","change_types":["new"],"changed_since_previous_build":"false","new_in_latest_build":"true","removed_from_latest_build":"false","source_archive_date":"2026-10-10T09:58:14Z","generation_type":"","primary_fuel":"","secondary_fuels":"","plant_role":"","technology":"","installed_capacity_mw":"","operational_status":"","classification_confidence":"","classification_confidence_score":"","classification_method":"","classification_sources":"","classification_notes":"","alternate_names":"","name_ru":"","match_score":"","match_method":"","matched_source_record_ids":"","is_nuclear":"","nuclear_status":"","reactor_count":"","operating_reactor_count":"","reactor_types":"","nuclear_reference_ids":"","radiological_risk":"","substation_type":"","voltage_kv":"","voltage_levels_kv":"","connected_generation_type":"","ecological_risk_category":"","political_significance":"","risk_assessment_status":"","references":[{"reference_id":"ref_cb56049bdeaa4fa5","source_id":"russia_oil_power_map","source_name":"Russia Oil & Power Infrastructure Map","source_type":"map_layer","url":"https://russiaoilpowermap.com/data/custom_pins.json","archive_url":"","retrieved_at":"2026-10-10T09:58:14Z","source_record_id":"pin_68e154bd44bde9.06999972","source_file":"data/russia_oil_power_infrastructure.csv","source_line_or_record_id":"113652","extractor_version":"unknown","license_or_terms":"unknown","confidence_contribution":"0.82"}]}},{"type":"Feature","id":"infra_81738e22bfb14e8c","geometry":{"type":"Point","coordinates":[45.968857,51.413555]},"properties":{"uid":"infra_81738e22bfb14e8c","object_id":"infra_81738e22bfb14e8c","source":"russia_oil_power_map","source_dataset":"Russia Oil & Power Infrastructure Map","source_id":"russia_oil_power_map","source_record_id":"pin_68e154f12322e0.35116747","source_url":"https://russiaoilpowermap.com/data/custom_pins.json","source_capture_date":"2026-10-10T09:58:14Z","source_layer":"custom_pins","source_reference_id":"ref_b5983b4b068ed567","source_name":"Russia Oil & Power Infrastructure Map","source_type":"map_layer","source_reliability":"B","license_or_terms":"unknown","name":"Railway Bridge","name_en":"","description":"","name_translated":"","description_translated":"","display_label":"Railway Bridge","asset_class":"transport","asset_type":"bridge","asset_subtype":"","domain":"transport","status":"","operator":"","product":"","country":"Russia","country_code":"","country_source":"","countries":["Russia"],"source_country":"Russia","country_match_method":"point_in_boundary","region":"","region_translated":"","subdivision":"","inn":"","is_sanctioned":"","is_mass_director":"","is_mass_founder":"","is_disqualified_persons":"","geometry_type":"Point","latitude":"51.41355500","longitude":"45.96885700","centroid_latitude":"51.41355500","centroid_longitude":"45.96885700","map_latitude":"51.41355500","map_longitude":"45.96885700","start_latitude":"51.413555","start_longitude":"45.968857","end_latitude":"51.413555","end_longitude":"45.968857","coordinate_count":"1","length_km":"","has_point_location":"true","location_quality":"exact","coordinate_precision":"exact","coordinate_source":"","entity_confidence":"high","freshness":"recent","cross_source_support":"1","review_status":"unreviewed","confidence":"A","confidence_grade":"A","confidence_score":"1.00","selectable":"true","map_layer":"transport_other","map_color":"#2a93d5","map_icon":"bridge","risk_flags":"","subcategory":"bridge","transport_functions":"","un_locode":"","locode_country":"","locode_location":"","iata":"","remarks":"","source_date":"","detected_language":"en_or_unknown","translation_source":"","derived_subcategory":"transport_bridge","derived_subcategory_label":"Bridge","derived_subcategory_confidence":"1.0","derived_subcategory_reason":"asset type","possible_duplicate_group":"","search_text":"Railway Bridge Railway Bridge transport bridge transport Russia Oil & Power Infrastructure Map custom_pins Bridge","references_json":"[{\"reference_id\":\"ref_b5983b4b068ed567\",\"source_id\":\"russia_oil_power_map\",\"source_name\":\"Russia Oil & Power Infrastructure Map\",\"source_type\":\"map_layer\",\"url\":\"https://russiaoilpowermap.com/data/custom_pins.json\",\"archive_url\":\"\",\"retrieved_at\":\"2026-10-10T09:58:14Z\",\"source_record_id\":\"pin_68e154f12322e0.35116747\",\"source_file\":\"data/russia_oil_power_infrastructure.csv\",\"source_line_or_record_id\":\"113653\",\"extractor_version\":\"unknown\",\"license_or_terms\":\"unknown\",\"confidence_contribution\":\"0.82\"}]","first_seen_build":"2026-10-10T09:58:14Z","last_seen_build":"2026-10-10T09:58:14Z","change_status":"new","change_types":["new"],"changed_since_previous_build":"false","new_in_latest_build":"true","removed_from_latest_build":"false","source_archive_date":"2026-10-10T09:58:14Z","generation_type":"","primary_fuel":"","secondary_fuels":"","plant_role":"","technology":"","installed_capacity_mw":"","operational_status":"","classification_confidence":"","classification_confidence_score":"","classification_method":"","classification_sources":"","classification_notes":"","alternate_names":"","name_ru":"","match_score":"","match_method":"","matched_source_record_ids":"","is_nuclear":"","nuclear_status":"","reactor_count":"","operating_reactor_count":"","reactor_types":"","nuclear_reference_ids":"","radiological_risk":"","substation_type":"","voltage_kv":"","voltage_levels_kv":"","connected_generation_type":"","ecological_risk_category":"","political_significance":"","risk_assessment_status":"","references":[{"reference_id":"ref_b5983b4b068ed567","source_id":"russia_oil_power_map","source_name":"Russia Oil & Power Infrastructure Map","source_type":"map_layer","url":"https://russiaoilpowermap.com/data/custom_pins.json","archive_url":"","retrieved_at":"2026-10-10T09:58:14Z","source_record_id":"pin_68e154f12322e0.35116747","source_file":"data/russia_oil_power_infrastructure.csv","source_line_or_record_id":"113653","extractor_version":"unknown","license_or_terms":"unknown","confidence_contribution":"0.82"}]}},{"type":"Feature","id":"infra_32ed4c1b679e23d5","geometry":{"type":"Point","coordinates":[39.514711,50.964968]},"properties":{"uid":"infra_32ed4c1b679e23d5","object_id":"infra_32ed4c1b679e23d5","source":"russia_oil_power_map","source_dataset":"Russia Oil & Power Infrastructure Map","source_id":"russia_oil_power_map","source_record_id":"pin_68e1551b9b2883.64309904","source_url":"https://russiaoilpowermap.com/data/custom_pins.json","source_capture_date":"2026-10-10T09:58:14Z","source_layer":"custom_pins","source_reference_id":"ref_cba9fe1004fe2883","source_name":"Russia Oil & Power Infrastructure Map","source_type":"map_layer","source_reliability":"B","license_or_terms":"unknown","name":"Railway Bridge","name_en":"","description":"","name_translated":"","description_translated":"","display_label":"Railway Bridge","asset_class":"transport","asset_type":"bridge","asset_subtype":"","domain":"transport","status":"","operator":"","product":"","country":"Russia","country_code":"","country_source":"","countries":["Russia"],"source_country":"Russia","country_match_method":"point_in_boundary","region":"","region_translated":"","subdivision":"","inn":"","is_sanctioned":"","is_mass_director":"","is_mass_founder":"","is_disqualified_persons":"","geometry_type":"Point","latitude":"50.96496800","longitude":"39.51471100","centroid_latitude":"50.96496800","centroid_longitude":"39.51471100","map_latitude":"50.96496800","map_longitude":"39.51471100","start_latitude":"50.964968","start_longitude":"39.514711","end_latitude":"50.964968","end_longitude":"39.514711","coordinate_count":"1","length_km":"","has_point_location":"true","location_quality":"exact","coordinate_precision":"exact","coordinate_source":"","entity_confidence":"high","freshness":"recent","cross_source_support":"1","review_status":"unreviewed","confidence":"A","confidence_grade":"A","confidence_score":"1.00","selectable":"true","map_layer":"transport_other","map_color":"#2a93d5","map_icon":"bridge","risk_flags":"","subcategory":"bridge","transport_functions":"","un_locode":"","locode_country":"","locode_location":"","iata":"","remarks":"","source_date":"","detected_language":"en_or_unknown","translation_source":"","derived_subcategory":"transport_bridge","derived_subcategory_label":"Bridge","derived_subcategory_confidence":"1.0","derived_subcategory_reason":"asset type","possible_duplicate_group":"","search_text":"Railway Bridge Railway Bridge transport bridge transport Russia Oil & Power Infrastructure Map custom_pins Bridge","references_json":"[{\"reference_id\":\"ref_cba9fe1004fe2883\",\"source_id\":\"russia_oil_power_map\",\"source_name\":\"Russia Oil & Power Infrastructure Map\",\"source_type\":\"map_layer\",\"url\":\"https://russiaoilpowermap.com/data/custom_pins.json\",\"archive_url\":\"\",\"retrieved_at\":\"2026-10-10T09:58:14Z\",\"source_record_id\":\"pin_68e1551b9b2883.64309904\",\"source_file\":\"data/russia_oil_power_infrastructure.csv\",\"source_line_or_record_id\":\"113654\",\"extractor_version\":\"unknown\",\"license_or_terms\":\"unknown\",\"confidence_contribution\":\"0.82\"}]","first_seen_build":"2026-10-10T09:58:14Z","last_seen_build":"2026-10-10T09:58:14Z","change_status":"new","change_types":["new"],"changed_since_previous_build":"false","new_in_latest_build":"true","removed_from_latest_build":"false","source_archive_date":"2026-10-10T09:58:14Z","generation_type":"","primary_fuel":"","secondary_fuels":"","plant_role":"","technology":"","installed_capacity_mw":"","operational_status":"","classification_confidence":"","classification_confidence_score":"","classification_method":"","classification_sources":"","classification_notes":"","alternate_names":"","name_ru":"","match_score":"","match_method":"","matched_source_record_ids":"","is_nuclear":"","nuclear_status":"","reactor_count":"","operating_reactor_count":"","reactor_types":"","nuclear_reference_ids":"","radiological_risk":"","substation_type":"","voltage_kv":"","voltage_levels_kv":"","connected_generation_type":"","ecological_risk_category":"","political_significance":"","risk_assessment_status":"","references":[{"reference_id":"ref_cba9fe1004fe2883","source_id":"russia_oil_power_map","source_name":"Russia Oil & Power Infrastructure Map","source_type":"map_layer","url":"https://russiaoilpowermap.com/data/custom_pins.json","archive_url":"","retrieved_at":"2026-10-10T09:58:14Z","source_record_id":"pin_68e1551b9b2883.64309904","source_file":"data/russia_oil_power_infrastructure.csv","source_line_or_record_id":"113654","extractor_version":"unknown","license_or_terms":"unknown","confidence_contribution":"0.82"}]}},{"type":"Feature","id":"infra_62112a1808b19878","geometry":{"type":"Point","coordinates":[38.129253,53.144492]},"properties":{"uid":"infra_62112a1808b19878","object_id":"infra_62112a1808b19878","source":"russia_oil_power_map","source_dataset":"Russia Oil & Power Infrastructure Map","source_id":"russia_oil_power_map","source_record_id":"pin_68e15545e816f9.29805156","source_url":"https://russiaoilpowermap.com/data/custom_pins.json","source_capture_date":"2026-10-10T09:58:14Z","source_layer":"custom_pins","source_reference_id":"ref_7b3cb992e1aaca22","source_name":"Russia Oil & Power Infrastructure Map","source_type":"map_layer","source_reliability":"B","license_or_terms":"unknown","name":"Railway Bridge","name_en":"","description":"","name_translated":"","description_translated":"","display_label":"Railway Bridge","asset_class":"transport","asset_type":"bridge","asset_subtype":"","domain":"transport","status":"","operator":"","product":"","country":"Russia","country_code":"","country_source":"","countries":["Russia"],"source_country":"Russia","country_match_method":"point_in_boundary","region":"","region_translated":"","subdivision":"","inn":"","is_sanctioned":"","is_mass_director":"","is_mass_founder":"","is_disqualified_persons":"","geometry_type":"Point","latitude":"53.14449200","longitude":"38.12925300","centroid_latitude":"53.14449200","centroid_longitude":"38.12925300","map_latitude":"53.14449200","map_longitude":"38.12925300","start_latitude":"53.144492","start_longitude":"38.129253","end_latitude":"53.144492","end_longitude":"38.129253","coordinate_count":"1","length_km":"","has_point_location":"true","location_quality":"exact","coordinate_precision":"exact","coordinate_source":"","entity_confidence":"high","freshness":"recent","cross_source_support":"1","review_status":"unreviewed","confidence":"A","confidence_grade":"A","confidence_score":"1.00","selectable":"true","map_layer":"transport_other","map_color":"#2a93d5","map_icon":"bridge","risk_flags":"","subcategory":"bridge","transport_functions":"","un_locode":"","locode_country":"","locode_location":"","iata":"","remarks":"","source_date":"","detected_language":"en_or_unknown","translation_source":"","derived_subcategory":"transport_bridge","derived_subcategory_label":"Bridge","derived_subcategory_confidence":"1.0","derived_subcategory_reason":"asset type","possible_duplicate_group":"","search_text":"Railway Bridge Railway Bridge transport bridge transport Russia Oil & Power Infrastructure Map custom_pins Bridge","references_json":"[{\"reference_id\":\"ref_7b3cb992e1aaca22\",\"source_id\":\"russia_oil_power_map\",\"source_name\":\"Russia Oil & Power Infrastructure Map\",\"source_type\":\"map_layer\",\"url\":\"https://russiaoilpowermap.com/data/custom_pins.json\",\"archive_url\":\"\",\"retrieved_at\":\"2026-10-10T09:58:14Z\",\"source_record_id\":\"pin_68e15545e816f9.29805156\",\"source_file\":\"data/russia_oil_power_infrastructure.csv\",\"source_line_or_record_id\":\"113655\",\"extractor_version\":\"unknown\",\"license_or_terms\":\"unknown\",\"confidence_contribution\":\"0.82\"}]","first_seen_build":"2026-10-10T09:58:14Z","last_seen_build":"2026-10-10T09:58:14Z","change_status":"new","change_types":["new"],"changed_since_previous_build":"false","new_in_latest_build":"true","removed_from_latest_build":"false","source_archive_date":"2026-10-10T09:58:14Z","generation_type":"","primary_fuel":"","secondary_fuels":"","plant_role":"","technology":"","installed_capacity_mw":"","operational_status":"","classification_confidence":"","classification_confidence_score":"","classification_method":"","classification_sources":"","classification_notes":"","alternate_names":"","name_ru":"","match_score":"","match_method":"","matched_source_record_ids":"","is_nuclear":"","nuclear_status":"","reactor_count":"","operating_reactor_count":"","reactor_types":"","nuclear_reference_ids":"","radiological_risk":"","substation_type":"","voltage_kv":"","voltage_levels_kv":"","connected_generation_type":"","ecological_risk_category":"","political_significance":"","risk_assessment_status":"","references":[{"reference_id":"ref_7b3cb992e1aaca22","source_id":"russia_oil_power_map","source_name":"Russia Oil & Power Infrastructure Map","source_type":"map_layer","url":"https://russiaoilpowermap.com/data/custom_pins.json","archive_url":"","retrieved_at":"2026-10-10T09:58:14Z","source_record_id":"pin_68e15545e816f9.29805156","source_file":"data/russia_oil_power_infrastructure.csv","source_line_or_record_id":"113655","extractor_version":"unknown","license_or_terms":"unknown","confidence_contribution":"0.82"}]}},{"type":"Feature","id":"infra_e95ca0c91cf437f8","geometry":{"type":"Point","coordinates":[37.541517,52.399349]},"properties":{"uid":"infra_e95ca0c91cf437f8","object_id":"infra_e95ca0c91cf437f8","source":"russia_oil_power_map","source_dataset":"Russia Oil & Power Infrastructure Map","source_id":"russia_oil_power_map","source_record_id":"pin_68e1555733a2b4.84098243","source_url":"https://russiaoilpowermap.com/data/custom_pins.json","source_capture_date":"2026-10-10T09:58:14Z","source_layer":"custom_pins","source_reference_id":"ref_2a9ab5674fc0a531","source_name":"Russia Oil & Power Infrastructure Map","source_type":"map_layer","source_reliability":"B","license_or_terms":"unknown","name":"Railway Bridge","name_en":"","description":"","name_translated":"","description_translated":"","display_label":"Railway Bridge","asset_class":"transport","asset_type":"bridge","asset_subtype":"","domain":"transport","status":"","operator":"","product":"","country":"Russia","country_code":"","country_source":"","countries":["Russia"],"source_country":"Russia","country_match_method":"point_in_boundary","region":"","region_translated":"","subdivision":"","inn":"","is_sanctioned":"","is_mass_director":"","is_mass_founder":"","is_disqualified_persons":"","geometry_type":"Point","latitude":"52.39934900","longitude":"37.54151700","centroid_latitude":"52.39934900","centroid_longitude":"37.54151700","map_latitude":"52.39934900","map_longitude":"37.54151700","start_latitude":"52.399349","start_longitude":"37.541517","end_latitude":"52.399349","end_longitude":"37.541517","coordinate_count":"1","length_km":"","has_point_location":"true","location_quality":"exact","coordinate_precision":"exact","coordinate_source":"","entity_confidence":"high","freshness":"recent","cross_source_support":"1","review_status":"unreviewed","confidence":"A","confidence_grade":"A","confidence_score":"1.00","selectable":"true","map_layer":"transport_other","map_color":"#2a93d5","map_icon":"bridge","risk_flags":"","subcategory":"bridge","transport_functions":"","un_locode":"","locode_country":"","locode_location":"","iata":"","remarks":"","source_date":"","detected_language":"en_or_unknown","translation_source":"","derived_subcategory":"transport_bridge","derived_subcategory_label":"Bridge","derived_subcategory_confidence":"1.0","derived_subcategory_reason":"asset type","possible_duplicate_group":"","search_text":"Railway Bridge Railway Bridge transport bridge transport Russia Oil & Power Infrastructure Map custom_pins Bridge","references_json":"[{\"reference_id\":\"ref_2a9ab5674fc0a531\",\"source_id\":\"russia_oil_power_map\",\"source_name\":\"Russia Oil & Power Infrastructure Map\",\"source_type\":\"map_layer\",\"url\":\"https://russiaoilpowermap.com/data/custom_pins.json\",\"archive_url\":\"\",\"retrieved_at\":\"2026-10-10T09:58:14Z\",\"source_record_id\":\"pin_68e1555733a2b4.84098243\",\"source_file\":\"data/russia_oil_power_infrastructure.csv\",\"source_line_or_record_id\":\"113656\",\"extractor_version\":\"unknown\",\"license_or_terms\":\"unknown\",\"confidence_contribution\":\"0.82\"}]","first_seen_build":"2026-10-10T09:58:14Z","last_seen_build":"2026-10-10T09:58:14Z","change_status":"new","change_types":["new"],"changed_since_previous_build":"false","new_in_latest_build":"true","removed_from_latest_build":"false","source_archive_date":"2026-10-10T09:58:14Z","generation_type":"","primary_fuel":"","secondary_fuels":"","plant_role":"","technology":"","installed_capacity_mw":"","operational_status":"","classification_confidence":"","classification_confidence_score":"","classification_method":"","classification_sources":"","classification_notes":"","alternate_names":"","name_ru":"","match_score":"","match_method":"","matched_source_record_ids":"","is_nuclear":"","nuclear_status":"","reactor_count":"","operating_reactor_count":"","reactor_types":"","nuclear_reference_ids":"","radiological_risk":"","substation_type":"","voltage_kv":"","voltage_levels_kv":"","connected_generation_type":"","ecological_risk_category":"","political_significance":"","risk_assessment_status":"","references":[{"reference_id":"ref_2a9ab5674fc0a531","source_id":"russia_oil_power_map","source_name":"Russia Oil & Power Infrastructure Map","source_type":"map_layer","url":"https://russiaoilpowermap.com/data/custom_pins.json","archive_url":"","retrieved_at":"2026-10-10T09:58:14Z","source_record_id":"pin_68e1555733a2b4.84098243","source_file":"data/russia_oil_power_infrastructure.csv","source_line_or_record_id":"113656","extractor_version":"unknown","license_or_terms":"unknown","confidence_contribution":"0.82"}]}},{"type":"Feature","id":"infra_730233b43236e746","geometry":{"type":"Point","coordinates":[37.743015,51.863951]},"properties":{"uid":"infra_730233b43236e746","object_id":"infra_730233b43236e746","source":"russia_oil_power_map","source_dataset":"Russia Oil & Power Infrastructure Map","source_id":"russia_oil_power_map","source_record_id":"pin_68e1557b31eb66.18059814","source_url":"https://russiaoilpowermap.com/data/custom_pins.json","source_capture_date":"2026-10-10T09:58:14Z","source_layer":"custom_pins","source_reference_id":"ref_d2502b86b0f8b0dd","source_name":"Russia Oil & Power Infrastructure Map","source_type":"map_layer","source_reliability":"B","license_or_terms":"unknown","name":"Railway Bridge","name_en":"","description":"","name_translated":"","description_translated":"","display_label":"Railway Bridge","asset_class":"transport","asset_type":"bridge","asset_subtype":"","domain":"transport","status":"","operator":"","product":"","country":"Russia","country_code":"","country_source":"","countries":["Russia"],"source_country":"Russia","country_match_method":"point_in_boundary","region":"","region_translated":"","subdivision":"","inn":"","is_sanctioned":"","is_mass_director":"","is_mass_founder":"","is_disqualified_persons":"","geometry_type":"Point","latitude":"51.86395100","longitude":"37.74301500","centroid_latitude":"51.86395100","centroid_longitude":"37.74301500","map_latitude":"51.86395100","map_longitude":"37.74301500","start_latitude":"51.863951","start_longitude":"37.743015","end_latitude":"51.863951","end_longitude":"37.743015","coordinate_count":"1","length_km":"","has_point_location":"true","location_quality":"exact","coordinate_precision":"exact","coordinate_source":"","entity_confidence":"high","freshness":"recent","cross_source_support":"1","review_status":"unreviewed","confidence":"A","confidence_grade":"A","confidence_score":"1.00","selectable":"true","map_layer":"transport_other","map_color":"#2a93d5","map_icon":"bridge","risk_flags":"","subcategory":"bridge","transport_functions":"","un_locode":"","locode_country":"","locode_location":"","iata":"","remarks":"","source_date":"","detected_language":"en_or_unknown","translation_source":"","derived_subcategory":"transport_bridge","derived_subcategory_label":"Bridge","derived_subcategory_confidence":"1.0","derived_subcategory_reason":"asset type","possible_duplicate_group":"","search_text":"Railway Bridge Railway Bridge transport bridge transport Russia Oil & Power Infrastructure Map custom_pins Bridge","references_json":"[{\"reference_id\":\"ref_d2502b86b0f8b0dd\",\"source_id\":\"russia_oil_power_map\",\"source_name\":\"Russia Oil & Power Infrastructure Map\",\"source_type\":\"map_layer\",\"url\":\"https://russiaoilpowermap.com/data/custom_pins.json\",\"archive_url\":\"\",\"retrieved_at\":\"2026-10-10T09:58:14Z\",\"source_record_id\":\"pin_68e1557b31eb66.18059814\",\"source_file\":\"data/russia_oil_power_infrastructure.csv\",\"source_line_or_record_id\":\"113657\",\"extractor_version\":\"unknown\",\"license_or_terms\":\"unknown\",\"confidence_contribution\":\"0.82\"}]","first_seen_build":"2026-10-10T09:58:14Z","last_seen_build":"2026-10-10T09:58:14Z","change_status":"new","change_types":["new"],"changed_since_previous_build":"false","new_in_latest_build":"true","removed_from_latest_build":"false","source_archive_date":"2026-10-10T09:58:14Z","generation_type":"","primary_fuel":"","secondary_fuels":"","plant_role":"","technology":"","installed_capacity_mw":"","operational_status":"","classification_confidence":"","classification_confidence_score":"","classification_method":"","classification_sources":"","classification_notes":"","alternate_names":"","name_ru":"","match_score":"","match_method":"","matched_source_record_ids":"","is_nuclear":"","nuclear_status":"","reactor_count":"","operating_reactor_count":"","reactor_types":"","nuclear_reference_ids":"","radiological_risk":"","substation_type":"","voltage_kv":"","voltage_levels_kv":"","connected_generation_type":"","ecological_risk_category":"","political_significance":"","risk_assessment_status":"","references":[{"reference_id":"ref_d2502b86b0f8b0dd","source_id":"russia_oil_power_map","source_name":"Russia Oil & Power Infrastructure Map","source_type":"map_layer","url":"https://russiaoilpowermap.com/data/custom_pins.json","archive_url":"","retrieved_at":"2026-10-10T09:58:14Z","source_record_id":"pin_68e1557b31eb66.18059814","source_file":"data/russia_oil_power_infrastructure.csv","source_line_or_record_id":"113657","extractor_version":"unknown","license_or_terms":"unknown","confidence_contribution":"0.82"}]}},{"type":"Feature","id":"infra_011507ece017eab0","geometry":{"type":"Point","coordinates":[37.706494,51.845999]},"properties":{"uid":"infra_011507ece017eab0","object_id":"infra_011507ece017eab0","source":"russia_oil_power_map","source_dataset":"Russia Oil & Power Infrastructure Map","source_id":"russia_oil_power_map","source_record_id":"pin_68e15583358f92.90104828","source_url":"https://russiaoilpowermap.com/data/custom_pins.json","source_capture_date":"2026-10-10T09:58:14Z","source_layer":"custom_pins","source_reference_id":"ref_75529414ce2f9071","source_name":"Russia Oil & Power Infrastructure Map","source_type":"map_layer","source_reliability":"B","license_or_terms":"unknown","name":"Railway Bridge","name_en":"","description":"","name_translated":"","description_translated":"","display_label":"Railway Bridge","asset_class":"transport","asset_type":"bridge","asset_subtype":"","domain":"transport","status":"","operator":"","product":"","country":"Russia","country_code":"","country_source":"","countries":["Russia"],"source_country":"Russia","country_match_method":"point_in_boundary","region":"","region_translated":"","subdivision":"","inn":"","is_sanctioned":"","is_mass_director":"","is_mass_founder":"","is_disqualified_persons":"","geometry_type":"Point","latitude":"51.84599900","longitude":"37.70649400","centroid_latitude":"51.84599900","centroid_longitude":"37.70649400","map_latitude":"51.84599900","map_longitude":"37.70649400","start_latitude":"51.845999","start_longitude":"37.706494","end_latitude":"51.845999","end_longitude":"37.706494","coordinate_count":"1","length_km":"","has_point_location":"true","location_quality":"exact","coordinate_precision":"exact","coordinate_source":"","entity_confidence":"high","freshness":"recent","cross_source_support":"1","review_status":"unreviewed","confidence":"A","confidence_grade":"A","confidence_score":"1.00","selectable":"true","map_layer":"transport_other","map_color":"#2a93d5","map_icon":"bridge","risk_flags":"","subcategory":"bridge","transport_functions":"","un_locode":"","locode_country":"","locode_location":"","iata":"","remarks":"","source_date":"","detected_language":"en_or_unknown","translation_source":"","derived_subcategory":"transport_bridge","derived_subcategory_label":"Bridge","derived_subcategory_confidence":"1.0","derived_subcategory_reason":"asset type","possible_duplicate_group":"","search_text":"Railway Bridge Railway Bridge transport bridge transport Russia Oil & Power Infrastructure Map custom_pins Bridge","references_json":"[{\"reference_id\":\"ref_75529414ce2f9071\",\"source_id\":\"russia_oil_power_map\",\"source_name\":\"Russia Oil & Power Infrastructure Map\",\"source_type\":\"map_layer\",\"url\":\"https://russiaoilpowermap.com/data/custom_pins.json\",\"archive_url\":\"\",\"retrieved_at\":\"2026-10-10T09:58:14Z\",\"source_record_id\":\"pin_68e15583358f92.90104828\",\"source_file\":\"data/russia_oil_power_infrastructure.csv\",\"source_line_or_record_id\":\"113658\",\"extractor_version\":\"unknown\",\"license_or_terms\":\"unknown\",\"confidence_contribution\":\"0.82\"}]","first_seen_build":"2026-10-10T09:58:14Z","last_seen_build":"2026-10-10T09:58:14Z","change_status":"new","change_types":["new"],"changed_since_previous_build":"false","new_in_latest_build":"true","removed_from_latest_build":"false","source_archive_date":"2026-10-10T09:58:14Z","generation_type":"","primary_fuel":"","secondary_fuels":"","plant_role":"","technology":"","installed_capacity_mw":"","operational_status":"","classification_confidence":"","classification_confidence_score":"","classification_method":"","classification_sources":"","classification_notes":"","alternate_names":"","name_ru":"","match_score":"","match_method":"","matched_source_record_ids":"","is_nuclear":"","nuclear_status":"","reactor_count":"","operating_reactor_count":"","reactor_types":"","nuclear_reference_ids":"","radiological_risk":"","substation_type":"","voltage_kv":"","voltage_levels_kv":"","connected_generation_type":"","ecological_risk_category":"","political_significance":"","risk_assessment_status":"","references":[{"reference_id":"ref_75529414ce2f9071","source_id":"russia_oil_power_map","source_name":"Russia Oil & Power Infrastructure Map","source_type":"map_layer","url":"https://russiaoilpowermap.com/data/custom_pins.json","archive_url":"","retrieved_at":"2026-10-10T09:58:14Z","source_record_id":"pin_68e15583358f92.90104828","source_file":"data/russia_oil_power_infrastructure.csv","source_line_or_record_id":"113658","extractor_version":"unknown","license_or_terms":"unknown","confidence_contribution":"0.82"}]}},{"type":"Feature","id":"infra_365004b61ed076f0","geometry":{"type":"Point","coordinates":[37.054181,51.88722]},"properties":{"uid":"infra_365004b61ed076f0","object_id":"infra_365004b61ed076f0","source":"russia_oil_power_map","source_dataset":"Russia Oil & Power Infrastructure Map","source_id":"russia_oil_power_map","source_record_id":"pin_68e1559d06bcc8.97989311","source_url":"https://russiaoilpowermap.com/data/custom_pins.json","source_capture_date":"2026-10-10T09:58:14Z","source_layer":"custom_pins","source_reference_id":"ref_a724ac9cc10b4d9a","source_name":"Russia Oil & Power Infrastructure Map","source_type":"map_layer","source_reliability":"B","license_or_terms":"unknown","name":"Railway Bridge","name_en":"","description":"","name_translated":"","description_translated":"","display_label":"Railway Bridge","asset_class":"transport","asset_type":"bridge","asset_subtype":"","domain":"transport","status":"","operator":"","product":"","country":"Russia","country_code":"","country_source":"","countries":["Russia"],"source_country":"Russia","country_match_method":"point_in_boundary","region":"","region_translated":"","subdivision":"","inn":"","is_sanctioned":"","is_mass_director":"","is_mass_founder":"","is_disqualified_persons":"","geometry_type":"Point","latitude":"51.88722000","longitude":"37.05418100","centroid_latitude":"51.88722000","centroid_longitude":"37.05418100","map_latitude":"51.88722000","map_longitude":"37.05418100","start_latitude":"51.88722","start_longitude":"37.054181","end_latitude":"51.88722","end_longitude":"37.054181","coordinate_count":"1","length_km":"","has_point_location":"true","location_quality":"exact","coordinate_precision":"exact","coordinate_source":"","entity_confidence":"high","freshness":"recent","cross_source_support":"1","review_status":"unreviewed","confidence":"A","confidence_grade":"A","confidence_score":"1.00","selectable":"true","map_layer":"transport_other","map_color":"#2a93d5","map_icon":"bridge","risk_flags":"","subcategory":"bridge","transport_functions":"","un_locode":"","locode_country":"","locode_location":"","iata":"","remarks":"","source_date":"","detected_language":"en_or_unknown","translation_source":"","derived_subcategory":"transport_bridge","derived_subcategory_label":"Bridge","derived_subcategory_confidence":"1.0","derived_subcategory_reason":"asset type","possible_duplicate_group":"","search_text":"Railway Bridge Railway Bridge transport bridge transport Russia Oil & Power Infrastructure Map custom_pins Bridge","references_json":"[{\"reference_id\":\"ref_a724ac9cc10b4d9a\",\"source_id\":\"russia_oil_power_map\",\"source_name\":\"Russia Oil & Power Infrastructure Map\",\"source_type\":\"map_layer\",\"url\":\"https://russiaoilpowermap.com/data/custom_pins.json\",\"archive_url\":\"\",\"retrieved_at\":\"2026-10-10T09:58:14Z\",\"source_record_id\":\"pin_68e1559d06bcc8.97989311\",\"source_file\":\"data/russia_oil_power_infrastructure.csv\",\"source_line_or_record_id\":\"113659\",\"extractor_version\":\"unknown\",\"license_or_terms\":\"unknown\",\"confidence_contribution\":\"0.82\"}]","first_seen_build":"2026-10-10T09:58:14Z","last_seen_build":"2026-10-10T09:58:14Z","change_status":"new","change_types":["new"],"changed_since_previous_build":"false","new_in_latest_build":"true","removed_from_latest_build":"false","source_archive_date":"2026-10-10T09:58:14Z","generation_type":"","primary_fuel":"","secondary_fuels":"","plant_role":"","technology":"","installed_capacity_mw":"","operational_status":"","classification_confidence":"","classification_confidence_score":"","classification_method":"","classification_sources":"","classification_notes":"","alternate_names":"","name_ru":"","match_score":"","match_method":"","matched_source_record_ids":"","is_nuclear":"","nuclear_status":"","reactor_count":"","operating_reactor_count":"","reactor_types":"","nuclear_reference_ids":"","radiological_risk":"","substation_type":"","voltage_kv":"","voltage_levels_kv":"","connected_generation_type":"","ecological_risk_category":"","political_significance":"","risk_assessment_status":"","references":[{"reference_id":"ref_a724ac9cc10b4d9a","source_id":"russia_oil_power_map","source_name":"Russia Oil & Power Infrastructure Map","source_type":"map_layer","url":"https://russiaoilpowermap.com/data/custom_pins.json","archive_url":"","retrieved_at":"2026-10-10T09:58:14Z","source_record_id":"pin_68e1559d06bcc8.97989311","source_file":"data/russia_oil_power_infrastructure.csv","source_line_or_record_id":"113659","extractor_version":"unknown","license_or_terms":"unknown","confidence_contribution":"0.82"}]}},{"type":"Feature","id":"infra_f2a870e17eee3fb5","geometry":{"type":"Point","coordinates":[36.26117,51.823398]},"properties":{"uid":"infra_f2a870e17eee3fb5","object_id":"infra_f2a870e17eee3fb5","source":"russia_oil_power_map","source_dataset":"Russia Oil & Power Infrastructure Map","source_id":"russia_oil_power_map","source_record_id":"pin_68e155baae5768.31294672","source_url":"https://russiaoilpowermap.com/data/custom_pins.json","source_capture_date":"2026-10-10T09:58:14Z","source_layer":"custom_pins","source_reference_id":"ref_ce10f20427ca4c06","source_name":"Russia Oil & Power Infrastructure Map","source_type":"map_layer","source_reliability":"B","license_or_terms":"unknown","name":"Railway Bridge","name_en":"","description":"","name_translated":"","description_translated":"","display_label":"Railway Bridge","asset_class":"transport","asset_type":"bridge","asset_subtype":"","domain":"transport","status":"","operator":"","product":"","country":"Russia","country_code":"","country_source":"","countries":["Russia"],"source_country":"Russia","country_match_method":"point_in_boundary","region":"","region_translated":"","subdivision":"","inn":"","is_sanctioned":"","is_mass_director":"","is_mass_founder":"","is_disqualified_persons":"","geometry_type":"Point","latitude":"51.82339800","longitude":"36.26117000","centroid_latitude":"51.82339800","centroid_longitude":"36.26117000","map_latitude":"51.82339800","map_longitude":"36.26117000","start_latitude":"51.823398","start_longitude":"36.26117","end_latitude":"51.823398","end_longitude":"36.26117","coordinate_count":"1","length_km":"","has_point_location":"true","location_quality":"exact","coordinate_precision":"exact","coordinate_source":"","entity_confidence":"high","freshness":"recent","cross_source_support":"1","review_status":"unreviewed","confidence":"A","confidence_grade":"A","confidence_score":"1.00","selectable":"true","map_layer":"transport_other","map_color":"#2a93d5","map_icon":"bridge","risk_flags":"","subcategory":"bridge","transport_functions":"","un_locode":"","locode_country":"","locode_location":"","iata":"","remarks":"","source_date":"","detected_language":"en_or_unknown","translation_source":"","derived_subcategory":"transport_bridge","derived_subcategory_label":"Bridge","derived_subcategory_confidence":"1.0","derived_subcategory_reason":"asset type","possible_duplicate_group":"","search_text":"Railway Bridge Railway Bridge transport bridge transport Russia Oil & Power Infrastructure Map custom_pins Bridge","references_json":"[{\"reference_id\":\"ref_ce10f20427ca4c06\",\"source_id\":\"russia_oil_power_map\",\"source_name\":\"Russia Oil & Power Infrastructure Map\",\"source_type\":\"map_layer\",\"url\":\"https://russiaoilpowermap.com/data/custom_pins.json\",\"archive_url\":\"\",\"retrieved_at\":\"2026-10-10T09:58:14Z\",\"source_record_id\":\"pin_68e155baae5768.31294672\",\"source_file\":\"data/russia_oil_power_infrastructure.csv\",\"source_line_or_record_id\":\"113660\",\"extractor_version\":\"unknown\",\"license_or_terms\":\"unknown\",\"confidence_contribution\":\"0.82\"}]","first_seen_build":"2026-10-10T09:58:14Z","last_seen_build":"2026-10-10T09:58:14Z","change_status":"new","change_types":["new"],"changed_since_previous_build":"false","new_in_latest_build":"true","removed_from_latest_build":"false","source_archive_date":"2026-10-10T09:58:14Z","generation_type":"","primary_fuel":"","secondary_fuels":"","plant_role":"","technology":"","installed_capacity_mw":"","operational_status":"","classification_confidence":"","classification_confidence_score":"","classification_method":"","classification_sources":"","classification_notes":"","alternate_names":"","name_ru":"","match_score":"","match_method":"","matched_source_record_ids":"","is_nuclear":"","nuclear_status":"","reactor_count":"","operating_reactor_count":"","reactor_types":"","nuclear_reference_ids":"","radiological_risk":"","substation_type":"","voltage_kv":"","voltage_levels_kv":"","connected_generation_type":"","ecological_risk_category":"","political_significance":"","risk_assessment_status":"","references":[{"reference_id":"ref_ce10f20427ca4c06","source_id":"russia_oil_power_map","source_name":"Russia Oil & Power Infrastructure Map","source_type":"map_layer","url":"https://russiaoilpowermap.com/data/custom_pins.json","archive_url":"","retrieved_at":"2026-10-10T09:58:14Z","source_record_id":"pin_68e155baae5768.31294672","source_file":"data/russia_oil_power_infrastructure.csv","source_line_or_record_id":"113660","extractor_version":"unknown","license_or_terms":"unknown","confidence_contribution":"0.82"}]}},{"type":"Feature","id":"infra_c42cb218350bb112","geometry":{"type":"Point","coordinates":[35.067587,52.064259]},"properties":{"uid":"infra_c42cb218350bb112","object_id":"infra_c42cb218350bb112","source":"russia_oil_power_map","source_dataset":"Russia Oil & Power Infrastructure Map","source_id":"russia_oil_power_map","source_record_id":"pin_68e155dcae2e66.90402006","source_url":"https://russiaoilpowermap.com/data/custom_pins.json","source_capture_date":"2026-10-10T09:58:14Z","source_layer":"custom_pins","source_reference_id":"ref_b75b1125559e6f08","source_name":"Russia Oil & Power Infrastructure Map","source_type":"map_layer","source_reliability":"B","license_or_terms":"unknown","name":"Railway Bridge","name_en":"","description":"","name_translated":"","description_translated":"","display_label":"Railway Bridge","asset_class":"transport","asset_type":"bridge","asset_subtype":"","domain":"transport","status":"","operator":"","product":"","country":"Russia","country_code":"","country_source":"","countries":["Russia"],"source_country":"Russia","country_match_method":"point_in_boundary","region":"","region_translated":"","subdivision":"","inn":"","is_sanctioned":"","is_mass_director":"","is_mass_founder":"","is_disqualified_persons":"","geometry_type":"Point","latitude":"52.06425900","longitude":"35.06758700","centroid_latitude":"52.06425900","centroid_longitude":"35.06758700","map_latitude":"52.06425900","map_longitude":"35.06758700","start_latitude":"52.064259","start_longitude":"35.067587","end_latitude":"52.064259","end_longitude":"35.067587","coordinate_count":"1","length_km":"","has_point_location":"true","location_quality":"exact","coordinate_precision":"exact","coordinate_source":"","entity_confidence":"high","freshness":"recent","cross_source_support":"1","review_status":"unreviewed","confidence":"A","confidence_grade":"A","confidence_score":"1.00","selectable":"true","map_layer":"transport_other","map_color":"#2a93d5","map_icon":"bridge","risk_flags":"","subcategory":"bridge","transport_functions":"","un_locode":"","locode_country":"","locode_location":"","iata":"","remarks":"","source_date":"","detected_language":"en_or_unknown","translation_source":"","derived_subcategory":"transport_bridge","derived_subcategory_label":"Bridge","derived_subcategory_confidence":"1.0","derived_subcategory_reason":"asset type","possible_duplicate_group":"","search_text":"Railway Bridge Railway Bridge transport bridge transport Russia Oil & Power Infrastructure Map custom_pins Bridge","references_json":"[{\"reference_id\":\"ref_b75b1125559e6f08\",\"source_id\":\"russia_oil_power_map\",\"source_name\":\"Russia Oil & Power Infrastructure Map\",\"source_type\":\"map_layer\",\"url\":\"https://russiaoilpowermap.com/data/custom_pins.json\",\"archive_url\":\"\",\"retrieved_at\":\"2026-10-10T09:58:14Z\",\"source_record_id\":\"pin_68e155dcae2e66.90402006\",\"source_file\":\"data/russia_oil_power_infrastructure.csv\",\"source_line_or_record_id\":\"113661\",\"extractor_version\":\"unknown\",\"license_or_terms\":\"unknown\",\"confidence_contribution\":\"0.82\"}]","first_seen_build":"2026-10-10T09:58:14Z","last_seen_build":"2026-10-10T09:58:14Z","change_status":"new","change_types":["new"],"changed_since_previous_build":"false","new_in_latest_build":"true","removed_from_latest_build":"false","source_archive_date":"2026-10-10T09:58:14Z","generation_type":"","primary_fuel":"","secondary_fuels":"","plant_role":"","technology":"","installed_capacity_mw":"","operational_status":"","classification_confidence":"","classification_confidence_score":"","classification_method":"","classification_sources":"","classification_notes":"","alternate_names":"","name_ru":"","match_score":"","match_method":"","matched_source_record_ids":"","is_nuclear":"","nuclear_status":"","reactor_count":"","operating_reactor_count":"","reactor_types":"","nuclear_reference_ids":"","radiological_risk":"","substation_type":"","voltage_kv":"","voltage_levels_kv":"","connected_generation_type":"","ecological_risk_category":"","political_significance":"","risk_assessment_status":"","references":[{"reference_id":"ref_b75b1125559e6f08","source_id":"russia_oil_power_map","source_name":"Russia Oil & Power Infrastructure Map","source_type":"map_layer","url":"https://russiaoilpowermap.com/data/custom_pins.json","archive_url":"","retrieved_at":"2026-10-10T09:58:14Z","source_record_id":"pin_68e155dcae2e66.90402006","source_file":"data/russia_oil_power_infrastructure.csv","source_line_or_record_id":"113661","extractor_version":"unknown","license_or_terms":"unknown","confidence_contribution":"0.82"}]}},{"type":"Feature","id":"infra_10160fa79462fdc9","geometry":{"type":"Point","coordinates":[35.233798,51.676973]},"properties":{"uid":"infra_10160fa79462fdc9","object_id":"infra_10160fa79462fdc9","source":"russia_oil_power_map","source_dataset":"Russia Oil & Power Infrastructure Map","source_id":"russia_oil_power_map","source_record_id":"pin_68e155e7836214.83934942","source_url":"https://russiaoilpowermap.com/data/custom_pins.json","source_capture_date":"2026-10-10T09:58:14Z","source_layer":"custom_pins","source_reference_id":"ref_cdfc866173c8c537","source_name":"Russia Oil & Power Infrastructure Map","source_type":"map_layer","source_reliability":"B","license_or_terms":"unknown","name":"Railway Bridge","name_en":"","description":"","name_translated":"","description_translated":"","display_label":"Railway Bridge","asset_class":"transport","asset_type":"bridge","asset_subtype":"","domain":"transport","status":"","operator":"","product":"","country":"Russia","country_code":"","country_source":"","countries":["Russia"],"source_country":"Russia","country_match_method":"point_in_boundary","region":"","region_translated":"","subdivision":"","inn":"","is_sanctioned":"","is_mass_director":"","is_mass_founder":"","is_disqualified_persons":"","geometry_type":"Point","latitude":"51.67697300","longitude":"35.23379800","centroid_latitude":"51.67697300","centroid_longitude":"35.23379800","map_latitude":"51.67697300","map_longitude":"35.23379800","start_latitude":"51.676973","start_longitude":"35.233798","end_latitude":"51.676973","end_longitude":"35.233798","coordinate_count":"1","length_km":"","has_point_location":"true","location_quality":"exact","coordinate_precision":"exact","coordinate_source":"","entity_confidence":"high","freshness":"recent","cross_source_support":"1","review_status":"unreviewed","confidence":"A","confidence_grade":"A","confidence_score":"1.00","selectable":"true","map_layer":"transport_other","map_color":"#2a93d5","map_icon":"bridge","risk_flags":"","subcategory":"bridge","transport_functions":"","un_locode":"","locode_country":"","locode_location":"","iata":"","remarks":"","source_date":"","detected_language":"en_or_unknown","translation_source":"","derived_subcategory":"transport_bridge","derived_subcategory_label":"Bridge","derived_subcategory_confidence":"1.0","derived_subcategory_reason":"asset type","possible_duplicate_group":"","search_text":"Railway Bridge Railway Bridge transport bridge transport Russia Oil & Power Infrastructure Map custom_pins Bridge","references_json":"[{\"reference_id\":\"ref_cdfc866173c8c537\",\"source_id\":\"russia_oil_power_map\",\"source_name\":\"Russia Oil & Power Infrastructure Map\",\"source_type\":\"map_layer\",\"url\":\"https://russiaoilpowermap.com/data/custom_pins.json\",\"archive_url\":\"\",\"retrieved_at\":\"2026-10-10T09:58:14Z\",\"source_record_id\":\"pin_68e155e7836214.83934942\",\"source_file\":\"data/russia_oil_power_infrastructure.csv\",\"source_line_or_record_id\":\"113662\",\"extractor_version\":\"unknown\",\"license_or_terms\":\"unknown\",\"confidence_contribution\":\"0.82\"}]","first_seen_build":"2026-10-10T09:58:14Z","last_seen_build":"2026-10-10T09:58:14Z","change_status":"new","change_types":["new"],"changed_since_previous_build":"false","new_in_latest_build":"true","removed_from_latest_build":"false","source_archive_date":"2026-10-10T09:58:14Z","generation_type":"","primary_fuel":"","secondary_fuels":"","plant_role":"","technology":"","installed_capacity_mw":"","operational_status":"","classification_confidence":"","classification_confidence_score":"","classification_method":"","classification_sources":"","classification_notes":"","alternate_names":"","name_ru":"","match_score":"","match_method":"","matched_source_record_ids":"","is_nuclear":"","nuclear_status":"","reactor_count":"","operating_reactor_count":"","reactor_types":"","nuclear_reference_ids":"","radiological_risk":"","substation_type":"","voltage_kv":"","voltage_levels_kv":"","connected_generation_type":"","ecological_risk_category":"","political_significance":"","risk_assessment_status":"","references":[{"reference_id":"ref_cdfc866173c8c537","source_id":"russia_oil_power_map","source_name":"Russia Oil & Power Infrastructure Map","source_type":"map_layer","url":"https://russiaoilpowermap.com/data/custom_pins.json","archive_url":"","retrieved_at":"2026-10-10T09:58:14Z","source_record_id":"pin_68e155e7836214.83934942","source_file":"data/russia_oil_power_infrastructure.csv","source_line_or_record_id":"113662","extractor_version":"unknown","license_or_terms":"unknown","confidence_contribution":"0.82"}]}},{"type":"Feature","id":"infra_ac46c8b95fbcd18e","geometry":{"type":"Point","coordinates":[35.398352,52.2952]},"properties":{"uid":"infra_ac46c8b95fbcd18e","object_id":"infra_ac46c8b95fbcd18e","source":"russia_oil_power_map","source_dataset":"Russia Oil & Power Infrastructure Map","source_id":"russia_oil_power_map","source_record_id":"pin_68e1561b6886f3.92077203","source_url":"https://russiaoilpowermap.com/data/custom_pins.json","source_capture_date":"2026-10-10T09:58:14Z","source_layer":"custom_pins","source_reference_id":"ref_6fe79e614f55e431","source_name":"Russia Oil & Power Infrastructure Map","source_type":"map_layer","source_reliability":"B","license_or_terms":"unknown","name":"Railway Bridge","name_en":"","description":"","name_translated":"","description_translated":"","display_label":"Railway Bridge","asset_class":"transport","asset_type":"bridge","asset_subtype":"","domain":"transport","status":"","operator":"","product":"","country":"Russia","country_code":"","country_source":"","countries":["Russia"],"source_country":"Russia","country_match_method":"point_in_boundary","region":"","region_translated":"","subdivision":"","inn":"","is_sanctioned":"","is_mass_director":"","is_mass_founder":"","is_disqualified_persons":"","geometry_type":"Point","latitude":"52.29520000","longitude":"35.39835200","centroid_latitude":"52.29520000","centroid_longitude":"35.39835200","map_latitude":"52.29520000","map_longitude":"35.39835200","start_latitude":"52.2952","start_longitude":"35.398352","end_latitude":"52.2952","end_longitude":"35.398352","coordinate_count":"1","length_km":"","has_point_location":"true","location_quality":"exact","coordinate_precision":"exact","coordinate_source":"","entity_confidence":"high","freshness":"recent","cross_source_support":"1","review_status":"unreviewed","confidence":"A","confidence_grade":"A","confidence_score":"1.00","selectable":"true","map_layer":"transport_other","map_color":"#2a93d5","map_icon":"bridge","risk_flags":"","subcategory":"bridge","transport_functions":"","un_locode":"","locode_country":"","locode_location":"","iata":"","remarks":"","source_date":"","detected_language":"en_or_unknown","translation_source":"","derived_subcategory":"transport_bridge","derived_subcategory_label":"Bridge","derived_subcategory_confidence":"1.0","derived_subcategory_reason":"asset type","possible_duplicate_group":"","search_text":"Railway Bridge Railway Bridge transport bridge transport Russia Oil & Power Infrastructure Map custom_pins Bridge","references_json":"[{\"reference_id\":\"ref_6fe79e614f55e431\",\"source_id\":\"russia_oil_power_map\",\"source_name\":\"Russia Oil & Power Infrastructure Map\",\"source_type\":\"map_layer\",\"url\":\"https://russiaoilpowermap.com/data/custom_pins.json\",\"archive_url\":\"\",\"retrieved_at\":\"2026-10-10T09:58:14Z\",\"source_record_id\":\"pin_68e1561b6886f3.92077203\",\"source_file\":\"data/russia_oil_power_infrastructure.csv\",\"source_line_or_record_id\":\"113663\",\"extractor_version\":\"unknown\",\"license_or_terms\":\"unknown\",\"confidence_contribution\":\"0.82\"}]","first_seen_build":"2026-10-10T09:58:14Z","last_seen_build":"2026-10-10T09:58:14Z","change_status":"new","change_types":["new"],"changed_since_previous_build":"false","new_in_latest_build":"true","removed_from_latest_build":"false","source_archive_date":"2026-10-10T09:58:14Z","generation_type":"","primary_fuel":"","secondary_fuels":"","plant_role":"","technology":"","installed_capacity_mw":"","operational_status":"","classification_confidence":"","classification_confidence_score":"","classification_method":"","classification_sources":"","classification_notes":"","alternate_names":"","name_ru":"","match_score":"","match_method":"","matched_source_record_ids":"","is_nuclear":"","nuclear_status":"","reactor_count":"","operating_reactor_count":"","reactor_types":"","nuclear_reference_ids":"","radiological_risk":"","substation_type":"","voltage_kv":"","voltage_levels_kv":"","connected_generation_type":"","ecological_risk_category":"","political_significance":"","risk_assessment_status":"","references":[{"reference_id":"ref_6fe79e614f55e431","source_id":"russia_oil_power_map","source_name":"Russia Oil & Power Infrastructure Map","source_type":"map_layer","url":"https://russiaoilpowermap.com/data/custom_pins.json","archive_url":"","retrieved_at":"2026-10-10T09:58:14Z","source_record_id":"pin_68e1561b6886f3.92077203","source_file":"data/russia_oil_power_infrastructure.csv","source_line_or_record_id":"113663","extractor_version":"unknown","license_or_terms":"unknown","confidence_contribution":"0.82"}]}},{"type":"Feature","id":"infra_6f6e09db30d777c0","geometry":{"type":"Point","coordinates":[35.481677,52.387846]},"properties":{"uid":"infra_6f6e09db30d777c0","object_id":"infra_6f6e09db30d777c0","source":"russia_oil_power_map","source_dataset":"Russia Oil & Power Infrastructure Map","source_id":"russia_oil_power_map","source_record_id":"pin_68e15625424210.39693888","source_url":"https://russiaoilpowermap.com/data/custom_pins.json","source_capture_date":"2026-10-10T09:58:14Z","source_layer":"custom_pins","source_reference_id":"ref_35f98cdb650e81c1","source_name":"Russia Oil & Power Infrastructure Map","source_type":"map_layer","source_reliability":"B","license_or_terms":"unknown","name":"Railway Bridge","name_en":"","description":"","name_translated":"","description_translated":"","display_label":"Railway Bridge","asset_class":"transport","asset_type":"bridge","asset_subtype":"","domain":"transport","status":"","operator":"","product":"","country":"Russia","country_code":"","country_source":"","countries":["Russia"],"source_country":"Russia","country_match_method":"point_in_boundary","region":"","region_translated":"","subdivision":"","inn":"","is_sanctioned":"","is_mass_director":"","is_mass_founder":"","is_disqualified_persons":"","geometry_type":"Point","latitude":"52.38784600","longitude":"35.48167700","centroid_latitude":"52.38784600","centroid_longitude":"35.48167700","map_latitude":"52.38784600","map_longitude":"35.48167700","start_latitude":"52.387846","start_longitude":"35.481677","end_latitude":"52.387846","end_longitude":"35.481677","coordinate_count":"1","length_km":"","has_point_location":"true","location_quality":"exact","coordinate_precision":"exact","coordinate_source":"","entity_confidence":"high","freshness":"recent","cross_source_support":"1","review_status":"unreviewed","confidence":"A","confidence_grade":"A","confidence_score":"1.00","selectable":"true","map_layer":"transport_other","map_color":"#2a93d5","map_icon":"bridge","risk_flags":"","subcategory":"bridge","transport_functions":"","un_locode":"","locode_country":"","locode_location":"","iata":"","remarks":"","source_date":"","detected_language":"en_or_unknown","translation_source":"","derived_subcategory":"transport_bridge","derived_subcategory_label":"Bridge","derived_subcategory_confidence":"1.0","derived_subcategory_reason":"asset type","possible_duplicate_group":"","search_text":"Railway Bridge Railway Bridge transport bridge transport Russia Oil & Power Infrastructure Map custom_pins Bridge","references_json":"[{\"reference_id\":\"ref_35f98cdb650e81c1\",\"source_id\":\"russia_oil_power_map\",\"source_name\":\"Russia Oil & Power Infrastructure Map\",\"source_type\":\"map_layer\",\"url\":\"https://russiaoilpowermap.com/data/custom_pins.json\",\"archive_url\":\"\",\"retrieved_at\":\"2026-10-10T09:58:14Z\",\"source_record_id\":\"pin_68e15625424210.39693888\",\"source_file\":\"data/russia_oil_power_infrastructure.csv\",\"source_line_or_record_id\":\"113664\",\"extractor_version\":\"unknown\",\"license_or_terms\":\"unknown\",\"confidence_contribution\":\"0.82\"}]","first_seen_build":"2026-10-10T09:58:14Z","last_seen_build":"2026-10-10T09:58:14Z","change_status":"new","change_types":["new"],"changed_since_previous_build":"false","new_in_latest_build":"true","removed_from_latest_build":"false","source_archive_date":"2026-10-10T09:58:14Z","generation_type":"","primary_fuel":"","secondary_fuels":"","plant_role":"","technology":"","installed_capacity_mw":"","operational_status":"","classification_confidence":"","classification_confidence_score":"","classification_method":"","classification_sources":"","classification_notes":"","alternate_names":"","name_ru":"","match_score":"","match_method":"","matched_source_record_ids":"","is_nuclear":"","nuclear_status":"","reactor_count":"","operating_reactor_count":"","reactor_types":"","nuclear_reference_ids":"","radiological_risk":"","substation_type":"","voltage_kv":"","voltage_levels_kv":"","connected_generation_type":"","ecological_risk_category":"","political_significance":"","risk_assessment_status":"","references":[{"reference_id":"ref_35f98cdb650e81c1","source_id":"russia_oil_power_map","source_name":"Russia Oil & Power Infrastructure Map","source_type":"map_layer","url":"https://russiaoilpowermap.com/data/custom_pins.json","archive_url":"","retrieved_at":"2026-10-10T09:58:14Z","source_record_id":"pin_68e15625424210.39693888","source_file":"data/russia_oil_power_infrastructure.csv","source_line_or_record_id":"113664","extractor_version":"unknown","license_or_terms":"unknown","confidence_contribution":"0.82"}]}},{"type":"Feature","id":"infra_e8eeac11ec21252e","geometry":{"type":"Point","coordinates":[35.603621,52.46337]},"properties":{"uid":"infra_e8eeac11ec21252e","object_id":"infra_e8eeac11ec21252e","source":"russia_oil_power_map","source_dataset":"Russia Oil & Power Infrastructure Map","source_id":"russia_oil_power_map","source_record_id":"pin_68e1563a8f3262.88899949","source_url":"https://russiaoilpowermap.com/data/custom_pins.json","source_capture_date":"2026-10-10T09:58:14Z","source_layer":"custom_pins","source_reference_id":"ref_c4e963818732a8fd","source_name":"Russia Oil & Power Infrastructure Map","source_type":"map_layer","source_reliability":"B","license_or_terms":"unknown","name":"Railway Bridge","name_en":"","description":"","name_translated":"","description_translated":"","display_label":"Railway Bridge","asset_class":"transport","asset_type":"bridge","asset_subtype":"","domain":"transport","status":"","operator":"","product":"","country":"Russia","country_code":"","country_source":"","countries":["Russia"],"source_country":"Russia","country_match_method":"point_in_boundary","region":"","region_translated":"","subdivision":"","inn":"","is_sanctioned":"","is_mass_director":"","is_mass_founder":"","is_disqualified_persons":"","geometry_type":"Point","latitude":"52.46337000","longitude":"35.60362100","centroid_latitude":"52.46337000","centroid_longitude":"35.60362100","map_latitude":"52.46337000","map_longitude":"35.60362100","start_latitude":"52.46337","start_longitude":"35.603621","end_latitude":"52.46337","end_longitude":"35.603621","coordinate_count":"1","length_km":"","has_point_location":"true","location_quality":"exact","coordinate_precision":"exact","coordinate_source":"","entity_confidence":"high","freshness":"recent","cross_source_support":"1","review_status":"unreviewed","confidence":"A","confidence_grade":"A","confidence_score":"1.00","selectable":"true","map_layer":"transport_other","map_color":"#2a93d5","map_icon":"bridge","risk_flags":"","subcategory":"bridge","transport_functions":"","un_locode":"","locode_country":"","locode_location":"","iata":"","remarks":"","source_date":"","detected_language":"en_or_unknown","translation_source":"","derived_subcategory":"transport_bridge","derived_subcategory_label":"Bridge","derived_subcategory_confidence":"1.0","derived_subcategory_reason":"asset type","possible_duplicate_group":"","search_text":"Railway Bridge Railway Bridge transport bridge transport Russia Oil & Power Infrastructure Map custom_pins Bridge","references_json":"[{\"reference_id\":\"ref_c4e963818732a8fd\",\"source_id\":\"russia_oil_power_map\",\"source_name\":\"Russia Oil & Power Infrastructure Map\",\"source_type\":\"map_layer\",\"url\":\"https://russiaoilpowermap.com/data/custom_pins.json\",\"archive_url\":\"\",\"retrieved_at\":\"2026-10-10T09:58:14Z\",\"source_record_id\":\"pin_68e1563a8f3262.88899949\",\"source_file\":\"data/russia_oil_power_infrastructure.csv\",\"source_line_or_record_id\":\"113665\",\"extractor_version\":\"unknown\",\"license_or_terms\":\"unknown\",\"confidence_contribution\":\"0.82\"}]","first_seen_build":"2026-10-10T09:58:14Z","last_seen_build":"2026-10-10T09:58:14Z","change_status":"new","change_types":["new"],"changed_since_previous_build":"false","new_in_latest_build":"true","removed_from_latest_build":"false","source_archive_date":"2026-10-10T09:58:14Z","generation_type":"","primary_fuel":"","secondary_fuels":"","plant_role":"","technology":"","installed_capacity_mw":"","operational_status":"","classification_confidence":"","classification_confidence_score":"","classification_method":"","classification_sources":"","classification_notes":"","alternate_names":"","name_ru":"","match_score":"","match_method":"","matched_source_record_ids":"","is_nuclear":"","nuclear_status":"","reactor_count":"","operating_reactor_count":"","reactor_types":"","nuclear_reference_ids":"","radiological_risk":"","substation_type":"","voltage_kv":"","voltage_levels_kv":"","connected_generation_type":"","ecological_risk_category":"","political_significance":"","risk_assessment_status":"","references":[{"reference_id":"ref_c4e963818732a8fd","source_id":"russia_oil_power_map","source_name":"Russia Oil & Power Infrastructure Map","source_type":"map_layer","url":"https://russiaoilpowermap.com/data/custom_pins.json","archive_url":"","retrieved_at":"2026-10-10T09:58:14Z","source_record_id":"pin_68e1563a8f3262.88899949","source_file":"data/russia_oil_power_infrastructure.csv","source_line_or_record_id":"113665","extractor_version":"unknown","license_or_terms":"unknown","confidence_contribution":"0.82"}]}},{"type":"Feature","id":"infra_2b7534b18015420e","geometry":{"type":"Point","coordinates":[35.751743,52.634417]},"properties":{"uid":"infra_2b7534b18015420e","object_id":"infra_2b7534b18015420e","source":"russia_oil_power_map","source_dataset":"Russia Oil & Power Infrastructure Map","source_id":"russia_oil_power_map","source_record_id":"pin_68e156531bd574.02580614","source_url":"https://russiaoilpowermap.com/data/custom_pins.json","source_capture_date":"2026-10-10T09:58:14Z","source_layer":"custom_pins","source_reference_id":"ref_9852e5de68d593dc","source_name":"Russia Oil & Power Infrastructure Map","source_type":"map_layer","source_reliability":"B","license_or_terms":"unknown","name":"Railway Bridge","name_en":"","description":"","name_translated":"","description_translated":"","display_label":"Railway Bridge","asset_class":"transport","asset_type":"bridge","asset_subtype":"","domain":"transport","status":"","operator":"","product":"","country":"Russia","country_code":"","country_source":"","countries":["Russia"],"source_country":"Russia","country_match_method":"point_in_boundary","region":"","region_translated":"","subdivision":"","inn":"","is_sanctioned":"","is_mass_director":"","is_mass_founder":"","is_disqualified_persons":"","geometry_type":"Point","latitude":"52.63441700","longitude":"35.75174300","centroid_latitude":"52.63441700","centroid_longitude":"35.75174300","map_latitude":"52.63441700","map_longitude":"35.75174300","start_latitude":"52.634417","start_longitude":"35.751743","end_latitude":"52.634417","end_longitude":"35.751743","coordinate_count":"1","length_km":"","has_point_location":"true","location_quality":"exact","coordinate_precision":"exact","coordinate_source":"","entity_confidence":"high","freshness":"recent","cross_source_support":"1","review_status":"unreviewed","confidence":"A","confidence_grade":"A","confidence_score":"1.00","selectable":"true","map_layer":"transport_other","map_color":"#2a93d5","map_icon":"bridge","risk_flags":"","subcategory":"bridge","transport_functions":"","un_locode":"","locode_country":"","locode_location":"","iata":"","remarks":"","source_date":"","detected_language":"en_or_unknown","translation_source":"","derived_subcategory":"transport_bridge","derived_subcategory_label":"Bridge","derived_subcategory_confidence":"1.0","derived_subcategory_reason":"asset type","possible_duplicate_group":"","search_text":"Railway Bridge Railway Bridge transport bridge transport Russia Oil & Power Infrastructure Map custom_pins Bridge","references_json":"[{\"reference_id\":\"ref_9852e5de68d593dc\",\"source_id\":\"russia_oil_power_map\",\"source_name\":\"Russia Oil & Power Infrastructure Map\",\"source_type\":\"map_layer\",\"url\":\"https://russiaoilpowermap.com/data/custom_pins.json\",\"archive_url\":\"\",\"retrieved_at\":\"2026-10-10T09:58:14Z\",\"source_record_id\":\"pin_68e156531bd574.02580614\",\"source_file\":\"data/russia_oil_power_infrastructure.csv\",\"source_line_or_record_id\":\"113666\",\"extractor_version\":\"unknown\",\"license_or_terms\":\"unknown\",\"confidence_contribution\":\"0.82\"}]","first_seen_build":"2026-10-10T09:58:14Z","last_seen_build":"2026-10-10T09:58:14Z","change_status":"new","change_types":["new"],"changed_since_previous_build":"false","new_in_latest_build":"true","removed_from_latest_build":"false","source_archive_date":"2026-10-10T09:58:14Z","generation_type":"","primary_fuel":"","secondary_fuels":"","plant_role":"","technology":"","installed_capacity_mw":"","operational_status":"","classification_confidence":"","classification_confidence_score":"","classification_method":"","classification_sources":"","classification_notes":"","alternate_names":"","name_ru":"","match_score":"","match_method":"","matched_source_record_ids":"","is_nuclear":"","nuclear_status":"","reactor_count":"","operating_reactor_count":"","reactor_types":"","nuclear_reference_ids":"","radiological_risk":"","substation_type":"","voltage_kv":"","voltage_levels_kv":"","connected_generation_type":"","ecological_risk_category":"","political_significance":"","risk_assessment_status":"","references":[{"reference_id":"ref_9852e5de68d593dc","source_id":"russia_oil_power_map","source_name":"Russia Oil & Power Infrastructure Map","source_type":"map_layer","url":"https://russiaoilpowermap.com/data/custom_pins.json","archive_url":"","retrieved_at":"2026-10-10T09:58:14Z","source_record_id":"pin_68e156531bd574.02580614","source_file":"data/russia_oil_power_infrastructure.csv","source_line_or_record_id":"113666","extractor_version":"unknown","license_or_terms":"unknown","confidence_contribution":"0.82"}]}},{"type":"Feature","id":"infra_1b27d817b27f025e","geometry":{"type":"Point","coordinates":[35.883579,52.720685]},"properties":{"uid":"infra_1b27d817b27f025e","object_id":"infra_1b27d817b27f025e","source":"russia_oil_power_map","source_dataset":"Russia Oil & Power Infrastructure Map","source_id":"russia_oil_power_map","source_record_id":"pin_68e156622ebee1.76139769","source_url":"https://russiaoilpowermap.com/data/custom_pins.json","source_capture_date":"2026-10-10T09:58:14Z","source_layer":"custom_pins","source_reference_id":"ref_accbeb30630a09b3","source_name":"Russia Oil & Power Infrastructure Map","source_type":"map_layer","source_reliability":"B","license_or_terms":"unknown","name":"Railway Bridge","name_en":"","description":"","name_translated":"","description_translated":"","display_label":"Railway Bridge","asset_class":"transport","asset_type":"bridge","asset_subtype":"","domain":"transport","status":"","operator":"","product":"","country":"Russia","country_code":"","country_source":"","countries":["Russia"],"source_country":"Russia","country_match_method":"point_in_boundary","region":"","region_translated":"","subdivision":"","inn":"","is_sanctioned":"","is_mass_director":"","is_mass_founder":"","is_disqualified_persons":"","geometry_type":"Point","latitude":"52.72068500","longitude":"35.88357900","centroid_latitude":"52.72068500","centroid_longitude":"35.88357900","map_latitude":"52.72068500","map_longitude":"35.88357900","start_latitude":"52.720685","start_longitude":"35.883579","end_latitude":"52.720685","end_longitude":"35.883579","coordinate_count":"1","length_km":"","has_point_location":"true","location_quality":"exact","coordinate_precision":"exact","coordinate_source":"","entity_confidence":"high","freshness":"recent","cross_source_support":"1","review_status":"unreviewed","confidence":"A","confidence_grade":"A","confidence_score":"1.00","selectable":"true","map_layer":"transport_other","map_color":"#2a93d5","map_icon":"bridge","risk_flags":"","subcategory":"bridge","transport_functions":"","un_locode":"","locode_country":"","locode_location":"","iata":"","remarks":"","source_date":"","detected_language":"en_or_unknown","translation_source":"","derived_subcategory":"transport_bridge","derived_subcategory_label":"Bridge","derived_subcategory_confidence":"1.0","derived_subcategory_reason":"asset type","possible_duplicate_group":"","search_text":"Railway Bridge Railway Bridge transport bridge transport Russia Oil & Power Infrastructure Map custom_pins Bridge","references_json":"[{\"reference_id\":\"ref_accbeb30630a09b3\",\"source_id\":\"russia_oil_power_map\",\"source_name\":\"Russia Oil & Power Infrastructure Map\",\"source_type\":\"map_layer\",\"url\":\"https://russiaoilpowermap.com/data/custom_pins.json\",\"archive_url\":\"\",\"retrieved_at\":\"2026-10-10T09:58:14Z\",\"source_record_id\":\"pin_68e156622ebee1.76139769\",\"source_file\":\"data/russia_oil_power_infrastructure.csv\",\"source_line_or_record_id\":\"113667\",\"extractor_version\":\"unknown\",\"license_or_terms\":\"unknown\",\"confidence_contribution\":\"0.82\"}]","first_seen_build":"2026-10-10T09:58:14Z","last_seen_build":"2026-10-10T09:58:14Z","change_status":"new","change_types":["new"],"changed_since_previous_build":"false","new_in_latest_build":"true","removed_from_latest_build":"false","source_archive_date":"2026-10-10T09:58:14Z","generation_type":"","primary_fuel":"","secondary_fuels":"","plant_role":"","technology":"","installed_capacity_mw":"","operational_status":"","classification_confidence":"","classification_confidence_score":"","classification_method":"","classification_sources":"","classification_notes":"","alternate_names":"","name_ru":"","match_score":"","match_method":"","matched_source_record_ids":"","is_nuclear":"","nuclear_status":"","reactor_count":"","operating_reactor_count":"","reactor_types":"","nuclear_reference_ids":"","radiological_risk":"","substation_type":"","voltage_kv":"","voltage_levels_kv":"","connected_generation_type":"","ecological_risk_category":"","political_significance":"","risk_assessment_status":"","references":[{"reference_id":"ref_accbeb30630a09b3","source_id":"russia_oil_power_map","source_name":"Russia Oil & Power Infrastructure Map","source_type":"map_layer","url":"https://russiaoilpowermap.com/data/custom_pins.json","archive_url":"","retrieved_at":"2026-10-10T09:58:14Z","source_record_id":"pin_68e156622ebee1.76139769","source_file":"data/russia_oil_power_infrastructure.csv","source_line_or_record_id":"113667","extractor_version":"unknown","license_or_terms":"unknown","confidence_contribution":"0.82"}]}},{"type":"Feature","id":"infra_bd6f9d3dda8e7518","geometry":{"type":"Point","coordinates":[35.95984,52.839452]},"properties":{"uid":"infra_bd6f9d3dda8e7518","object_id":"infra_bd6f9d3dda8e7518","source":"russia_oil_power_map","source_dataset":"Russia Oil & Power Infrastructure Map","source_id":"russia_oil_power_map","source_record_id":"pin_68e1566f764849.96311444","source_url":"https://russiaoilpowermap.com/data/custom_pins.json","source_capture_date":"2026-10-10T09:58:14Z","source_layer":"custom_pins","source_reference_id":"ref_2abd7de42703737e","source_name":"Russia Oil & Power Infrastructure Map","source_type":"map_layer","source_reliability":"B","license_or_terms":"unknown","name":"Railway Bridge","name_en":"","description":"","name_translated":"","description_translated":"","display_label":"Railway Bridge","asset_class":"transport","asset_type":"bridge","asset_subtype":"","domain":"transport","status":"","operator":"","product":"","country":"Russia","country_code":"","country_source":"","countries":["Russia"],"source_country":"Russia","country_match_method":"point_in_boundary","region":"","region_translated":"","subdivision":"","inn":"","is_sanctioned":"","is_mass_director":"","is_mass_founder":"","is_disqualified_persons":"","geometry_type":"Point","latitude":"52.83945200","longitude":"35.95984000","centroid_latitude":"52.83945200","centroid_longitude":"35.95984000","map_latitude":"52.83945200","map_longitude":"35.95984000","start_latitude":"52.839452","start_longitude":"35.95984","end_latitude":"52.839452","end_longitude":"35.95984","coordinate_count":"1","length_km":"","has_point_location":"true","location_quality":"exact","coordinate_precision":"exact","coordinate_source":"","entity_confidence":"high","freshness":"recent","cross_source_support":"1","review_status":"unreviewed","confidence":"A","confidence_grade":"A","confidence_score":"1.00","selectable":"true","map_layer":"transport_other","map_color":"#2a93d5","map_icon":"bridge","risk_flags":"","subcategory":"bridge","transport_functions":"","un_locode":"","locode_country":"","locode_location":"","iata":"","remarks":"","source_date":"","detected_language":"en_or_unknown","translation_source":"","derived_subcategory":"transport_bridge","derived_subcategory_label":"Bridge","derived_subcategory_confidence":"1.0","derived_subcategory_reason":"asset type","possible_duplicate_group":"","search_text":"Railway Bridge Railway Bridge transport bridge transport Russia Oil & Power Infrastructure Map custom_pins Bridge","references_json":"[{\"reference_id\":\"ref_2abd7de42703737e\",\"source_id\":\"russia_oil_power_map\",\"source_name\":\"Russia Oil & Power Infrastructure Map\",\"source_type\":\"map_layer\",\"url\":\"https://russiaoilpowermap.com/data/custom_pins.json\",\"archive_url\":\"\",\"retrieved_at\":\"2026-10-10T09:58:14Z\",\"source_record_id\":\"pin_68e1566f764849.96311444\",\"source_file\":\"data/russia_oil_power_infrastructure.csv\",\"source_line_or_record_id\":\"113668\",\"extractor_version\":\"unknown\",\"license_or_terms\":\"unknown\",\"confidence_contribution\":\"0.82\"}]","first_seen_build":"2026-10-10T09:58:14Z","last_seen_build":"2026-10-10T09:58:14Z","change_status":"new","change_types":["new"],"changed_since_previous_build":"false","new_in_latest_build":"true","removed_from_latest_build":"false","source_archive_date":"2026-10-10T09:58:14Z","generation_type":"","primary_fuel":"","secondary_fuels":"","plant_role":"","technology":"","installed_capacity_mw":"","operational_status":"","classification_confidence":"","classification_confidence_score":"","classification_method":"","classification_sources":"","classification_notes":"","alternate_names":"","name_ru":"","match_score":"","match_method":"","matched_source_record_ids":"","is_nuclear":"","nuclear_status":"","reactor_count":"","operating_reactor_count":"","reactor_types":"","nuclear_reference_ids":"","radiological_risk":"","substation_type":"","voltage_kv":"","voltage_levels_kv":"","connected_generation_type":"","ecological_risk_category":"","political_significance":"","risk_assessment_status":"","references":[{"reference_id":"ref_2abd7de42703737e","source_id":"russia_oil_power_map","source_name":"Russia Oil & Power Infrastructure Map","source_type":"map_layer","url":"https://russiaoilpowermap.com/data/custom_pins.json","archive_url":"","retrieved_at":"2026-10-10T09:58:14Z","source_record_id":"pin_68e1566f764849.96311444","source_file":"data/russia_oil_power_infrastructure.csv","source_line_or_record_id":"113668","extractor_version":"unknown","license_or_terms":"unknown","confidence_contribution":"0.82"}]}},{"type":"Feature","id":"infra_2b16c04c1054749c","geometry":{"type":"Point","coordinates":[36.567618,53.303448]},"properties":{"uid":"infra_2b16c04c1054749c","object_id":"infra_2b16c04c1054749c","source":"russia_oil_power_map","source_dataset":"Russia Oil & Power Infrastructure Map","source_id":"russia_oil_power_map","source_record_id":"pin_68e1568604c093.85620223","source_url":"https://russiaoilpowermap.com/data/custom_pins.json","source_capture_date":"2026-10-10T09:58:14Z","source_layer":"custom_pins","source_reference_id":"ref_a111f5ccc122b825","source_name":"Russia Oil & Power Infrastructure Map","source_type":"map_layer","source_reliability":"B","license_or_terms":"unknown","name":"Railway Bridge","name_en":"","description":"","name_translated":"","description_translated":"","display_label":"Railway Bridge","asset_class":"transport","asset_type":"bridge","asset_subtype":"","domain":"transport","status":"","operator":"","product":"","country":"Russia","country_code":"","country_source":"","countries":["Russia"],"source_country":"Russia","country_match_method":"point_in_boundary","region":"","region_translated":"","subdivision":"","inn":"","is_sanctioned":"","is_mass_director":"","is_mass_founder":"","is_disqualified_persons":"","geometry_type":"Point","latitude":"53.30344800","longitude":"36.56761800","centroid_latitude":"53.30344800","centroid_longitude":"36.56761800","map_latitude":"53.30344800","map_longitude":"36.56761800","start_latitude":"53.303448","start_longitude":"36.567618","end_latitude":"53.303448","end_longitude":"36.567618","coordinate_count":"1","length_km":"","has_point_location":"true","location_quality":"exact","coordinate_precision":"exact","coordinate_source":"","entity_confidence":"high","freshness":"recent","cross_source_support":"1","review_status":"unreviewed","confidence":"A","confidence_grade":"A","confidence_score":"1.00","selectable":"true","map_layer":"transport_other","map_color":"#2a93d5","map_icon":"bridge","risk_flags":"","subcategory":"bridge","transport_functions":"","un_locode":"","locode_country":"","locode_location":"","iata":"","remarks":"","source_date":"","detected_language":"en_or_unknown","translation_source":"","derived_subcategory":"transport_bridge","derived_subcategory_label":"Bridge","derived_subcategory_confidence":"1.0","derived_subcategory_reason":"asset type","possible_duplicate_group":"","search_text":"Railway Bridge Railway Bridge transport bridge transport Russia Oil & Power Infrastructure Map custom_pins Bridge","references_json":"[{\"reference_id\":\"ref_a111f5ccc122b825\",\"source_id\":\"russia_oil_power_map\",\"source_name\":\"Russia Oil & Power Infrastructure Map\",\"source_type\":\"map_layer\",\"url\":\"https://russiaoilpowermap.com/data/custom_pins.json\",\"archive_url\":\"\",\"retrieved_at\":\"2026-10-10T09:58:14Z\",\"source_record_id\":\"pin_68e1568604c093.85620223\",\"source_file\":\"data/russia_oil_power_infrastructure.csv\",\"source_line_or_record_id\":\"113669\",\"extractor_version\":\"unknown\",\"license_or_terms\":\"unknown\",\"confidence_contribution\":\"0.82\"}]","first_seen_build":"2026-10-10T09:58:14Z","last_seen_build":"2026-10-10T09:58:14Z","change_status":"new","change_types":["new"],"changed_since_previous_build":"false","new_in_latest_build":"true","removed_from_latest_build":"false","source_archive_date":"2026-10-10T09:58:14Z","generation_type":"","primary_fuel":"","secondary_fuels":"","plant_role":"","technology":"","installed_capacity_mw":"","operational_status":"","classification_confidence":"","classification_confidence_score":"","classification_method":"","classification_sources":"","classification_notes":"","alternate_names":"","name_ru":"","match_score":"","match_method":"","matched_source_record_ids":"","is_nuclear":"","nuclear_status":"","reactor_count":"","operating_reactor_count":"","reactor_types":"","nuclear_reference_ids":"","radiological_risk":"","substation_type":"","voltage_kv":"","voltage_levels_kv":"","connected_generation_type":"","ecological_risk_category":"","political_significance":"","risk_assessment_status":"","references":[{"reference_id":"ref_a111f5ccc122b825","source_id":"russia_oil_power_map","source_name":"Russia Oil & Power Infrastructure Map","source_type":"map_layer","url":"https://russiaoilpowermap.com/data/custom_pins.json","archive_url":"","retrieved_at":"2026-10-10T09:58:14Z","source_record_id":"pin_68e1568604c093.85620223","source_file":"data/russia_oil_power_infrastructure.csv","source_line_or_record_id":"113669","extractor_version":"unknown","license_or_terms":"unknown","confidence_contribution":"0.82"}]}},{"type":"Feature","id":"infra_8b50cc295c8cf598","geometry":{"type":"Point","coordinates":[37.301674,53.704989]},"properties":{"uid":"infra_8b50cc295c8cf598","object_id":"infra_8b50cc295c8cf598","source":"russia_oil_power_map","source_dataset":"Russia Oil & Power Infrastructure Map","source_id":"russia_oil_power_map","source_record_id":"pin_68e156a188e8b4.25568577","source_url":"https://russiaoilpowermap.com/data/custom_pins.json","source_capture_date":"2026-10-10T09:58:14Z","source_layer":"custom_pins","source_reference_id":"ref_20161c31b021250d","source_name":"Russia Oil & Power Infrastructure Map","source_type":"map_layer","source_reliability":"B","license_or_terms":"unknown","name":"Railway Bridge","name_en":"","description":"","name_translated":"","description_translated":"","display_label":"Railway Bridge","asset_class":"transport","asset_type":"bridge","asset_subtype":"","domain":"transport","status":"","operator":"","product":"","country":"Russia","country_code":"","country_source":"","countries":["Russia"],"source_country":"Russia","country_match_method":"point_in_boundary","region":"","region_translated":"","subdivision":"","inn":"","is_sanctioned":"","is_mass_director":"","is_mass_founder":"","is_disqualified_persons":"","geometry_type":"Point","latitude":"53.70498900","longitude":"37.30167400","centroid_latitude":"53.70498900","centroid_longitude":"37.30167400","map_latitude":"53.70498900","map_longitude":"37.30167400","start_latitude":"53.704989","start_longitude":"37.301674","end_latitude":"53.704989","end_longitude":"37.301674","coordinate_count":"1","length_km":"","has_point_location":"true","location_quality":"exact","coordinate_precision":"exact","coordinate_source":"","entity_confidence":"high","freshness":"recent","cross_source_support":"1","review_status":"unreviewed","confidence":"A","confidence_grade":"A","confidence_score":"1.00","selectable":"true","map_layer":"transport_other","map_color":"#2a93d5","map_icon":"bridge","risk_flags":"","subcategory":"bridge","transport_functions":"","un_locode":"","locode_country":"","locode_location":"","iata":"","remarks":"","source_date":"","detected_language":"en_or_unknown","translation_source":"","derived_subcategory":"transport_bridge","derived_subcategory_label":"Bridge","derived_subcategory_confidence":"1.0","derived_subcategory_reason":"asset type","possible_duplicate_group":"","search_text":"Railway Bridge Railway Bridge transport bridge transport Russia Oil & Power Infrastructure Map custom_pins Bridge","references_json":"[{\"reference_id\":\"ref_20161c31b021250d\",\"source_id\":\"russia_oil_power_map\",\"source_name\":\"Russia Oil & Power Infrastructure Map\",\"source_type\":\"map_layer\",\"url\":\"https://russiaoilpowermap.com/data/custom_pins.json\",\"archive_url\":\"\",\"retrieved_at\":\"2026-10-10T09:58:14Z\",\"source_record_id\":\"pin_68e156a188e8b4.25568577\",\"source_file\":\"data/russia_oil_power_infrastructure.csv\",\"source_line_or_record_id\":\"113670\",\"extractor_version\":\"unknown\",\"license_or_terms\":\"unknown\",\"confidence_contribution\":\"0.82\"}]","first_seen_build":"2026-10-10T09:58:14Z","last_seen_build":"2026-10-10T09:58:14Z","change_status":"new","change_types":["new"],"changed_since_previous_build":"false","new_in_latest_build":"true","removed_from_latest_build":"false","source_archive_date":"2026-10-10T09:58:14Z","generation_type":"","primary_fuel":"","secondary_fuels":"","plant_role":"","technology":"","installed_capacity_mw":"","operational_status":"","classification_confidence":"","classification_confidence_score":"","classification_method":"","classification_sources":"","classification_notes":"","alternate_names":"","name_ru":"","match_score":"","match_method":"","matched_source_record_ids":"","is_nuclear":"","nuclear_status":"","reactor_count":"","operating_reactor_count":"","reactor_types":"","nuclear_reference_ids":"","radiological_risk":"","substation_type":"","voltage_kv":"","voltage_levels_kv":"","connected_generation_type":"","ecological_risk_category":"","political_significance":"","risk_assessment_status":"","references":[{"reference_id":"ref_20161c31b021250d","source_id":"russia_oil_power_map","source_name":"Russia Oil & Power Infrastructure Map","source_type":"map_layer","url":"https://russiaoilpowermap.com/data/custom_pins.json","archive_url":"","retrieved_at":"2026-10-10T09:58:14Z","source_record_id":"pin_68e156a188e8b4.25568577","source_file":"data/russia_oil_power_infrastructure.csv","source_line_or_record_id":"113670","extractor_version":"unknown","license_or_terms":"unknown","confidence_contribution":"0.82"}]}},{"type":"Feature","id":"infra_a148f795d4da8c6a","geometry":{"type":"Point","coordinates":[34.499044,52.810933]},"properties":{"uid":"infra_a148f795d4da8c6a","object_id":"infra_a148f795d4da8c6a","source":"russia_oil_power_map","source_dataset":"Russia Oil & Power Infrastructure Map","source_id":"russia_oil_power_map","source_record_id":"pin_68e156cc77b7e3.40222948","source_url":"https://russiaoilpowermap.com/data/custom_pins.json","source_capture_date":"2026-10-10T09:58:14Z","source_layer":"custom_pins","source_reference_id":"ref_1909b4d86818d60a","source_name":"Russia Oil & Power Infrastructure Map","source_type":"map_layer","source_reliability":"B","license_or_terms":"unknown","name":"Railway Bridge","name_en":"","description":"","name_translated":"","description_translated":"","display_label":"Railway Bridge","asset_class":"transport","asset_type":"bridge","asset_subtype":"","domain":"transport","status":"","operator":"","product":"","country":"Russia","country_code":"","country_source":"","countries":["Russia"],"source_country":"Russia","country_match_method":"point_in_boundary","region":"","region_translated":"","subdivision":"","inn":"","is_sanctioned":"","is_mass_director":"","is_mass_founder":"","is_disqualified_persons":"","geometry_type":"Point","latitude":"52.81093300","longitude":"34.49904400","centroid_latitude":"52.81093300","centroid_longitude":"34.49904400","map_latitude":"52.81093300","map_longitude":"34.49904400","start_latitude":"52.810933","start_longitude":"34.499044","end_latitude":"52.810933","end_longitude":"34.499044","coordinate_count":"1","length_km":"","has_point_location":"true","location_quality":"exact","coordinate_precision":"exact","coordinate_source":"","entity_confidence":"high","freshness":"recent","cross_source_support":"1","review_status":"unreviewed","confidence":"A","confidence_grade":"A","confidence_score":"1.00","selectable":"true","map_layer":"transport_other","map_color":"#2a93d5","map_icon":"bridge","risk_flags":"","subcategory":"bridge","transport_functions":"","un_locode":"","locode_country":"","locode_location":"","iata":"","remarks":"","source_date":"","detected_language":"en_or_unknown","translation_source":"","derived_subcategory":"transport_bridge","derived_subcategory_label":"Bridge","derived_subcategory_confidence":"1.0","derived_subcategory_reason":"asset type","possible_duplicate_group":"","search_text":"Railway Bridge Railway Bridge transport bridge transport Russia Oil & Power Infrastructure Map custom_pins Bridge","references_json":"[{\"reference_id\":\"ref_1909b4d86818d60a\",\"source_id\":\"russia_oil_power_map\",\"source_name\":\"Russia Oil & Power Infrastructure Map\",\"source_type\":\"map_layer\",\"url\":\"https://russiaoilpowermap.com/data/custom_pins.json\",\"archive_url\":\"\",\"retrieved_at\":\"2026-10-10T09:58:14Z\",\"source_record_id\":\"pin_68e156cc77b7e3.40222948\",\"source_file\":\"data/russia_oil_power_infrastructure.csv\",\"source_line_or_record_id\":\"113671\",\"extractor_version\":\"unknown\",\"license_or_terms\":\"unknown\",\"confidence_contribution\":\"0.82\"}]","first_seen_build":"2026-10-10T09:58:14Z","last_seen_build":"2026-10-10T09:58:14Z","change_status":"new","change_types":["new"],"changed_since_previous_build":"false","new_in_latest_build":"true","removed_from_latest_build":"false","source_archive_date":"2026-10-10T09:58:14Z","generation_type":"","primary_fuel":"","secondary_fuels":"","plant_role":"","technology":"","installed_capacity_mw":"","operational_status":"","classification_confidence":"","classification_confidence_score":"","classification_method":"","classification_sources":"","classification_notes":"","alternate_names":"","name_ru":"","match_score":"","match_method":"","matched_source_record_ids":"","is_nuclear":"","nuclear_status":"","reactor_count":"","operating_reactor_count":"","reactor_types":"","nuclear_reference_ids":"","radiological_risk":"","substation_type":"","voltage_kv":"","voltage_levels_kv":"","connected_generation_type":"","ecological_risk_category":"","political_significance":"","risk_assessment_status":"","references":[{"reference_id":"ref_1909b4d86818d60a","source_id":"russia_oil_power_map","source_name":"Russia Oil & Power Infrastructure Map","source_type":"map_layer","url":"https://russiaoilpowermap.com/data/custom_pins.json","archive_url":"","retrieved_at":"2026-10-10T09:58:14Z","source_record_id":"pin_68e156cc77b7e3.40222948","source_file":"data/russia_oil_power_infrastructure.csv","source_line_or_record_id":"113671","extractor_version":"unknown","license_or_terms":"unknown","confidence_contribution":"0.82"}]}},{"type":"Feature","id":"infra_e4a3c1502d5e47e6","geometry":{"type":"Point","coordinates":[34.90571,53.762158]},"properties":{"uid":"infra_e4a3c1502d5e47e6","object_id":"infra_e4a3c1502d5e47e6","source":"russia_oil_power_map","source_dataset":"Russia Oil & Power Infrastructure Map","source_id":"russia_oil_power_map","source_record_id":"pin_68e156e951f911.94629351","source_url":"https://russiaoilpowermap.com/data/custom_pins.json","source_capture_date":"2026-10-10T09:58:14Z","source_layer":"custom_pins","source_reference_id":"ref_af9515473b279f1a","source_name":"Russia Oil & Power Infrastructure Map","source_type":"map_layer","source_reliability":"B","license_or_terms":"unknown","name":"Railway Bridge","name_en":"","description":"","name_translated":"","description_translated":"","display_label":"Railway Bridge","asset_class":"transport","asset_type":"bridge","asset_subtype":"","domain":"transport","status":"","operator":"","product":"","country":"Russia","country_code":"","country_source":"","countries":["Russia"],"source_country":"Russia","country_match_method":"point_in_boundary","region":"","region_translated":"","subdivision":"","inn":"","is_sanctioned":"","is_mass_director":"","is_mass_founder":"","is_disqualified_persons":"","geometry_type":"Point","latitude":"53.76215800","longitude":"34.90571000","centroid_latitude":"53.76215800","centroid_longitude":"34.90571000","map_latitude":"53.76215800","map_longitude":"34.90571000","start_latitude":"53.762158","start_longitude":"34.90571","end_latitude":"53.762158","end_longitude":"34.90571","coordinate_count":"1","length_km":"","has_point_location":"true","location_quality":"exact","coordinate_precision":"exact","coordinate_source":"","entity_confidence":"high","freshness":"recent","cross_source_support":"1","review_status":"unreviewed","confidence":"A","confidence_grade":"A","confidence_score":"1.00","selectable":"true","map_layer":"transport_other","map_color":"#2a93d5","map_icon":"bridge","risk_flags":"","subcategory":"bridge","transport_functions":"","un_locode":"","locode_country":"","locode_location":"","iata":"","remarks":"","source_date":"","detected_language":"en_or_unknown","translation_source":"","derived_subcategory":"transport_bridge","derived_subcategory_label":"Bridge","derived_subcategory_confidence":"1.0","derived_subcategory_reason":"asset type","possible_duplicate_group":"","search_text":"Railway Bridge Railway Bridge transport bridge transport Russia Oil & Power Infrastructure Map custom_pins Bridge","references_json":"[{\"reference_id\":\"ref_af9515473b279f1a\",\"source_id\":\"russia_oil_power_map\",\"source_name\":\"Russia Oil & Power Infrastructure Map\",\"source_type\":\"map_layer\",\"url\":\"https://russiaoilpowermap.com/data/custom_pins.json\",\"archive_url\":\"\",\"retrieved_at\":\"2026-10-10T09:58:14Z\",\"source_record_id\":\"pin_68e156e951f911.94629351\",\"source_file\":\"data/russia_oil_power_infrastructure.csv\",\"source_line_or_record_id\":\"113672\",\"extractor_version\":\"unknown\",\"license_or_terms\":\"unknown\",\"confidence_contribution\":\"0.82\"}]","first_seen_build":"2026-10-10T09:58:14Z","last_seen_build":"2026-10-10T09:58:14Z","change_status":"new","change_types":["new"],"changed_since_previous_build":"false","new_in_latest_build":"true","removed_from_latest_build":"false","source_archive_date":"2026-10-10T09:58:14Z","generation_type":"","primary_fuel":"","secondary_fuels":"","plant_role":"","technology":"","installed_capacity_mw":"","operational_status":"","classification_confidence":"","classification_confidence_score":"","classification_method":"","classification_sources":"","classification_notes":"","alternate_names":"","name_ru":"","match_score":"","match_method":"","matched_source_record_ids":"","is_nuclear":"","nuclear_status":"","reactor_count":"","operating_reactor_count":"","reactor_types":"","nuclear_reference_ids":"","radiological_risk":"","substation_type":"","voltage_kv":"","voltage_levels_kv":"","connected_generation_type":"","ecological_risk_category":"","political_significance":"","risk_assessment_status":"","references":[{"reference_id":"ref_af9515473b279f1a","source_id":"russia_oil_power_map","source_name":"Russia Oil & Power Infrastructure Map","source_type":"map_layer","url":"https://russiaoilpowermap.com/data/custom_pins.json","archive_url":"","retrieved_at":"2026-10-10T09:58:14Z","source_record_id":"pin_68e156e951f911.94629351","source_file":"data/russia_oil_power_infrastructure.csv","source_line_or_record_id":"113672","extractor_version":"unknown","license_or_terms":"unknown","confidence_contribution":"0.82"}]}},{"type":"Feature","id":"infra_cb37d43bde719777","geometry":{"type":"Point","coordinates":[35.089898,53.876081]},"properties":{"uid":"infra_cb37d43bde719777","object_id":"infra_cb37d43bde719777","source":"russia_oil_power_map","source_dataset":"Russia Oil & Power Infrastructure Map","source_id":"russia_oil_power_map","source_record_id":"pin_68e156fa71ade4.04013330","source_url":"https://russiaoilpowermap.com/data/custom_pins.json","source_capture_date":"2026-10-10T09:58:14Z","source_layer":"custom_pins","source_reference_id":"ref_4e432c4995b221c5","source_name":"Russia Oil & Power Infrastructure Map","source_type":"map_layer","source_reliability":"B","license_or_terms":"unknown","name":"Railway Bridge","name_en":"","description":"","name_translated":"","description_translated":"","display_label":"Railway Bridge","asset_class":"transport","asset_type":"bridge","asset_subtype":"","domain":"transport","status":"","operator":"","product":"","country":"Russia","country_code":"","country_source":"","countries":["Russia"],"source_country":"Russia","country_match_method":"point_in_boundary","region":"","region_translated":"","subdivision":"","inn":"","is_sanctioned":"","is_mass_director":"","is_mass_founder":"","is_disqualified_persons":"","geometry_type":"Point","latitude":"53.87608100","longitude":"35.08989800","centroid_latitude":"53.87608100","centroid_longitude":"35.08989800","map_latitude":"53.87608100","map_longitude":"35.08989800","start_latitude":"53.876081","start_longitude":"35.089898","end_latitude":"53.876081","end_longitude":"35.089898","coordinate_count":"1","length_km":"","has_point_location":"true","location_quality":"exact","coordinate_precision":"exact","coordinate_source":"","entity_confidence":"high","freshness":"recent","cross_source_support":"1","review_status":"unreviewed","confidence":"A","confidence_grade":"A","confidence_score":"1.00","selectable":"true","map_layer":"transport_other","map_color":"#2a93d5","map_icon":"bridge","risk_flags":"","subcategory":"bridge","transport_functions":"","un_locode":"","locode_country":"","locode_location":"","iata":"","remarks":"","source_date":"","detected_language":"en_or_unknown","translation_source":"","derived_subcategory":"transport_bridge","derived_subcategory_label":"Bridge","derived_subcategory_confidence":"1.0","derived_subcategory_reason":"asset type","possible_duplicate_group":"","search_text":"Railway Bridge Railway Bridge transport bridge transport Russia Oil & Power Infrastructure Map custom_pins Bridge","references_json":"[{\"reference_id\":\"ref_4e432c4995b221c5\",\"source_id\":\"russia_oil_power_map\",\"source_name\":\"Russia Oil & Power Infrastructure Map\",\"source_type\":\"map_layer\",\"url\":\"https://russiaoilpowermap.com/data/custom_pins.json\",\"archive_url\":\"\",\"retrieved_at\":\"2026-10-10T09:58:14Z\",\"source_record_id\":\"pin_68e156fa71ade4.04013330\",\"source_file\":\"data/russia_oil_power_infrastructure.csv\",\"source_line_or_record_id\":\"113673\",\"extractor_version\":\"unknown\",\"license_or_terms\":\"unknown\",\"confidence_contribution\":\"0.82\"}]","first_seen_build":"2026-10-10T09:58:14Z","last_seen_build":"2026-10-10T09:58:14Z","change_status":"new","change_types":["new"],"changed_since_previous_build":"false","new_in_latest_build":"true","removed_from_latest_build":"false","source_archive_date":"2026-10-10T09:58:14Z","generation_type":"","primary_fuel":"","secondary_fuels":"","plant_role":"","technology":"","installed_capacity_mw":"","operational_status":"","classification_confidence":"","classification_confidence_score":"","classification_method":"","classification_sources":"","classification_notes":"","alternate_names":"","name_ru":"","match_score":"","match_method":"","matched_source_record_ids":"","is_nuclear":"","nuclear_status":"","reactor_count":"","operating_reactor_count":"","reactor_types":"","nuclear_reference_ids":"","radiological_risk":"","substation_type":"","voltage_kv":"","voltage_levels_kv":"","connected_generation_type":"","ecological_risk_category":"","political_significance":"","risk_assessment_status":"","references":[{"reference_id":"ref_4e432c4995b221c5","source_id":"russia_oil_power_map","source_name":"Russia Oil & Power Infrastructure Map","source_type":"map_layer","url":"https://russiaoilpowermap.com/data/custom_pins.json","archive_url":"","retrieved_at":"2026-10-10T09:58:14Z","source_record_id":"pin_68e156fa71ade4.04013330","source_file":"data/russia_oil_power_infrastructure.csv","source_line_or_record_id":"113673","extractor_version":"unknown","license_or_terms":"unknown","confidence_contribution":"0.82"}]}},{"type":"Feature","id":"infra_2f467d6cd8b0b49c","geometry":{"type":"Point","coordinates":[35.322821,54.098381]},"properties":{"uid":"infra_2f467d6cd8b0b49c","object_id":"infra_2f467d6cd8b0b49c","source":"russia_oil_power_map","source_dataset":"Russia Oil & Power Infrastructure Map","source_id":"russia_oil_power_map","source_record_id":"pin_68e15710c39906.47745340","source_url":"https://russiaoilpowermap.com/data/custom_pins.json","source_capture_date":"2026-10-10T09:58:14Z","source_layer":"custom_pins","source_reference_id":"ref_56d7f5c51d7af9f9","source_name":"Russia Oil & Power Infrastructure Map","source_type":"map_layer","source_reliability":"B","license_or_terms":"unknown","name":"Railway Bridge","name_en":"","description":"","name_translated":"","description_translated":"","display_label":"Railway Bridge","asset_class":"transport","asset_type":"bridge","asset_subtype":"","domain":"transport","status":"","operator":"","product":"","country":"Russia","country_code":"","country_source":"","countries":["Russia"],"source_country":"Russia","country_match_method":"point_in_boundary","region":"","region_translated":"","subdivision":"","inn":"","is_sanctioned":"","is_mass_director":"","is_mass_founder":"","is_disqualified_persons":"","geometry_type":"Point","latitude":"54.09838100","longitude":"35.32282100","centroid_latitude":"54.09838100","centroid_longitude":"35.32282100","map_latitude":"54.09838100","map_longitude":"35.32282100","start_latitude":"54.098381","start_longitude":"35.322821","end_latitude":"54.098381","end_longitude":"35.322821","coordinate_count":"1","length_km":"","has_point_location":"true","location_quality":"exact","coordinate_precision":"exact","coordinate_source":"","entity_confidence":"high","freshness":"recent","cross_source_support":"1","review_status":"unreviewed","confidence":"A","confidence_grade":"A","confidence_score":"1.00","selectable":"true","map_layer":"transport_other","map_color":"#2a93d5","map_icon":"bridge","risk_flags":"","subcategory":"bridge","transport_functions":"","un_locode":"","locode_country":"","locode_location":"","iata":"","remarks":"","source_date":"","detected_language":"en_or_unknown","translation_source":"","derived_subcategory":"transport_bridge","derived_subcategory_label":"Bridge","derived_subcategory_confidence":"1.0","derived_subcategory_reason":"asset type","possible_duplicate_group":"","search_text":"Railway Bridge Railway Bridge transport bridge transport Russia Oil & Power Infrastructure Map custom_pins Bridge","references_json":"[{\"reference_id\":\"ref_56d7f5c51d7af9f9\",\"source_id\":\"russia_oil_power_map\",\"source_name\":\"Russia Oil & Power Infrastructure Map\",\"source_type\":\"map_layer\",\"url\":\"https://russiaoilpowermap.com/data/custom_pins.json\",\"archive_url\":\"\",\"retrieved_at\":\"2026-10-10T09:58:14Z\",\"source_record_id\":\"pin_68e15710c39906.47745340\",\"source_file\":\"data/russia_oil_power_infrastructure.csv\",\"source_line_or_record_id\":\"113674\",\"extractor_version\":\"unknown\",\"license_or_terms\":\"unknown\",\"confidence_contribution\":\"0.82\"}]","first_seen_build":"2026-10-10T09:58:14Z","last_seen_build":"2026-10-10T09:58:14Z","change_status":"new","change_types":["new"],"changed_since_previous_build":"false","new_in_latest_build":"true","removed_from_latest_build":"false","source_archive_date":"2026-10-10T09:58:14Z","generation_type":"","primary_fuel":"","secondary_fuels":"","plant_role":"","technology":"","installed_capacity_mw":"","operational_status":"","classification_confidence":"","classification_confidence_score":"","classification_method":"","classification_sources":"","classification_notes":"","alternate_names":"","name_ru":"","match_score":"","match_method":"","matched_source_record_ids":"","is_nuclear":"","nuclear_status":"","reactor_count":"","operating_reactor_count":"","reactor_types":"","nuclear_reference_ids":"","radiological_risk":"","substation_type":"","voltage_kv":"","voltage_levels_kv":"","connected_generation_type":"","ecological_risk_category":"","political_significance":"","risk_assessment_status":"","references":[{"reference_id":"ref_56d7f5c51d7af9f9","source_id":"russia_oil_power_map","source_name":"Russia Oil & Power Infrastructure Map","source_type":"map_layer","url":"https://russiaoilpowermap.com/data/custom_pins.json","archive_url":"","retrieved_at":"2026-10-10T09:58:14Z","source_record_id":"pin_68e15710c39906.47745340","source_file":"data/russia_oil_power_infrastructure.csv","source_line_or_record_id":"113674","extractor_version":"unknown","license_or_terms":"unknown","confidence_contribution":"0.82"}]}},{"type":"Feature","id":"infra_f91e8dc44eae06a6","geometry":{"type":"Point","coordinates":[40.07761,51.119364]},"properties":{"uid":"infra_f91e8dc44eae06a6","object_id":"infra_f91e8dc44eae06a6","source":"russia_oil_power_map","source_dataset":"Russia Oil & Power Infrastructure Map","source_id":"russia_oil_power_map","source_record_id":"pin_68e15752c5f774.28274968","source_url":"https://russiaoilpowermap.com/data/custom_pins.json","source_capture_date":"2026-10-10T09:58:14Z","source_layer":"custom_pins","source_reference_id":"ref_25da1f50f5cf5238","source_name":"Russia Oil & Power Infrastructure Map","source_type":"map_layer","source_reliability":"B","license_or_terms":"unknown","name":"Railway Bridge","name_en":"","description":"","name_translated":"","description_translated":"","display_label":"Railway Bridge","asset_class":"transport","asset_type":"bridge","asset_subtype":"","domain":"transport","status":"","operator":"","product":"","country":"Russia","country_code":"","country_source":"","countries":["Russia"],"source_country":"Russia","country_match_method":"point_in_boundary","region":"","region_translated":"","subdivision":"","inn":"","is_sanctioned":"","is_mass_director":"","is_mass_founder":"","is_disqualified_persons":"","geometry_type":"Point","latitude":"51.11936400","longitude":"40.07761000","centroid_latitude":"51.11936400","centroid_longitude":"40.07761000","map_latitude":"51.11936400","map_longitude":"40.07761000","start_latitude":"51.119364","start_longitude":"40.07761","end_latitude":"51.119364","end_longitude":"40.07761","coordinate_count":"1","length_km":"","has_point_location":"true","location_quality":"exact","coordinate_precision":"exact","coordinate_source":"","entity_confidence":"high","freshness":"recent","cross_source_support":"1","review_status":"unreviewed","confidence":"A","confidence_grade":"A","confidence_score":"1.00","selectable":"true","map_layer":"transport_other","map_color":"#2a93d5","map_icon":"bridge","risk_flags":"","subcategory":"bridge","transport_functions":"","un_locode":"","locode_country":"","locode_location":"","iata":"","remarks":"","source_date":"","detected_language":"en_or_unknown","translation_source":"","derived_subcategory":"transport_bridge","derived_subcategory_label":"Bridge","derived_subcategory_confidence":"1.0","derived_subcategory_reason":"asset type","possible_duplicate_group":"","search_text":"Railway Bridge Railway Bridge transport bridge transport Russia Oil & Power Infrastructure Map custom_pins Bridge","references_json":"[{\"reference_id\":\"ref_25da1f50f5cf5238\",\"source_id\":\"russia_oil_power_map\",\"source_name\":\"Russia Oil & Power Infrastructure Map\",\"source_type\":\"map_layer\",\"url\":\"https://russiaoilpowermap.com/data/custom_pins.json\",\"archive_url\":\"\",\"retrieved_at\":\"2026-10-10T09:58:14Z\",\"source_record_id\":\"pin_68e15752c5f774.28274968\",\"source_file\":\"data/russia_oil_power_infrastructure.csv\",\"source_line_or_record_id\":\"113675\",\"extractor_version\":\"unknown\",\"license_or_terms\":\"unknown\",\"confidence_contribution\":\"0.82\"}]","first_seen_build":"2026-10-10T09:58:14Z","last_seen_build":"2026-10-10T09:58:14Z","change_status":"new","change_types":["new"],"changed_since_previous_build":"false","new_in_latest_build":"true","removed_from_latest_build":"false","source_archive_date":"2026-10-10T09:58:14Z","generation_type":"","primary_fuel":"","secondary_fuels":"","plant_role":"","technology":"","installed_capacity_mw":"","operational_status":"","classification_confidence":"","classification_confidence_score":"","classification_method":"","classification_sources":"","classification_notes":"","alternate_names":"","name_ru":"","match_score":"","match_method":"","matched_source_record_ids":"","is_nuclear":"","nuclear_status":"","reactor_count":"","operating_reactor_count":"","reactor_types":"","nuclear_reference_ids":"","radiological_risk":"","substation_type":"","voltage_kv":"","voltage_levels_kv":"","connected_generation_type":"","ecological_risk_category":"","political_significance":"","risk_assessment_status":"","references":[{"reference_id":"ref_25da1f50f5cf5238","source_id":"russia_oil_power_map","source_name":"Russia Oil & Power Infrastructure Map","source_type":"map_layer","url":"https://russiaoilpowermap.com/data/custom_pins.json","archive_url":"","retrieved_at":"2026-10-10T09:58:14Z","source_record_id":"pin_68e15752c5f774.28274968","source_file":"data/russia_oil_power_infrastructure.csv","source_line_or_record_id":"113675","extractor_version":"unknown","license_or_terms":"unknown","confidence_contribution":"0.82"}]}},{"type":"Feature","id":"infra_581f0df218f39337","geometry":{"type":"Point","coordinates":[41.666594,51.061195]},"properties":{"uid":"infra_581f0df218f39337","object_id":"infra_581f0df218f39337","source":"russia_oil_power_map","source_dataset":"Russia Oil & Power Infrastructure Map","source_id":"russia_oil_power_map","source_record_id":"pin_68e15760aa5781.52278092","source_url":"https://russiaoilpowermap.com/data/custom_pins.json","source_capture_date":"2026-10-10T09:58:14Z","source_layer":"custom_pins","source_reference_id":"ref_20685a8f526a347e","source_name":"Russia Oil & Power Infrastructure Map","source_type":"map_layer","source_reliability":"B","license_or_terms":"unknown","name":"Railway Bridge","name_en":"","description":"","name_translated":"","description_translated":"","display_label":"Railway Bridge","asset_class":"transport","asset_type":"bridge","asset_subtype":"","domain":"transport","status":"","operator":"","product":"","country":"Russia","country_code":"","country_source":"","countries":["Russia"],"source_country":"Russia","country_match_method":"point_in_boundary","region":"","region_translated":"","subdivision":"","inn":"","is_sanctioned":"","is_mass_director":"","is_mass_founder":"","is_disqualified_persons":"","geometry_type":"Point","latitude":"51.06119500","longitude":"41.66659400","centroid_latitude":"51.06119500","centroid_longitude":"41.66659400","map_latitude":"51.06119500","map_longitude":"41.66659400","start_latitude":"51.061195","start_longitude":"41.666594","end_latitude":"51.061195","end_longitude":"41.666594","coordinate_count":"1","length_km":"","has_point_location":"true","location_quality":"exact","coordinate_precision":"exact","coordinate_source":"","entity_confidence":"high","freshness":"recent","cross_source_support":"1","review_status":"unreviewed","confidence":"A","confidence_grade":"A","confidence_score":"1.00","selectable":"true","map_layer":"transport_other","map_color":"#2a93d5","map_icon":"bridge","risk_flags":"","subcategory":"bridge","transport_functions":"","un_locode":"","locode_country":"","locode_location":"","iata":"","remarks":"","source_date":"","detected_language":"en_or_unknown","translation_source":"","derived_subcategory":"transport_bridge","derived_subcategory_label":"Bridge","derived_subcategory_confidence":"1.0","derived_subcategory_reason":"asset type","possible_duplicate_group":"","search_text":"Railway Bridge Railway Bridge transport bridge transport Russia Oil & Power Infrastructure Map custom_pins Bridge","references_json":"[{\"reference_id\":\"ref_20685a8f526a347e\",\"source_id\":\"russia_oil_power_map\",\"source_name\":\"Russia Oil & Power Infrastructure Map\",\"source_type\":\"map_layer\",\"url\":\"https://russiaoilpowermap.com/data/custom_pins.json\",\"archive_url\":\"\",\"retrieved_at\":\"2026-10-10T09:58:14Z\",\"source_record_id\":\"pin_68e15760aa5781.52278092\",\"source_file\":\"data/russia_oil_power_infrastructure.csv\",\"source_line_or_record_id\":\"113676\",\"extractor_version\":\"unknown\",\"license_or_terms\":\"unknown\",\"confidence_contribution\":\"0.82\"}]","first_seen_build":"2026-10-10T09:58:14Z","last_seen_build":"2026-10-10T09:58:14Z","change_status":"new","change_types":["new"],"changed_since_previous_build":"false","new_in_latest_build":"true","removed_from_latest_build":"false","source_archive_date":"2026-10-10T09:58:14Z","generation_type":"","primary_fuel":"","secondary_fuels":"","plant_role":"","technology":"","installed_capacity_mw":"","operational_status":"","classification_confidence":"","classification_confidence_score":"","classification_method":"","classification_sources":"","classification_notes":"","alternate_names":"","name_ru":"","match_score":"","match_method":"","matched_source_record_ids":"","is_nuclear":"","nuclear_status":"","reactor_count":"","operating_reactor_count":"","reactor_types":"","nuclear_reference_ids":"","radiological_risk":"","substation_type":"","voltage_kv":"","voltage_levels_kv":"","connected_generation_type":"","ecological_risk_category":"","political_significance":"","risk_assessment_status":"","references":[{"reference_id":"ref_20685a8f526a347e","source_id":"russia_oil_power_map","source_name":"Russia Oil & Power Infrastructure Map","source_type":"map_layer","url":"https://russiaoilpowermap.com/data/custom_pins.json","archive_url":"","retrieved_at":"2026-10-10T09:58:14Z","source_record_id":"pin_68e15760aa5781.52278092","source_file":"data/russia_oil_power_infrastructure.csv","source_line_or_record_id":"113676","extractor_version":"unknown","license_or_terms":"unknown","confidence_contribution":"0.82"}]}},{"type":"Feature","id":"infra_af295ded63bb87ec","geometry":{"type":"Point","coordinates":[42.239513,51.228361]},"properties":{"uid":"infra_af295ded63bb87ec","object_id":"infra_af295ded63bb87ec","source":"russia_oil_power_map","source_dataset":"Russia Oil & Power Infrastructure Map","source_id":"russia_oil_power_map","source_record_id":"pin_68e1576d4f2374.93969964","source_url":"https://russiaoilpowermap.com/data/custom_pins.json","source_capture_date":"2026-10-10T09:58:14Z","source_layer":"custom_pins","source_reference_id":"ref_ad33d4a8b486c711","source_name":"Russia Oil & Power Infrastructure Map","source_type":"map_layer","source_reliability":"B","license_or_terms":"unknown","name":"Railway Bridge","name_en":"","description":"","name_translated":"","description_translated":"","display_label":"Railway Bridge","asset_class":"transport","asset_type":"bridge","asset_subtype":"","domain":"transport","status":"","operator":"","product":"","country":"Russia","country_code":"","country_source":"","countries":["Russia"],"source_country":"Russia","country_match_method":"point_in_boundary","region":"","region_translated":"","subdivision":"","inn":"","is_sanctioned":"","is_mass_director":"","is_mass_founder":"","is_disqualified_persons":"","geometry_type":"Point","latitude":"51.22836100","longitude":"42.23951300","centroid_latitude":"51.22836100","centroid_longitude":"42.23951300","map_latitude":"51.22836100","map_longitude":"42.23951300","start_latitude":"51.228361","start_longitude":"42.239513","end_latitude":"51.228361","end_longitude":"42.239513","coordinate_count":"1","length_km":"","has_point_location":"true","location_quality":"exact","coordinate_precision":"exact","coordinate_source":"","entity_confidence":"high","freshness":"recent","cross_source_support":"1","review_status":"unreviewed","confidence":"A","confidence_grade":"A","confidence_score":"1.00","selectable":"true","map_layer":"transport_other","map_color":"#2a93d5","map_icon":"bridge","risk_flags":"","subcategory":"bridge","transport_functions":"","un_locode":"","locode_country":"","locode_location":"","iata":"","remarks":"","source_date":"","detected_language":"en_or_unknown","translation_source":"","derived_subcategory":"transport_bridge","derived_subcategory_label":"Bridge","derived_subcategory_confidence":"1.0","derived_subcategory_reason":"asset type","possible_duplicate_group":"","search_text":"Railway Bridge Railway Bridge transport bridge transport Russia Oil & Power Infrastructure Map custom_pins Bridge","references_json":"[{\"reference_id\":\"ref_ad33d4a8b486c711\",\"source_id\":\"russia_oil_power_map\",\"source_name\":\"Russia Oil & Power Infrastructure Map\",\"source_type\":\"map_layer\",\"url\":\"https://russiaoilpowermap.com/data/custom_pins.json\",\"archive_url\":\"\",\"retrieved_at\":\"2026-10-10T09:58:14Z\",\"source_record_id\":\"pin_68e1576d4f2374.93969964\",\"source_file\":\"data/russia_oil_power_infrastructure.csv\",\"source_line_or_record_id\":\"113677\",\"extractor_version\":\"unknown\",\"license_or_terms\":\"unknown\",\"confidence_contribution\":\"0.82\"}]","first_seen_build":"2026-10-10T09:58:14Z","last_seen_build":"2026-10-10T09:58:14Z","change_status":"new","change_types":["new"],"changed_since_previous_build":"false","new_in_latest_build":"true","removed_from_latest_build":"false","source_archive_date":"2026-10-10T09:58:14Z","generation_type":"","primary_fuel":"","secondary_fuels":"","plant_role":"","technology":"","installed_capacity_mw":"","operational_status":"","classification_confidence":"","classification_confidence_score":"","classification_method":"","classification_sources":"","classification_notes":"","alternate_names":"","name_ru":"","match_score":"","match_method":"","matched_source_record_ids":"","is_nuclear":"","nuclear_status":"","reactor_count":"","operating_reactor_count":"","reactor_types":"","nuclear_reference_ids":"","radiological_risk":"","substation_type":"","voltage_kv":"","voltage_levels_kv":"","connected_generation_type":"","ecological_risk_category":"","political_significance":"","risk_assessment_status":"","references":[{"reference_id":"ref_ad33d4a8b486c711","source_id":"russia_oil_power_map","source_name":"Russia Oil & Power Infrastructure Map","source_type":"map_layer","url":"https://russiaoilpowermap.com/data/custom_pins.json","archive_url":"","retrieved_at":"2026-10-10T09:58:14Z","source_record_id":"pin_68e1576d4f2374.93969964","source_file":"data/russia_oil_power_infrastructure.csv","source_line_or_record_id":"113677","extractor_version":"unknown","license_or_terms":"unknown","confidence_contribution":"0.82"}]}},{"type":"Feature","id":"infra_669d957484647be1","geometry":{"type":"Point","coordinates":[41.481285,51.831747]},"properties":{"uid":"infra_669d957484647be1","object_id":"infra_669d957484647be1","source":"russia_oil_power_map","source_dataset":"Russia Oil & Power Infrastructure Map","source_id":"russia_oil_power_map","source_record_id":"pin_68e15777e66ee2.30957050","source_url":"https://russiaoilpowermap.com/data/custom_pins.json","source_capture_date":"2026-10-10T09:58:14Z","source_layer":"custom_pins","source_reference_id":"ref_f4ade5b4b2d2aaaa","source_name":"Russia Oil & Power Infrastructure Map","source_type":"map_layer","source_reliability":"B","license_or_terms":"unknown","name":"Railway Bridge","name_en":"","description":"","name_translated":"","description_translated":"","display_label":"Railway Bridge","asset_class":"transport","asset_type":"bridge","asset_subtype":"","domain":"transport","status":"","operator":"","product":"","country":"Russia","country_code":"","country_source":"","countries":["Russia"],"source_country":"Russia","country_match_method":"point_in_boundary","region":"","region_translated":"","subdivision":"","inn":"","is_sanctioned":"","is_mass_director":"","is_mass_founder":"","is_disqualified_persons":"","geometry_type":"Point","latitude":"51.83174700","longitude":"41.48128500","centroid_latitude":"51.83174700","centroid_longitude":"41.48128500","map_latitude":"51.83174700","map_longitude":"41.48128500","start_latitude":"51.831747","start_longitude":"41.481285","end_latitude":"51.831747","end_longitude":"41.481285","coordinate_count":"1","length_km":"","has_point_location":"true","location_quality":"exact","coordinate_precision":"exact","coordinate_source":"","entity_confidence":"high","freshness":"recent","cross_source_support":"1","review_status":"unreviewed","confidence":"A","confidence_grade":"A","confidence_score":"1.00","selectable":"true","map_layer":"transport_other","map_color":"#2a93d5","map_icon":"bridge","risk_flags":"","subcategory":"bridge","transport_functions":"","un_locode":"","locode_country":"","locode_location":"","iata":"","remarks":"","source_date":"","detected_language":"en_or_unknown","translation_source":"","derived_subcategory":"transport_bridge","derived_subcategory_label":"Bridge","derived_subcategory_confidence":"1.0","derived_subcategory_reason":"asset type","possible_duplicate_group":"","search_text":"Railway Bridge Railway Bridge transport bridge transport Russia Oil & Power Infrastructure Map custom_pins Bridge","references_json":"[{\"reference_id\":\"ref_f4ade5b4b2d2aaaa\",\"source_id\":\"russia_oil_power_map\",\"source_name\":\"Russia Oil & Power Infrastructure Map\",\"source_type\":\"map_layer\",\"url\":\"https://russiaoilpowermap.com/data/custom_pins.json\",\"archive_url\":\"\",\"retrieved_at\":\"2026-10-10T09:58:14Z\",\"source_record_id\":\"pin_68e15777e66ee2.30957050\",\"source_file\":\"data/russia_oil_power_infrastructure.csv\",\"source_line_or_record_id\":\"113678\",\"extractor_version\":\"unknown\",\"license_or_terms\":\"unknown\",\"confidence_contribution\":\"0.82\"}]","first_seen_build":"2026-10-10T09:58:14Z","last_seen_build":"2026-10-10T09:58:14Z","change_status":"new","change_types":["new"],"changed_since_previous_build":"false","new_in_latest_build":"true","removed_from_latest_build":"false","source_archive_date":"2026-10-10T09:58:14Z","generation_type":"","primary_fuel":"","secondary_fuels":"","plant_role":"","technology":"","installed_capacity_mw":"","operational_status":"","classification_confidence":"","classification_confidence_score":"","classification_method":"","classification_sources":"","classification_notes":"","alternate_names":"","name_ru":"","match_score":"","match_method":"","matched_source_record_ids":"","is_nuclear":"","nuclear_status":"","reactor_count":"","operating_reactor_count":"","reactor_types":"","nuclear_reference_ids":"","radiological_risk":"","substation_type":"","voltage_kv":"","voltage_levels_kv":"","connected_generation_type":"","ecological_risk_category":"","political_significance":"","risk_assessment_status":"","references":[{"reference_id":"ref_f4ade5b4b2d2aaaa","source_id":"russia_oil_power_map","source_name":"Russia Oil & Power Infrastructure Map","source_type":"map_layer","url":"https://russiaoilpowermap.com/data/custom_pins.json","archive_url":"","retrieved_at":"2026-10-10T09:58:14Z","source_record_id":"pin_68e15777e66ee2.30957050","source_file":"data/russia_oil_power_infrastructure.csv","source_line_or_record_id":"113678","extractor_version":"unknown","license_or_terms":"unknown","confidence_contribution":"0.82"}]}},{"type":"Feature","id":"infra_aa41efa3f61f6953","geometry":{"type":"Point","coordinates":[41.77002,51.596455]},"properties":{"uid":"infra_aa41efa3f61f6953","object_id":"infra_aa41efa3f61f6953","source":"russia_oil_power_map","source_dataset":"Russia Oil & Power Infrastructure Map","source_id":"russia_oil_power_map","source_record_id":"pin_68e157850358c2.81640019","source_url":"https://russiaoilpowermap.com/data/custom_pins.json","source_capture_date":"2026-10-10T09:58:14Z","source_layer":"custom_pins","source_reference_id":"ref_c832db86f747e4c6","source_name":"Russia Oil & Power Infrastructure Map","source_type":"map_layer","source_reliability":"B","license_or_terms":"unknown","name":"Railway Bridge","name_en":"","description":"","name_translated":"","description_translated":"","display_label":"Railway Bridge","asset_class":"transport","asset_type":"bridge","asset_subtype":"","domain":"transport","status":"","operator":"","product":"","country":"Russia","country_code":"","country_source":"","countries":["Russia"],"source_country":"Russia","country_match_method":"point_in_boundary","region":"","region_translated":"","subdivision":"","inn":"","is_sanctioned":"","is_mass_director":"","is_mass_founder":"","is_disqualified_persons":"","geometry_type":"Point","latitude":"51.59645500","longitude":"41.77002000","centroid_latitude":"51.59645500","centroid_longitude":"41.77002000","map_latitude":"51.59645500","map_longitude":"41.77002000","start_latitude":"51.596455","start_longitude":"41.77002","end_latitude":"51.596455","end_longitude":"41.77002","coordinate_count":"1","length_km":"","has_point_location":"true","location_quality":"exact","coordinate_precision":"exact","coordinate_source":"","entity_confidence":"high","freshness":"recent","cross_source_support":"1","review_status":"unreviewed","confidence":"A","confidence_grade":"A","confidence_score":"1.00","selectable":"true","map_layer":"transport_other","map_color":"#2a93d5","map_icon":"bridge","risk_flags":"","subcategory":"bridge","transport_functions":"","un_locode":"","locode_country":"","locode_location":"","iata":"","remarks":"","source_date":"","detected_language":"en_or_unknown","translation_source":"","derived_subcategory":"transport_bridge","derived_subcategory_label":"Bridge","derived_subcategory_confidence":"1.0","derived_subcategory_reason":"asset type","possible_duplicate_group":"","search_text":"Railway Bridge Railway Bridge transport bridge transport Russia Oil & Power Infrastructure Map custom_pins Bridge","references_json":"[{\"reference_id\":\"ref_c832db86f747e4c6\",\"source_id\":\"russia_oil_power_map\",\"source_name\":\"Russia Oil & Power Infrastructure Map\",\"source_type\":\"map_layer\",\"url\":\"https://russiaoilpowermap.com/data/custom_pins.json\",\"archive_url\":\"\",\"retrieved_at\":\"2026-10-10T09:58:14Z\",\"source_record_id\":\"pin_68e157850358c2.81640019\",\"source_file\":\"data/russia_oil_power_infrastructure.csv\",\"source_line_or_record_id\":\"113679\",\"extractor_version\":\"unknown\",\"license_or_terms\":\"unknown\",\"confidence_contribution\":\"0.82\"}]","first_seen_build":"2026-10-10T09:58:14Z","last_seen_build":"2026-10-10T09:58:14Z","change_status":"new","change_types":["new"],"changed_since_previous_build":"false","new_in_latest_build":"true","removed_from_latest_build":"false","source_archive_date":"2026-10-10T09:58:14Z","generation_type":"","primary_fuel":"","secondary_fuels":"","plant_role":"","technology":"","installed_capacity_mw":"","operational_status":"","classification_confidence":"","classification_confidence_score":"","classification_method":"","classification_sources":"","classification_notes":"","alternate_names":"","name_ru":"","match_score":"","match_method":"","matched_source_record_ids":"","is_nuclear":"","nuclear_status":"","reactor_count":"","operating_reactor_count":"","reactor_types":"","nuclear_reference_ids":"","radiological_risk":"","substation_type":"","voltage_kv":"","voltage_levels_kv":"","connected_generation_type":"","ecological_risk_category":"","political_significance":"","risk_assessment_status":"","references":[{"reference_id":"ref_c832db86f747e4c6","source_id":"russia_oil_power_map","source_name":"Russia Oil & Power Infrastructure Map","source_type":"map_layer","url":"https://russiaoilpowermap.com/data/custom_pins.json","archive_url":"","retrieved_at":"2026-10-10T09:58:14Z","source_record_id":"pin_68e157850358c2.81640019","source_file":"data/russia_oil_power_infrastructure.csv","source_line_or_record_id":"113679","extractor_version":"unknown","license_or_terms":"unknown","confidence_contribution":"0.82"}]}},{"type":"Feature","id":"infra_010e21fca74b2c34","geometry":{"type":"Point","coordinates":[39.983797,52.475057]},"properties":{"uid":"infra_010e21fca74b2c34","object_id":"infra_010e21fca74b2c34","source":"russia_oil_power_map","source_dataset":"Russia Oil & Power Infrastructure Map","source_id":"russia_oil_power_map","source_record_id":"pin_68e15792843c99.86531606","source_url":"https://russiaoilpowermap.com/data/custom_pins.json","source_capture_date":"2026-10-10T09:58:14Z","source_layer":"custom_pins","source_reference_id":"ref_6c179b4e49d56783","source_name":"Russia Oil & Power Infrastructure Map","source_type":"map_layer","source_reliability":"B","license_or_terms":"unknown","name":"Railway Bridge","name_en":"","description":"","name_translated":"","description_translated":"","display_label":"Railway Bridge","asset_class":"transport","asset_type":"bridge","asset_subtype":"","domain":"transport","status":"","operator":"","product":"","country":"Russia","country_code":"","country_source":"","countries":["Russia"],"source_country":"Russia","country_match_method":"point_in_boundary","region":"","region_translated":"","subdivision":"","inn":"","is_sanctioned":"","is_mass_director":"","is_mass_founder":"","is_disqualified_persons":"","geometry_type":"Point","latitude":"52.47505700","longitude":"39.98379700","centroid_latitude":"52.47505700","centroid_longitude":"39.98379700","map_latitude":"52.47505700","map_longitude":"39.98379700","start_latitude":"52.475057","start_longitude":"39.983797","end_latitude":"52.475057","end_longitude":"39.983797","coordinate_count":"1","length_km":"","has_point_location":"true","location_quality":"exact","coordinate_precision":"exact","coordinate_source":"","entity_confidence":"high","freshness":"recent","cross_source_support":"1","review_status":"unreviewed","confidence":"A","confidence_grade":"A","confidence_score":"1.00","selectable":"true","map_layer":"transport_other","map_color":"#2a93d5","map_icon":"bridge","risk_flags":"","subcategory":"bridge","transport_functions":"","un_locode":"","locode_country":"","locode_location":"","iata":"","remarks":"","source_date":"","detected_language":"en_or_unknown","translation_source":"","derived_subcategory":"transport_bridge","derived_subcategory_label":"Bridge","derived_subcategory_confidence":"1.0","derived_subcategory_reason":"asset type","possible_duplicate_group":"","search_text":"Railway Bridge Railway Bridge transport bridge transport Russia Oil & Power Infrastructure Map custom_pins Bridge","references_json":"[{\"reference_id\":\"ref_6c179b4e49d56783\",\"source_id\":\"russia_oil_power_map\",\"source_name\":\"Russia Oil & Power Infrastructure Map\",\"source_type\":\"map_layer\",\"url\":\"https://russiaoilpowermap.com/data/custom_pins.json\",\"archive_url\":\"\",\"retrieved_at\":\"2026-10-10T09:58:14Z\",\"source_record_id\":\"pin_68e15792843c99.86531606\",\"source_file\":\"data/russia_oil_power_infrastructure.csv\",\"source_line_or_record_id\":\"113680\",\"extractor_version\":\"unknown\",\"license_or_terms\":\"unknown\",\"confidence_contribution\":\"0.82\"}]","first_seen_build":"2026-10-10T09:58:14Z","last_seen_build":"2026-10-10T09:58:14Z","change_status":"new","change_types":["new"],"changed_since_previous_build":"false","new_in_latest_build":"true","removed_from_latest_build":"false","source_archive_date":"2026-10-10T09:58:14Z","generation_type":"","primary_fuel":"","secondary_fuels":"","plant_role":"","technology":"","installed_capacity_mw":"","operational_status":"","classification_confidence":"","classification_confidence_score":"","classification_method":"","classification_sources":"","classification_notes":"","alternate_names":"","name_ru":"","match_score":"","match_method":"","matched_source_record_ids":"","is_nuclear":"","nuclear_status":"","reactor_count":"","operating_reactor_count":"","reactor_types":"","nuclear_reference_ids":"","radiological_risk":"","substation_type":"","voltage_kv":"","voltage_levels_kv":"","connected_generation_type":"","ecological_risk_category":"","political_significance":"","risk_assessment_status":"","references":[{"reference_id":"ref_6c179b4e49d56783","source_id":"russia_oil_power_map","source_name":"Russia Oil & Power Infrastructure Map","source_type":"map_layer","url":"https://russiaoilpowermap.com/data/custom_pins.json","archive_url":"","retrieved_at":"2026-10-10T09:58:14Z","source_record_id":"pin_68e15792843c99.86531606","source_file":"data/russia_oil_power_infrastructure.csv","source_line_or_record_id":"113680","extractor_version":"unknown","license_or_terms":"unknown","confidence_contribution":"0.82"}]}},{"type":"Feature","id":"infra_416fb604cb82d1cf","geometry":{"type":"Point","coordinates":[39.958584,52.499425]},"properties":{"uid":"infra_416fb604cb82d1cf","object_id":"infra_416fb604cb82d1cf","source":"russia_oil_power_map","source_dataset":"Russia Oil & Power Infrastructure Map","source_id":"russia_oil_power_map","source_record_id":"pin_68e157976db055.20082058","source_url":"https://russiaoilpowermap.com/data/custom_pins.json","source_capture_date":"2026-10-10T09:58:14Z","source_layer":"custom_pins","source_reference_id":"ref_95d94726bfd41398","source_name":"Russia Oil & Power Infrastructure Map","source_type":"map_layer","source_reliability":"B","license_or_terms":"unknown","name":"Railway Bridge","name_en":"","description":"","name_translated":"","description_translated":"","display_label":"Railway Bridge","asset_class":"transport","asset_type":"bridge","asset_subtype":"","domain":"transport","status":"","operator":"","product":"","country":"Russia","country_code":"","country_source":"","countries":["Russia"],"source_country":"Russia","country_match_method":"point_in_boundary","region":"","region_translated":"","subdivision":"","inn":"","is_sanctioned":"","is_mass_director":"","is_mass_founder":"","is_disqualified_persons":"","geometry_type":"Point","latitude":"52.49942500","longitude":"39.95858400","centroid_latitude":"52.49942500","centroid_longitude":"39.95858400","map_latitude":"52.49942500","map_longitude":"39.95858400","start_latitude":"52.499425","start_longitude":"39.958584","end_latitude":"52.499425","end_longitude":"39.958584","coordinate_count":"1","length_km":"","has_point_location":"true","location_quality":"exact","coordinate_precision":"exact","coordinate_source":"","entity_confidence":"high","freshness":"recent","cross_source_support":"1","review_status":"unreviewed","confidence":"A","confidence_grade":"A","confidence_score":"1.00","selectable":"true","map_layer":"transport_other","map_color":"#2a93d5","map_icon":"bridge","risk_flags":"","subcategory":"bridge","transport_functions":"","un_locode":"","locode_country":"","locode_location":"","iata":"","remarks":"","source_date":"","detected_language":"en_or_unknown","translation_source":"","derived_subcategory":"transport_bridge","derived_subcategory_label":"Bridge","derived_subcategory_confidence":"1.0","derived_subcategory_reason":"asset type","possible_duplicate_group":"","search_text":"Railway Bridge Railway Bridge transport bridge transport Russia Oil & Power Infrastructure Map custom_pins Bridge","references_json":"[{\"reference_id\":\"ref_95d94726bfd41398\",\"source_id\":\"russia_oil_power_map\",\"source_name\":\"Russia Oil & Power Infrastructure Map\",\"source_type\":\"map_layer\",\"url\":\"https://russiaoilpowermap.com/data/custom_pins.json\",\"archive_url\":\"\",\"retrieved_at\":\"2026-10-10T09:58:14Z\",\"source_record_id\":\"pin_68e157976db055.20082058\",\"source_file\":\"data/russia_oil_power_infrastructure.csv\",\"source_line_or_record_id\":\"113681\",\"extractor_version\":\"unknown\",\"license_or_terms\":\"unknown\",\"confidence_contribution\":\"0.82\"}]","first_seen_build":"2026-10-10T09:58:14Z","last_seen_build":"2026-10-10T09:58:14Z","change_status":"new","change_types":["new"],"changed_since_previous_build":"false","new_in_latest_build":"true","removed_from_latest_build":"false","source_archive_date":"2026-10-10T09:58:14Z","generation_type":"","primary_fuel":"","secondary_fuels":"","plant_role":"","technology":"","installed_capacity_mw":"","operational_status":"","classification_confidence":"","classification_confidence_score":"","classification_method":"","classification_sources":"","classification_notes":"","alternate_names":"","name_ru":"","match_score":"","match_method":"","matched_source_record_ids":"","is_nuclear":"","nuclear_status":"","reactor_count":"","operating_reactor_count":"","reactor_types":"","nuclear_reference_ids":"","radiological_risk":"","substation_type":"","voltage_kv":"","voltage_levels_kv":"","connected_generation_type":"","ecological_risk_category":"","political_significance":"","risk_assessment_status":"","references":[{"reference_id":"ref_95d94726bfd41398","source_id":"russia_oil_power_map","source_name":"Russia Oil & Power Infrastructure Map","source_type":"map_layer","url":"https://russiaoilpowermap.com/data/custom_pins.json","archive_url":"","retrieved_at":"2026-10-10T09:58:14Z","source_record_id":"pin_68e157976db055.20082058","source_file":"data/russia_oil_power_infrastructure.csv","source_line_or_record_id":"113681","extractor_version":"unknown","license_or_terms":"unknown","confidence_contribution":"0.82"}]}},{"type":"Feature","id":"infra_31eb0cb86e91ffef","geometry":{"type":"Point","coordinates":[39.676909,52.62784]},"properties":{"uid":"infra_31eb0cb86e91ffef","object_id":"infra_31eb0cb86e91ffef","source":"russia_oil_power_map","source_dataset":"Russia Oil & Power Infrastructure Map","source_id":"russia_oil_power_map","source_record_id":"pin_68e157a48c9a78.80182811","source_url":"https://russiaoilpowermap.com/data/custom_pins.json","source_capture_date":"2026-10-10T09:58:14Z","source_layer":"custom_pins","source_reference_id":"ref_0a8b29ea2896cc8c","source_name":"Russia Oil & Power Infrastructure Map","source_type":"map_layer","source_reliability":"B","license_or_terms":"unknown","name":"Railway Bridge","name_en":"","description":"","name_translated":"","description_translated":"","display_label":"Railway Bridge","asset_class":"transport","asset_type":"bridge","asset_subtype":"","domain":"transport","status":"","operator":"","product":"","country":"Russia","country_code":"","country_source":"","countries":["Russia"],"source_country":"Russia","country_match_method":"point_in_boundary","region":"","region_translated":"","subdivision":"","inn":"","is_sanctioned":"","is_mass_director":"","is_mass_founder":"","is_disqualified_persons":"","geometry_type":"Point","latitude":"52.62784000","longitude":"39.67690900","centroid_latitude":"52.62784000","centroid_longitude":"39.67690900","map_latitude":"52.62784000","map_longitude":"39.67690900","start_latitude":"52.62784","start_longitude":"39.676909","end_latitude":"52.62784","end_longitude":"39.676909","coordinate_count":"1","length_km":"","has_point_location":"true","location_quality":"exact","coordinate_precision":"exact","coordinate_source":"","entity_confidence":"high","freshness":"recent","cross_source_support":"1","review_status":"unreviewed","confidence":"A","confidence_grade":"A","confidence_score":"1.00","selectable":"true","map_layer":"transport_other","map_color":"#2a93d5","map_icon":"bridge","risk_flags":"","subcategory":"bridge","transport_functions":"","un_locode":"","locode_country":"","locode_location":"","iata":"","remarks":"","source_date":"","detected_language":"en_or_unknown","translation_source":"","derived_subcategory":"transport_bridge","derived_subcategory_label":"Bridge","derived_subcategory_confidence":"1.0","derived_subcategory_reason":"asset type","possible_duplicate_group":"","search_text":"Railway Bridge Railway Bridge transport bridge transport Russia Oil & Power Infrastructure Map custom_pins Bridge","references_json":"[{\"reference_id\":\"ref_0a8b29ea2896cc8c\",\"source_id\":\"russia_oil_power_map\",\"source_name\":\"Russia Oil & Power Infrastructure Map\",\"source_type\":\"map_layer\",\"url\":\"https://russiaoilpowermap.com/data/custom_pins.json\",\"archive_url\":\"\",\"retrieved_at\":\"2026-10-10T09:58:14Z\",\"source_record_id\":\"pin_68e157a48c9a78.80182811\",\"source_file\":\"data/russia_oil_power_infrastructure.csv\",\"source_line_or_record_id\":\"113682\",\"extractor_version\":\"unknown\",\"license_or_terms\":\"unknown\",\"confidence_contribution\":\"0.82\"}]","first_seen_build":"2026-10-10T09:58:14Z","last_seen_build":"2026-10-10T09:58:14Z","change_status":"new","change_types":["new"],"changed_since_previous_build":"false","new_in_latest_build":"true","removed_from_latest_build":"false","source_archive_date":"2026-10-10T09:58:14Z","generation_type":"","primary_fuel":"","secondary_fuels":"","plant_role":"","technology":"","installed_capacity_mw":"","operational_status":"","classification_confidence":"","classification_confidence_score":"","classification_method":"","classification_sources":"","classification_notes":"","alternate_names":"","name_ru":"","match_score":"","match_method":"","matched_source_record_ids":"","is_nuclear":"","nuclear_status":"","reactor_count":"","operating_reactor_count":"","reactor_types":"","nuclear_reference_ids":"","radiological_risk":"","substation_type":"","voltage_kv":"","voltage_levels_kv":"","connected_generation_type":"","ecological_risk_category":"","political_significance":"","risk_assessment_status":"","references":[{"reference_id":"ref_0a8b29ea2896cc8c","source_id":"russia_oil_power_map","source_name":"Russia Oil & Power Infrastructure Map","source_type":"map_layer","url":"https://russiaoilpowermap.com/data/custom_pins.json","archive_url":"","retrieved_at":"2026-10-10T09:58:14Z","source_record_id":"pin_68e157a48c9a78.80182811","source_file":"data/russia_oil_power_infrastructure.csv","source_line_or_record_id":"113682","extractor_version":"unknown","license_or_terms":"unknown","confidence_contribution":"0.82"}]}},{"type":"Feature","id":"infra_70731deb674181a2","geometry":{"type":"Point","coordinates":[38.94031,52.646735]},"properties":{"uid":"infra_70731deb674181a2","object_id":"infra_70731deb674181a2","source":"russia_oil_power_map","source_dataset":"Russia Oil & Power Infrastructure Map","source_id":"russia_oil_power_map","source_record_id":"pin_68e157b3497e27.93552567","source_url":"https://russiaoilpowermap.com/data/custom_pins.json","source_capture_date":"2026-10-10T09:58:14Z","source_layer":"custom_pins","source_reference_id":"ref_217db83da929cf5b","source_name":"Russia Oil & Power Infrastructure Map","source_type":"map_layer","source_reliability":"B","license_or_terms":"unknown","name":"Railway Bridge","name_en":"","description":"","name_translated":"","description_translated":"","display_label":"Railway Bridge","asset_class":"transport","asset_type":"bridge","asset_subtype":"","domain":"transport","status":"","operator":"","product":"","country":"Russia","country_code":"","country_source":"","countries":["Russia"],"source_country":"Russia","country_match_method":"point_in_boundary","region":"","region_translated":"","subdivision":"","inn":"","is_sanctioned":"","is_mass_director":"","is_mass_founder":"","is_disqualified_persons":"","geometry_type":"Point","latitude":"52.64673500","longitude":"38.94031000","centroid_latitude":"52.64673500","centroid_longitude":"38.94031000","map_latitude":"52.64673500","map_longitude":"38.94031000","start_latitude":"52.646735","start_longitude":"38.94031","end_latitude":"52.646735","end_longitude":"38.94031","coordinate_count":"1","length_km":"","has_point_location":"true","location_quality":"exact","coordinate_precision":"exact","coordinate_source":"","entity_confidence":"high","freshness":"recent","cross_source_support":"1","review_status":"unreviewed","confidence":"A","confidence_grade":"A","confidence_score":"1.00","selectable":"true","map_layer":"transport_other","map_color":"#2a93d5","map_icon":"bridge","risk_flags":"","subcategory":"bridge","transport_functions":"","un_locode":"","locode_country":"","locode_location":"","iata":"","remarks":"","source_date":"","detected_language":"en_or_unknown","translation_source":"","derived_subcategory":"transport_bridge","derived_subcategory_label":"Bridge","derived_subcategory_confidence":"1.0","derived_subcategory_reason":"asset type","possible_duplicate_group":"","search_text":"Railway Bridge Railway Bridge transport bridge transport Russia Oil & Power Infrastructure Map custom_pins Bridge","references_json":"[{\"reference_id\":\"ref_217db83da929cf5b\",\"source_id\":\"russia_oil_power_map\",\"source_name\":\"Russia Oil & Power Infrastructure Map\",\"source_type\":\"map_layer\",\"url\":\"https://russiaoilpowermap.com/data/custom_pins.json\",\"archive_url\":\"\",\"retrieved_at\":\"2026-10-10T09:58:14Z\",\"source_record_id\":\"pin_68e157b3497e27.93552567\",\"source_file\":\"data/russia_oil_power_infrastructure.csv\",\"source_line_or_record_id\":\"113683\",\"extractor_version\":\"unknown\",\"license_or_terms\":\"unknown\",\"confidence_contribution\":\"0.82\"}]","first_seen_build":"2026-10-10T09:58:14Z","last_seen_build":"2026-10-10T09:58:14Z","change_status":"new","change_types":["new"],"changed_since_previous_build":"false","new_in_latest_build":"true","removed_from_latest_build":"false","source_archive_date":"2026-10-10T09:58:14Z","generation_type":"","primary_fuel":"","secondary_fuels":"","plant_role":"","technology":"","installed_capacity_mw":"","operational_status":"","classification_confidence":"","classification_confidence_score":"","classification_method":"","classification_sources":"","classification_notes":"","alternate_names":"","name_ru":"","match_score":"","match_method":"","matched_source_record_ids":"","is_nuclear":"","nuclear_status":"","reactor_count":"","operating_reactor_count":"","reactor_types":"","nuclear_reference_ids":"","radiological_risk":"","substation_type":"","voltage_kv":"","voltage_levels_kv":"","connected_generation_type":"","ecological_risk_category":"","political_significance":"","risk_assessment_status":"","references":[{"reference_id":"ref_217db83da929cf5b","source_id":"russia_oil_power_map","source_name":"Russia Oil & Power Infrastructure Map","source_type":"map_layer","url":"https://russiaoilpowermap.com/data/custom_pins.json","archive_url":"","retrieved_at":"2026-10-10T09:58:14Z","source_record_id":"pin_68e157b3497e27.93552567","source_file":"data/russia_oil_power_infrastructure.csv","source_line_or_record_id":"113683","extractor_version":"unknown","license_or_terms":"unknown","confidence_contribution":"0.82"}]}},{"type":"Feature","id":"infra_a95bb62127c344e9","geometry":{"type":"Point","coordinates":[50.248815,54.231659]},"properties":{"uid":"infra_a95bb62127c344e9","object_id":"infra_a95bb62127c344e9","source":"russia_oil_power_map","source_dataset":"Russia Oil & Power Infrastructure Map","source_id":"russia_oil_power_map","source_record_id":"pin_68e1580135e700.02472048","source_url":"https://russiaoilpowermap.com/data/custom_pins.json","source_capture_date":"2026-10-10T09:58:14Z","source_layer":"custom_pins","source_reference_id":"ref_07bf9e04dcdc7dd0","source_name":"Russia Oil & Power Infrastructure Map","source_type":"map_layer","source_reliability":"B","license_or_terms":"unknown","name":"Railway Bridge","name_en":"","description":"","name_translated":"","description_translated":"","display_label":"Railway Bridge","asset_class":"transport","asset_type":"bridge","asset_subtype":"","domain":"transport","status":"","operator":"","product":"","country":"Russia","country_code":"","country_source":"","countries":["Russia"],"source_country":"Russia","country_match_method":"point_in_boundary","region":"","region_translated":"","subdivision":"","inn":"","is_sanctioned":"","is_mass_director":"","is_mass_founder":"","is_disqualified_persons":"","geometry_type":"Point","latitude":"54.23165900","longitude":"50.24881500","centroid_latitude":"54.23165900","centroid_longitude":"50.24881500","map_latitude":"54.23165900","map_longitude":"50.24881500","start_latitude":"54.231659","start_longitude":"50.248815","end_latitude":"54.231659","end_longitude":"50.248815","coordinate_count":"1","length_km":"","has_point_location":"true","location_quality":"exact","coordinate_precision":"exact","coordinate_source":"","entity_confidence":"high","freshness":"recent","cross_source_support":"1","review_status":"unreviewed","confidence":"A","confidence_grade":"A","confidence_score":"1.00","selectable":"true","map_layer":"transport_other","map_color":"#2a93d5","map_icon":"bridge","risk_flags":"","subcategory":"bridge","transport_functions":"","un_locode":"","locode_country":"","locode_location":"","iata":"","remarks":"","source_date":"","detected_language":"en_or_unknown","translation_source":"","derived_subcategory":"transport_bridge","derived_subcategory_label":"Bridge","derived_subcategory_confidence":"1.0","derived_subcategory_reason":"asset type","possible_duplicate_group":"","search_text":"Railway Bridge Railway Bridge transport bridge transport Russia Oil & Power Infrastructure Map custom_pins Bridge","references_json":"[{\"reference_id\":\"ref_07bf9e04dcdc7dd0\",\"source_id\":\"russia_oil_power_map\",\"source_name\":\"Russia Oil & Power Infrastructure Map\",\"source_type\":\"map_layer\",\"url\":\"https://russiaoilpowermap.com/data/custom_pins.json\",\"archive_url\":\"\",\"retrieved_at\":\"2026-10-10T09:58:14Z\",\"source_record_id\":\"pin_68e1580135e700.02472048\",\"source_file\":\"data/russia_oil_power_infrastructure.csv\",\"source_line_or_record_id\":\"113684\",\"extractor_version\":\"unknown\",\"license_or_terms\":\"unknown\",\"confidence_contribution\":\"0.82\"}]","first_seen_build":"2026-10-10T09:58:14Z","last_seen_build":"2026-10-10T09:58:14Z","change_status":"new","change_types":["new"],"changed_since_previous_build":"false","new_in_latest_build":"true","removed_from_latest_build":"false","source_archive_date":"2026-10-10T09:58:14Z","generation_type":"","primary_fuel":"","secondary_fuels":"","plant_role":"","technology":"","installed_capacity_mw":"","operational_status":"","classification_confidence":"","classification_confidence_score":"","classification_method":"","classification_sources":"","classification_notes":"","alternate_names":"","name_ru":"","match_score":"","match_method":"","matched_source_record_ids":"","is_nuclear":"","nuclear_status":"","reactor_count":"","operating_reactor_count":"","reactor_types":"","nuclear_reference_ids":"","radiological_risk":"","substation_type":"","voltage_kv":"","voltage_levels_kv":"","connected_generation_type":"","ecological_risk_category":"","political_significance":"","risk_assessment_status":"","references":[{"reference_id":"ref_07bf9e04dcdc7dd0","source_id":"russia_oil_power_map","source_name":"Russia Oil & Power Infrastructure Map","source_type":"map_layer","url":"https://russiaoilpowermap.com/data/custom_pins.json","archive_url":"","retrieved_at":"2026-10-10T09:58:14Z","source_record_id":"pin_68e1580135e700.02472048","source_file":"data/russia_oil_power_infrastructure.csv","source_line_or_record_id":"113684","extractor_version":"unknown","license_or_terms":"unknown","confidence_contribution":"0.82"}]}},{"type":"Feature","id":"infra_d1966db8da4f071d","geometry":{"type":"Point","coordinates":[49.665241,54.202818]},"properties":{"uid":"infra_d1966db8da4f071d","object_id":"infra_d1966db8da4f071d","source":"russia_oil_power_map","source_dataset":"Russia Oil & Power Infrastructure Map","source_id":"russia_oil_power_map","source_record_id":"pin_68e1580ddbddd0.20352847","source_url":"https://russiaoilpowermap.com/data/custom_pins.json","source_capture_date":"2026-10-10T09:58:14Z","source_layer":"custom_pins","source_reference_id":"ref_3114991ac607bb9d","source_name":"Russia Oil & Power Infrastructure Map","source_type":"map_layer","source_reliability":"B","license_or_terms":"unknown","name":"Railway Bridge","name_en":"","description":"","name_translated":"","description_translated":"","display_label":"Railway Bridge","asset_class":"transport","asset_type":"bridge","asset_subtype":"","domain":"transport","status":"","operator":"","product":"","country":"Russia","country_code":"","country_source":"","countries":["Russia"],"source_country":"Russia","country_match_method":"point_in_boundary","region":"","region_translated":"","subdivision":"","inn":"","is_sanctioned":"","is_mass_director":"","is_mass_founder":"","is_disqualified_persons":"","geometry_type":"Point","latitude":"54.20281800","longitude":"49.66524100","centroid_latitude":"54.20281800","centroid_longitude":"49.66524100","map_latitude":"54.20281800","map_longitude":"49.66524100","start_latitude":"54.202818","start_longitude":"49.665241","end_latitude":"54.202818","end_longitude":"49.665241","coordinate_count":"1","length_km":"","has_point_location":"true","location_quality":"exact","coordinate_precision":"exact","coordinate_source":"","entity_confidence":"high","freshness":"recent","cross_source_support":"1","review_status":"unreviewed","confidence":"A","confidence_grade":"A","confidence_score":"1.00","selectable":"true","map_layer":"transport_other","map_color":"#2a93d5","map_icon":"bridge","risk_flags":"","subcategory":"bridge","transport_functions":"","un_locode":"","locode_country":"","locode_location":"","iata":"","remarks":"","source_date":"","detected_language":"en_or_unknown","translation_source":"","derived_subcategory":"transport_bridge","derived_subcategory_label":"Bridge","derived_subcategory_confidence":"1.0","derived_subcategory_reason":"asset type","possible_duplicate_group":"","search_text":"Railway Bridge Railway Bridge transport bridge transport Russia Oil & Power Infrastructure Map custom_pins Bridge","references_json":"[{\"reference_id\":\"ref_3114991ac607bb9d\",\"source_id\":\"russia_oil_power_map\",\"source_name\":\"Russia Oil & Power Infrastructure Map\",\"source_type\":\"map_layer\",\"url\":\"https://russiaoilpowermap.com/data/custom_pins.json\",\"archive_url\":\"\",\"retrieved_at\":\"2026-10-10T09:58:14Z\",\"source_record_id\":\"pin_68e1580ddbddd0.20352847\",\"source_file\":\"data/russia_oil_power_infrastructure.csv\",\"source_line_or_record_id\":\"113685\",\"extractor_version\":\"unknown\",\"license_or_terms\":\"unknown\",\"confidence_contribution\":\"0.82\"}]","first_seen_build":"2026-10-10T09:58:14Z","last_seen_build":"2026-10-10T09:58:14Z","change_status":"new","change_types":["new"],"changed_since_previous_build":"false","new_in_latest_build":"true","removed_from_latest_build":"false","source_archive_date":"2026-10-10T09:58:14Z","generation_type":"","primary_fuel":"","secondary_fuels":"","plant_role":"","technology":"","installed_capacity_mw":"","operational_status":"","classification_confidence":"","classification_confidence_score":"","classification_method":"","classification_sources":"","classification_notes":"","alternate_names":"","name_ru":"","match_score":"","match_method":"","matched_source_record_ids":"","is_nuclear":"","nuclear_status":"","reactor_count":"","operating_reactor_count":"","reactor_types":"","nuclear_reference_ids":"","radiological_risk":"","substation_type":"","voltage_kv":"","voltage_levels_kv":"","connected_generation_type":"","ecological_risk_category":"","political_significance":"","risk_assessment_status":"","references":[{"reference_id":"ref_3114991ac607bb9d","source_id":"russia_oil_power_map","source_name":"Russia Oil & Power Infrastructure Map","source_type":"map_layer","url":"https://russiaoilpowermap.com/data/custom_pins.json","archive_url":"","retrieved_at":"2026-10-10T09:58:14Z","source_record_id":"pin_68e1580ddbddd0.20352847","source_file":"data/russia_oil_power_infrastructure.csv","source_line_or_record_id":"113685","extractor_version":"unknown","license_or_terms":"unknown","confidence_contribution":"0.82"}]}},{"type":"Feature","id":"infra_af89fa546e0f6207","geometry":{"type":"Point","coordinates":[49.010203,54.328325]},"properties":{"uid":"infra_af89fa546e0f6207","object_id":"infra_af89fa546e0f6207","source":"russia_oil_power_map","source_dataset":"Russia Oil & Power Infrastructure Map","source_id":"russia_oil_power_map","source_record_id":"pin_68e15815d24ca1.03074015","source_url":"https://russiaoilpowermap.com/data/custom_pins.json","source_capture_date":"2026-10-10T09:58:14Z","source_layer":"custom_pins","source_reference_id":"ref_ca8628f27c5a2657","source_name":"Russia Oil & Power Infrastructure Map","source_type":"map_layer","source_reliability":"B","license_or_terms":"unknown","name":"Railway Bridge","name_en":"","description":"","name_translated":"","description_translated":"","display_label":"Railway Bridge","asset_class":"transport","asset_type":"bridge","asset_subtype":"","domain":"transport","status":"","operator":"","product":"","country":"Russia","country_code":"","country_source":"","countries":["Russia"],"source_country":"Russia","country_match_method":"point_in_boundary","region":"","region_translated":"","subdivision":"","inn":"","is_sanctioned":"","is_mass_director":"","is_mass_founder":"","is_disqualified_persons":"","geometry_type":"Point","latitude":"54.32832500","longitude":"49.01020300","centroid_latitude":"54.32832500","centroid_longitude":"49.01020300","map_latitude":"54.32832500","map_longitude":"49.01020300","start_latitude":"54.328325","start_longitude":"49.010203","end_latitude":"54.328325","end_longitude":"49.010203","coordinate_count":"1","length_km":"","has_point_location":"true","location_quality":"exact","coordinate_precision":"exact","coordinate_source":"","entity_confidence":"high","freshness":"recent","cross_source_support":"1","review_status":"unreviewed","confidence":"A","confidence_grade":"A","confidence_score":"1.00","selectable":"true","map_layer":"transport_other","map_color":"#2a93d5","map_icon":"bridge","risk_flags":"","subcategory":"bridge","transport_functions":"","un_locode":"","locode_country":"","locode_location":"","iata":"","remarks":"","source_date":"","detected_language":"en_or_unknown","translation_source":"","derived_subcategory":"transport_bridge","derived_subcategory_label":"Bridge","derived_subcategory_confidence":"1.0","derived_subcategory_reason":"asset type","possible_duplicate_group":"","search_text":"Railway Bridge Railway Bridge transport bridge transport Russia Oil & Power Infrastructure Map custom_pins Bridge","references_json":"[{\"reference_id\":\"ref_ca8628f27c5a2657\",\"source_id\":\"russia_oil_power_map\",\"source_name\":\"Russia Oil & Power Infrastructure Map\",\"source_type\":\"map_layer\",\"url\":\"https://russiaoilpowermap.com/data/custom_pins.json\",\"archive_url\":\"\",\"retrieved_at\":\"2026-10-10T09:58:14Z\",\"source_record_id\":\"pin_68e15815d24ca1.03074015\",\"source_file\":\"data/russia_oil_power_infrastructure.csv\",\"source_line_or_record_id\":\"113686\",\"extractor_version\":\"unknown\",\"license_or_terms\":\"unknown\",\"confidence_contribution\":\"0.82\"}]","first_seen_build":"2026-10-10T09:58:14Z","last_seen_build":"2026-10-10T09:58:14Z","change_status":"new","change_types":["new"],"changed_since_previous_build":"false","new_in_latest_build":"true","removed_from_latest_build":"false","source_archive_date":"2026-10-10T09:58:14Z","generation_type":"","primary_fuel":"","secondary_fuels":"","plant_role":"","technology":"","installed_capacity_mw":"","operational_status":"","classification_confidence":"","classification_confidence_score":"","classification_method":"","classification_sources":"","classification_notes":"","alternate_names":"","name_ru":"","match_score":"","match_method":"","matched_source_record_ids":"","is_nuclear":"","nuclear_status":"","reactor_count":"","operating_reactor_count":"","reactor_types":"","nuclear_reference_ids":"","radiological_risk":"","substation_type":"","voltage_kv":"","voltage_levels_kv":"","connected_generation_type":"","ecological_risk_category":"","political_significance":"","risk_assessment_status":"","references":[{"reference_id":"ref_ca8628f27c5a2657","source_id":"russia_oil_power_map","source_name":"Russia Oil & Power Infrastructure Map","source_type":"map_layer","url":"https://russiaoilpowermap.com/data/custom_pins.json","archive_url":"","retrieved_at":"2026-10-10T09:58:14Z","source_record_id":"pin_68e15815d24ca1.03074015","source_file":"data/russia_oil_power_infrastructure.csv","source_line_or_record_id":"113686","extractor_version":"unknown","license_or_terms":"unknown","confidence_contribution":"0.82"}]}},{"type":"Feature","id":"infra_e451947b38a64369","geometry":{"type":"Point","coordinates":[48.438892,54.315422]},"properties":{"uid":"infra_e451947b38a64369","object_id":"infra_e451947b38a64369","source":"russia_oil_power_map","source_dataset":"Russia Oil & Power Infrastructure Map","source_id":"russia_oil_power_map","source_record_id":"pin_68e15823c87740.72354911","source_url":"https://russiaoilpowermap.com/data/custom_pins.json","source_capture_date":"2026-10-10T09:58:14Z","source_layer":"custom_pins","source_reference_id":"ref_14e89fcefdb5293b","source_name":"Russia Oil & Power Infrastructure Map","source_type":"map_layer","source_reliability":"B","license_or_terms":"unknown","name":"Railway Bridge","name_en":"","description":"","name_translated":"","description_translated":"","display_label":"Railway Bridge","asset_class":"transport","asset_type":"bridge","asset_subtype":"","domain":"transport","status":"","operator":"","product":"","country":"Russia","country_code":"","country_source":"","countries":["Russia"],"source_country":"Russia","country_match_method":"point_in_boundary","region":"","region_translated":"","subdivision":"","inn":"","is_sanctioned":"","is_mass_director":"","is_mass_founder":"","is_disqualified_persons":"","geometry_type":"Point","latitude":"54.31542200","longitude":"48.43889200","centroid_latitude":"54.31542200","centroid_longitude":"48.43889200","map_latitude":"54.31542200","map_longitude":"48.43889200","start_latitude":"54.315422","start_longitude":"48.438892","end_latitude":"54.315422","end_longitude":"48.438892","coordinate_count":"1","length_km":"","has_point_location":"true","location_quality":"exact","coordinate_precision":"exact","coordinate_source":"","entity_confidence":"high","freshness":"recent","cross_source_support":"1","review_status":"unreviewed","confidence":"A","confidence_grade":"A","confidence_score":"1.00","selectable":"true","map_layer":"transport_other","map_color":"#2a93d5","map_icon":"bridge","risk_flags":"","subcategory":"bridge","transport_functions":"","un_locode":"","locode_country":"","locode_location":"","iata":"","remarks":"","source_date":"","detected_language":"en_or_unknown","translation_source":"","derived_subcategory":"transport_bridge","derived_subcategory_label":"Bridge","derived_subcategory_confidence":"1.0","derived_subcategory_reason":"asset type","possible_duplicate_group":"","search_text":"Railway Bridge Railway Bridge transport bridge transport Russia Oil & Power Infrastructure Map custom_pins Bridge","references_json":"[{\"reference_id\":\"ref_14e89fcefdb5293b\",\"source_id\":\"russia_oil_power_map\",\"source_name\":\"Russia Oil & Power Infrastructure Map\",\"source_type\":\"map_layer\",\"url\":\"https://russiaoilpowermap.com/data/custom_pins.json\",\"archive_url\":\"\",\"retrieved_at\":\"2026-10-10T09:58:14Z\",\"source_record_id\":\"pin_68e15823c87740.72354911\",\"source_file\":\"data/russia_oil_power_infrastructure.csv\",\"source_line_or_record_id\":\"113687\",\"extractor_version\":\"unknown\",\"license_or_terms\":\"unknown\",\"confidence_contribution\":\"0.82\"}]","first_seen_build":"2026-10-10T09:58:14Z","last_seen_build":"2026-10-10T09:58:14Z","change_status":"new","change_types":["new"],"changed_since_previous_build":"false","new_in_latest_build":"true","removed_from_latest_build":"false","source_archive_date":"2026-10-10T09:58:14Z","generation_type":"","primary_fuel":"","secondary_fuels":"","plant_role":"","technology":"","installed_capacity_mw":"","operational_status":"","classification_confidence":"","classification_confidence_score":"","classification_method":"","classification_sources":"","classification_notes":"","alternate_names":"","name_ru":"","match_score":"","match_method":"","matched_source_record_ids":"","is_nuclear":"","nuclear_status":"","reactor_count":"","operating_reactor_count":"","reactor_types":"","nuclear_reference_ids":"","radiological_risk":"","substation_type":"","voltage_kv":"","voltage_levels_kv":"","connected_generation_type":"","ecological_risk_category":"","political_significance":"","risk_assessment_status":"","references":[{"reference_id":"ref_14e89fcefdb5293b","source_id":"russia_oil_power_map","source_name":"Russia Oil & Power Infrastructure Map","source_type":"map_layer","url":"https://russiaoilpowermap.com/data/custom_pins.json","archive_url":"","retrieved_at":"2026-10-10T09:58:14Z","source_record_id":"pin_68e15823c87740.72354911","source_file":"data/russia_oil_power_infrastructure.csv","source_line_or_record_id":"113687","extractor_version":"unknown","license_or_terms":"unknown","confidence_contribution":"0.82"}]}},{"type":"Feature","id":"infra_fe11e85f8cb3c32c","geometry":{"type":"Point","coordinates":[48.554972,53.468101]},"properties":{"uid":"infra_fe11e85f8cb3c32c","object_id":"infra_fe11e85f8cb3c32c","source":"russia_oil_power_map","source_dataset":"Russia Oil & Power Infrastructure Map","source_id":"russia_oil_power_map","source_record_id":"pin_68e158413c2da1.96930575","source_url":"https://russiaoilpowermap.com/data/custom_pins.json","source_capture_date":"2026-10-10T09:58:14Z","source_layer":"custom_pins","source_reference_id":"ref_7c39cf1bb0864406","source_name":"Russia Oil & Power Infrastructure Map","source_type":"map_layer","source_reliability":"B","license_or_terms":"unknown","name":"Railway Bridge","name_en":"","description":"","name_translated":"","description_translated":"","display_label":"Railway Bridge","asset_class":"transport","asset_type":"bridge","asset_subtype":"","domain":"transport","status":"","operator":"","product":"","country":"Russia","country_code":"","country_source":"","countries":["Russia"],"source_country":"Russia","country_match_method":"point_in_boundary","region":"","region_translated":"","subdivision":"","inn":"","is_sanctioned":"","is_mass_director":"","is_mass_founder":"","is_disqualified_persons":"","geometry_type":"Point","latitude":"53.46810100","longitude":"48.55497200","centroid_latitude":"53.46810100","centroid_longitude":"48.55497200","map_latitude":"53.46810100","map_longitude":"48.55497200","start_latitude":"53.468101","start_longitude":"48.554972","end_latitude":"53.468101","end_longitude":"48.554972","coordinate_count":"1","length_km":"","has_point_location":"true","location_quality":"exact","coordinate_precision":"exact","coordinate_source":"","entity_confidence":"high","freshness":"recent","cross_source_support":"1","review_status":"unreviewed","confidence":"A","confidence_grade":"A","confidence_score":"1.00","selectable":"true","map_layer":"transport_other","map_color":"#2a93d5","map_icon":"bridge","risk_flags":"","subcategory":"bridge","transport_functions":"","un_locode":"","locode_country":"","locode_location":"","iata":"","remarks":"","source_date":"","detected_language":"en_or_unknown","translation_source":"","derived_subcategory":"transport_bridge","derived_subcategory_label":"Bridge","derived_subcategory_confidence":"1.0","derived_subcategory_reason":"asset type","possible_duplicate_group":"","search_text":"Railway Bridge Railway Bridge transport bridge transport Russia Oil & Power Infrastructure Map custom_pins Bridge","references_json":"[{\"reference_id\":\"ref_7c39cf1bb0864406\",\"source_id\":\"russia_oil_power_map\",\"source_name\":\"Russia Oil & Power Infrastructure Map\",\"source_type\":\"map_layer\",\"url\":\"https://russiaoilpowermap.com/data/custom_pins.json\",\"archive_url\":\"\",\"retrieved_at\":\"2026-10-10T09:58:14Z\",\"source_record_id\":\"pin_68e158413c2da1.96930575\",\"source_file\":\"data/russia_oil_power_infrastructure.csv\",\"source_line_or_record_id\":\"113688\",\"extractor_version\":\"unknown\",\"license_or_terms\":\"unknown\",\"confidence_contribution\":\"0.82\"}]","first_seen_build":"2026-10-10T09:58:14Z","last_seen_build":"2026-10-10T09:58:14Z","change_status":"new","change_types":["new"],"changed_since_previous_build":"false","new_in_latest_build":"true","removed_from_latest_build":"false","source_archive_date":"2026-10-10T09:58:14Z","generation_type":"","primary_fuel":"","secondary_fuels":"","plant_role":"","technology":"","installed_capacity_mw":"","operational_status":"","classification_confidence":"","classification_confidence_score":"","classification_method":"","classification_sources":"","classification_notes":"","alternate_names":"","name_ru":"","match_score":"","match_method":"","matched_source_record_ids":"","is_nuclear":"","nuclear_status":"","reactor_count":"","operating_reactor_count":"","reactor_types":"","nuclear_reference_ids":"","radiological_risk":"","substation_type":"","voltage_kv":"","voltage_levels_kv":"","connected_generation_type":"","ecological_risk_category":"","political_significance":"","risk_assessment_status":"","references":[{"reference_id":"ref_7c39cf1bb0864406","source_id":"russia_oil_power_map","source_name":"Russia Oil & Power Infrastructure Map","source_type":"map_layer","url":"https://russiaoilpowermap.com/data/custom_pins.json","archive_url":"","retrieved_at":"2026-10-10T09:58:14Z","source_record_id":"pin_68e158413c2da1.96930575","source_file":"data/russia_oil_power_infrastructure.csv","source_line_or_record_id":"113688","extractor_version":"unknown","license_or_terms":"unknown","confidence_contribution":"0.82"}]}},{"type":"Feature","id":"infra_9814f619a973aeef","geometry":{"type":"Point","coordinates":[43.962502,53.215669]},"properties":{"uid":"infra_9814f619a973aeef","object_id":"infra_9814f619a973aeef","source":"russia_oil_power_map","source_dataset":"Russia Oil & Power Infrastructure Map","source_id":"russia_oil_power_map","source_record_id":"pin_68e1586c123ce0.28885312","source_url":"https://russiaoilpowermap.com/data/custom_pins.json","source_capture_date":"2026-10-10T09:58:14Z","source_layer":"custom_pins","source_reference_id":"ref_96b136d2adadb3ce","source_name":"Russia Oil & Power Infrastructure Map","source_type":"map_layer","source_reliability":"B","license_or_terms":"unknown","name":"Railway Bridge","name_en":"","description":"","name_translated":"","description_translated":"","display_label":"Railway Bridge","asset_class":"transport","asset_type":"bridge","asset_subtype":"","domain":"transport","status":"","operator":"","product":"","country":"Russia","country_code":"","country_source":"","countries":["Russia"],"source_country":"Russia","country_match_method":"point_in_boundary","region":"","region_translated":"","subdivision":"","inn":"","is_sanctioned":"","is_mass_director":"","is_mass_founder":"","is_disqualified_persons":"","geometry_type":"Point","latitude":"53.21566900","longitude":"43.96250200","centroid_latitude":"53.21566900","centroid_longitude":"43.96250200","map_latitude":"53.21566900","map_longitude":"43.96250200","start_latitude":"53.215669","start_longitude":"43.962502","end_latitude":"53.215669","end_longitude":"43.962502","coordinate_count":"1","length_km":"","has_point_location":"true","location_quality":"exact","coordinate_precision":"exact","coordinate_source":"","entity_confidence":"high","freshness":"recent","cross_source_support":"1","review_status":"unreviewed","confidence":"A","confidence_grade":"A","confidence_score":"1.00","selectable":"true","map_layer":"transport_other","map_color":"#2a93d5","map_icon":"bridge","risk_flags":"","subcategory":"bridge","transport_functions":"","un_locode":"","locode_country":"","locode_location":"","iata":"","remarks":"","source_date":"","detected_language":"en_or_unknown","translation_source":"","derived_subcategory":"transport_bridge","derived_subcategory_label":"Bridge","derived_subcategory_confidence":"1.0","derived_subcategory_reason":"asset type","possible_duplicate_group":"","search_text":"Railway Bridge Railway Bridge transport bridge transport Russia Oil & Power Infrastructure Map custom_pins Bridge","references_json":"[{\"reference_id\":\"ref_96b136d2adadb3ce\",\"source_id\":\"russia_oil_power_map\",\"source_name\":\"Russia Oil & Power Infrastructure Map\",\"source_type\":\"map_layer\",\"url\":\"https://russiaoilpowermap.com/data/custom_pins.json\",\"archive_url\":\"\",\"retrieved_at\":\"2026-10-10T09:58:14Z\",\"source_record_id\":\"pin_68e1586c123ce0.28885312\",\"source_file\":\"data/russia_oil_power_infrastructure.csv\",\"source_line_or_record_id\":\"113689\",\"extractor_version\":\"unknown\",\"license_or_terms\":\"unknown\",\"confidence_contribution\":\"0.82\"}]","first_seen_build":"2026-10-10T09:58:14Z","last_seen_build":"2026-10-10T09:58:14Z","change_status":"new","change_types":["new"],"changed_since_previous_build":"false","new_in_latest_build":"true","removed_from_latest_build":"false","source_archive_date":"2026-10-10T09:58:14Z","generation_type":"","primary_fuel":"","secondary_fuels":"","plant_role":"","technology":"","installed_capacity_mw":"","operational_status":"","classification_confidence":"","classification_confidence_score":"","classification_method":"","classification_sources":"","classification_notes":"","alternate_names":"","name_ru":"","match_score":"","match_method":"","matched_source_record_ids":"","is_nuclear":"","nuclear_status":"","reactor_count":"","operating_reactor_count":"","reactor_types":"","nuclear_reference_ids":"","radiological_risk":"","substation_type":"","voltage_kv":"","voltage_levels_kv":"","connected_generation_type":"","ecological_risk_category":"","political_significance":"","risk_assessment_status":"","references":[{"reference_id":"ref_96b136d2adadb3ce","source_id":"russia_oil_power_map","source_name":"Russia Oil & Power Infrastructure Map","source_type":"map_layer","url":"https://russiaoilpowermap.com/data/custom_pins.json","archive_url":"","retrieved_at":"2026-10-10T09:58:14Z","source_record_id":"pin_68e1586c123ce0.28885312","source_file":"data/russia_oil_power_infrastructure.csv","source_line_or_record_id":"113689","extractor_version":"unknown","license_or_terms":"unknown","confidence_contribution":"0.82"}]}},{"type":"Feature","id":"infra_574be6f5d8b460d9","geometry":{"type":"Point","coordinates":[41.869378,53.453785]},"properties":{"uid":"infra_574be6f5d8b460d9","object_id":"infra_574be6f5d8b460d9","source":"russia_oil_power_map","source_dataset":"Russia Oil & Power Infrastructure Map","source_id":"russia_oil_power_map","source_record_id":"pin_68e1587a4d15a0.81407665","source_url":"https://russiaoilpowermap.com/data/custom_pins.json","source_capture_date":"2026-10-10T09:58:14Z","source_layer":"custom_pins","source_reference_id":"ref_364c2a375a492144","source_name":"Russia Oil & Power Infrastructure Map","source_type":"map_layer","source_reliability":"B","license_or_terms":"unknown","name":"Railway Bridge","name_en":"","description":"","name_translated":"","description_translated":"","display_label":"Railway Bridge","asset_class":"transport","asset_type":"bridge","asset_subtype":"","domain":"transport","status":"","operator":"","product":"","country":"Russia","country_code":"","country_source":"","countries":["Russia"],"source_country":"Russia","country_match_method":"point_in_boundary","region":"","region_translated":"","subdivision":"","inn":"","is_sanctioned":"","is_mass_director":"","is_mass_founder":"","is_disqualified_persons":"","geometry_type":"Point","latitude":"53.45378500","longitude":"41.86937800","centroid_latitude":"53.45378500","centroid_longitude":"41.86937800","map_latitude":"53.45378500","map_longitude":"41.86937800","start_latitude":"53.453785","start_longitude":"41.869378","end_latitude":"53.453785","end_longitude":"41.869378","coordinate_count":"1","length_km":"","has_point_location":"true","location_quality":"exact","coordinate_precision":"exact","coordinate_source":"","entity_confidence":"high","freshness":"recent","cross_source_support":"1","review_status":"unreviewed","confidence":"A","confidence_grade":"A","confidence_score":"1.00","selectable":"true","map_layer":"transport_other","map_color":"#2a93d5","map_icon":"bridge","risk_flags":"","subcategory":"bridge","transport_functions":"","un_locode":"","locode_country":"","locode_location":"","iata":"","remarks":"","source_date":"","detected_language":"en_or_unknown","translation_source":"","derived_subcategory":"transport_bridge","derived_subcategory_label":"Bridge","derived_subcategory_confidence":"1.0","derived_subcategory_reason":"asset type","possible_duplicate_group":"","search_text":"Railway Bridge Railway Bridge transport bridge transport Russia Oil & Power Infrastructure Map custom_pins Bridge","references_json":"[{\"reference_id\":\"ref_364c2a375a492144\",\"source_id\":\"russia_oil_power_map\",\"source_name\":\"Russia Oil & Power Infrastructure Map\",\"source_type\":\"map_layer\",\"url\":\"https://russiaoilpowermap.com/data/custom_pins.json\",\"archive_url\":\"\",\"retrieved_at\":\"2026-10-10T09:58:14Z\",\"source_record_id\":\"pin_68e1587a4d15a0.81407665\",\"source_file\":\"data/russia_oil_power_infrastructure.csv\",\"source_line_or_record_id\":\"113690\",\"extractor_version\":\"unknown\",\"license_or_terms\":\"unknown\",\"confidence_contribution\":\"0.82\"}]","first_seen_build":"2026-10-10T09:58:14Z","last_seen_build":"2026-10-10T09:58:14Z","change_status":"new","change_types":["new"],"changed_since_previous_build":"false","new_in_latest_build":"true","removed_from_latest_build":"false","source_archive_date":"2026-10-10T09:58:14Z","generation_type":"","primary_fuel":"","secondary_fuels":"","plant_role":"","technology":"","installed_capacity_mw":"","operational_status":"","classification_confidence":"","classification_confidence_score":"","classification_method":"","classification_sources":"","classification_notes":"","alternate_names":"","name_ru":"","match_score":"","match_method":"","matched_source_record_ids":"","is_nuclear":"","nuclear_status":"","reactor_count":"","operating_reactor_count":"","reactor_types":"","nuclear_reference_ids":"","radiological_risk":"","substation_type":"","voltage_kv":"","voltage_levels_kv":"","connected_generation_type":"","ecological_risk_category":"","political_significance":"","risk_assessment_status":"","references":[{"reference_id":"ref_364c2a375a492144","source_id":"russia_oil_power_map","source_name":"Russia Oil & Power Infrastructure Map","source_type":"map_layer","url":"https://russiaoilpowermap.com/data/custom_pins.json","archive_url":"","retrieved_at":"2026-10-10T09:58:14Z","source_record_id":"pin_68e1587a4d15a0.81407665","source_file":"data/russia_oil_power_infrastructure.csv","source_line_or_record_id":"113690","extractor_version":"unknown","license_or_terms":"unknown","confidence_contribution":"0.82"}]}},{"type":"Feature","id":"infra_423bf334a7d57f41","geometry":{"type":"Point","coordinates":[40.997655,53.70637]},"properties":{"uid":"infra_423bf334a7d57f41","object_id":"infra_423bf334a7d57f41","source":"russia_oil_power_map","source_dataset":"Russia Oil & Power Infrastructure Map","source_id":"russia_oil_power_map","source_record_id":"pin_68e158892708e4.04657137","source_url":"https://russiaoilpowermap.com/data/custom_pins.json","source_capture_date":"2026-10-10T09:58:14Z","source_layer":"custom_pins","source_reference_id":"ref_ba6980401429f297","source_name":"Russia Oil & Power Infrastructure Map","source_type":"map_layer","source_reliability":"B","license_or_terms":"unknown","name":"Railway Bridge","name_en":"","description":"","name_translated":"","description_translated":"","display_label":"Railway Bridge","asset_class":"transport","asset_type":"bridge","asset_subtype":"","domain":"transport","status":"","operator":"","product":"","country":"Russia","country_code":"","country_source":"","countries":["Russia"],"source_country":"Russia","country_match_method":"point_in_boundary","region":"","region_translated":"","subdivision":"","inn":"","is_sanctioned":"","is_mass_director":"","is_mass_founder":"","is_disqualified_persons":"","geometry_type":"Point","latitude":"53.70637000","longitude":"40.99765500","centroid_latitude":"53.70637000","centroid_longitude":"40.99765500","map_latitude":"53.70637000","map_longitude":"40.99765500","start_latitude":"53.70637","start_longitude":"40.997655","end_latitude":"53.70637","end_longitude":"40.997655","coordinate_count":"1","length_km":"","has_point_location":"true","location_quality":"exact","coordinate_precision":"exact","coordinate_source":"","entity_confidence":"high","freshness":"recent","cross_source_support":"1","review_status":"unreviewed","confidence":"A","confidence_grade":"A","confidence_score":"1.00","selectable":"true","map_layer":"transport_other","map_color":"#2a93d5","map_icon":"bridge","risk_flags":"","subcategory":"bridge","transport_functions":"","un_locode":"","locode_country":"","locode_location":"","iata":"","remarks":"","source_date":"","detected_language":"en_or_unknown","translation_source":"","derived_subcategory":"transport_bridge","derived_subcategory_label":"Bridge","derived_subcategory_confidence":"1.0","derived_subcategory_reason":"asset type","possible_duplicate_group":"","search_text":"Railway Bridge Railway Bridge transport bridge transport Russia Oil & Power Infrastructure Map custom_pins Bridge","references_json":"[{\"reference_id\":\"ref_ba6980401429f297\",\"source_id\":\"russia_oil_power_map\",\"source_name\":\"Russia Oil & Power Infrastructure Map\",\"source_type\":\"map_layer\",\"url\":\"https://russiaoilpowermap.com/data/custom_pins.json\",\"archive_url\":\"\",\"retrieved_at\":\"2026-10-10T09:58:14Z\",\"source_record_id\":\"pin_68e158892708e4.04657137\",\"source_file\":\"data/russia_oil_power_infrastructure.csv\",\"source_line_or_record_id\":\"113691\",\"extractor_version\":\"unknown\",\"license_or_terms\":\"unknown\",\"confidence_contribution\":\"0.82\"}]","first_seen_build":"2026-10-10T09:58:14Z","last_seen_build":"2026-10-10T09:58:14Z","change_status":"new","change_types":["new"],"changed_since_previous_build":"false","new_in_latest_build":"true","removed_from_latest_build":"false","source_archive_date":"2026-10-10T09:58:14Z","generation_type":"","primary_fuel":"","secondary_fuels":"","plant_role":"","technology":"","installed_capacity_mw":"","operational_status":"","classification_confidence":"","classification_confidence_score":"","classification_method":"","classification_sources":"","classification_notes":"","alternate_names":"","name_ru":"","match_score":"","match_method":"","matched_source_record_ids":"","is_nuclear":"","nuclear_status":"","reactor_count":"","operating_reactor_count":"","reactor_types":"","nuclear_reference_ids":"","radiological_risk":"","substation_type":"","voltage_kv":"","voltage_levels_kv":"","connected_generation_type":"","ecological_risk_category":"","political_significance":"","risk_assessment_status":"","references":[{"reference_id":"ref_ba6980401429f297","source_id":"russia_oil_power_map","source_name":"Russia Oil & Power Infrastructure Map","source_type":"map_layer","url":"https://russiaoilpowermap.com/data/custom_pins.json","archive_url":"","retrieved_at":"2026-10-10T09:58:14Z","source_record_id":"pin_68e158892708e4.04657137","source_file":"data/russia_oil_power_infrastructure.csv","source_line_or_record_id":"113691","extractor_version":"unknown","license_or_terms":"unknown","confidence_contribution":"0.82"}]}},{"type":"Feature","id":"infra_83e50c0be17cec00","geometry":{"type":"Point","coordinates":[47.322836,54.079333]},"properties":{"uid":"infra_83e50c0be17cec00","object_id":"infra_83e50c0be17cec00","source":"russia_oil_power_map","source_dataset":"Russia Oil & Power Infrastructure Map","source_id":"russia_oil_power_map","source_record_id":"pin_68e158afb86a73.81908094","source_url":"https://russiaoilpowermap.com/data/custom_pins.json","source_capture_date":"2026-10-10T09:58:14Z","source_layer":"custom_pins","source_reference_id":"ref_7fa7bd824dbd0358","source_name":"Russia Oil & Power Infrastructure Map","source_type":"map_layer","source_reliability":"B","license_or_terms":"unknown","name":"Railway Bridge","name_en":"","description":"","name_translated":"","description_translated":"","display_label":"Railway Bridge","asset_class":"transport","asset_type":"bridge","asset_subtype":"","domain":"transport","status":"","operator":"","product":"","country":"Russia","country_code":"","country_source":"","countries":["Russia"],"source_country":"Russia","country_match_method":"point_in_boundary","region":"","region_translated":"","subdivision":"","inn":"","is_sanctioned":"","is_mass_director":"","is_mass_founder":"","is_disqualified_persons":"","geometry_type":"Point","latitude":"54.07933300","longitude":"47.32283600","centroid_latitude":"54.07933300","centroid_longitude":"47.32283600","map_latitude":"54.07933300","map_longitude":"47.32283600","start_latitude":"54.079333","start_longitude":"47.322836","end_latitude":"54.079333","end_longitude":"47.322836","coordinate_count":"1","length_km":"","has_point_location":"true","location_quality":"exact","coordinate_precision":"exact","coordinate_source":"","entity_confidence":"high","freshness":"recent","cross_source_support":"1","review_status":"unreviewed","confidence":"A","confidence_grade":"A","confidence_score":"1.00","selectable":"true","map_layer":"transport_other","map_color":"#2a93d5","map_icon":"bridge","risk_flags":"","subcategory":"bridge","transport_functions":"","un_locode":"","locode_country":"","locode_location":"","iata":"","remarks":"","source_date":"","detected_language":"en_or_unknown","translation_source":"","derived_subcategory":"transport_bridge","derived_subcategory_label":"Bridge","derived_subcategory_confidence":"1.0","derived_subcategory_reason":"asset type","possible_duplicate_group":"","search_text":"Railway Bridge Railway Bridge transport bridge transport Russia Oil & Power Infrastructure Map custom_pins Bridge","references_json":"[{\"reference_id\":\"ref_7fa7bd824dbd0358\",\"source_id\":\"russia_oil_power_map\",\"source_name\":\"Russia Oil & Power Infrastructure Map\",\"source_type\":\"map_layer\",\"url\":\"https://russiaoilpowermap.com/data/custom_pins.json\",\"archive_url\":\"\",\"retrieved_at\":\"2026-10-10T09:58:14Z\",\"source_record_id\":\"pin_68e158afb86a73.81908094\",\"source_file\":\"data/russia_oil_power_infrastructure.csv\",\"source_line_or_record_id\":\"113692\",\"extractor_version\":\"unknown\",\"license_or_terms\":\"unknown\",\"confidence_contribution\":\"0.82\"}]","first_seen_build":"2026-10-10T09:58:14Z","last_seen_build":"2026-10-10T09:58:14Z","change_status":"new","change_types":["new"],"changed_since_previous_build":"false","new_in_latest_build":"true","removed_from_latest_build":"false","source_archive_date":"2026-10-10T09:58:14Z","generation_type":"","primary_fuel":"","secondary_fuels":"","plant_role":"","technology":"","installed_capacity_mw":"","operational_status":"","classification_confidence":"","classification_confidence_score":"","classification_method":"","classification_sources":"","classification_notes":"","alternate_names":"","name_ru":"","match_score":"","match_method":"","matched_source_record_ids":"","is_nuclear":"","nuclear_status":"","reactor_count":"","operating_reactor_count":"","reactor_types":"","nuclear_reference_ids":"","radiological_risk":"","substation_type":"","voltage_kv":"","voltage_levels_kv":"","connected_generation_type":"","ecological_risk_category":"","political_significance":"","risk_assessment_status":"","references":[{"reference_id":"ref_7fa7bd824dbd0358","source_id":"russia_oil_power_map","source_name":"Russia Oil & Power Infrastructure Map","source_type":"map_layer","url":"https://russiaoilpowermap.com/data/custom_pins.json","archive_url":"","retrieved_at":"2026-10-10T09:58:14Z","source_record_id":"pin_68e158afb86a73.81908094","source_file":"data/russia_oil_power_infrastructure.csv","source_line_or_record_id":"113692","extractor_version":"unknown","license_or_terms":"unknown","confidence_contribution":"0.82"}]}},{"type":"Feature","id":"infra_05a5926015954d1e","geometry":{"type":"Point","coordinates":[46.38623,53.860879]},"properties":{"uid":"infra_05a5926015954d1e","object_id":"infra_05a5926015954d1e","source":"russia_oil_power_map","source_dataset":"Russia Oil & Power Infrastructure Map","source_id":"russia_oil_power_map","source_record_id":"pin_68e158cfd65eb6.05299924","source_url":"https://russiaoilpowermap.com/data/custom_pins.json","source_capture_date":"2026-10-10T09:58:14Z","source_layer":"custom_pins","source_reference_id":"ref_d5e82f61558934eb","source_name":"Russia Oil & Power Infrastructure Map","source_type":"map_layer","source_reliability":"B","license_or_terms":"unknown","name":"Railway Bridge","name_en":"","description":"","name_translated":"","description_translated":"","display_label":"Railway Bridge","asset_class":"transport","asset_type":"bridge","asset_subtype":"","domain":"transport","status":"","operator":"","product":"","country":"Russia","country_code":"","country_source":"","countries":["Russia"],"source_country":"Russia","country_match_method":"point_in_boundary","region":"","region_translated":"","subdivision":"","inn":"","is_sanctioned":"","is_mass_director":"","is_mass_founder":"","is_disqualified_persons":"","geometry_type":"Point","latitude":"53.86087900","longitude":"46.38623000","centroid_latitude":"53.86087900","centroid_longitude":"46.38623000","map_latitude":"53.86087900","map_longitude":"46.38623000","start_latitude":"53.860879","start_longitude":"46.38623","end_latitude":"53.860879","end_longitude":"46.38623","coordinate_count":"1","length_km":"","has_point_location":"true","location_quality":"exact","coordinate_precision":"exact","coordinate_source":"","entity_confidence":"high","freshness":"recent","cross_source_support":"1","review_status":"unreviewed","confidence":"A","confidence_grade":"A","confidence_score":"1.00","selectable":"true","map_layer":"transport_other","map_color":"#2a93d5","map_icon":"bridge","risk_flags":"","subcategory":"bridge","transport_functions":"","un_locode":"","locode_country":"","locode_location":"","iata":"","remarks":"","source_date":"","detected_language":"en_or_unknown","translation_source":"","derived_subcategory":"transport_bridge","derived_subcategory_label":"Bridge","derived_subcategory_confidence":"1.0","derived_subcategory_reason":"asset type","possible_duplicate_group":"","search_text":"Railway Bridge Railway Bridge transport bridge transport Russia Oil & Power Infrastructure Map custom_pins Bridge","references_json":"[{\"reference_id\":\"ref_d5e82f61558934eb\",\"source_id\":\"russia_oil_power_map\",\"source_name\":\"Russia Oil & Power Infrastructure Map\",\"source_type\":\"map_layer\",\"url\":\"https://russiaoilpowermap.com/data/custom_pins.json\",\"archive_url\":\"\",\"retrieved_at\":\"2026-10-10T09:58:14Z\",\"source_record_id\":\"pin_68e158cfd65eb6.05299924\",\"source_file\":\"data/russia_oil_power_infrastructure.csv\",\"source_line_or_record_id\":\"113694\",\"extractor_version\":\"unknown\",\"license_or_terms\":\"unknown\",\"confidence_contribution\":\"0.82\"}]","first_seen_build":"2026-10-10T09:58:14Z","last_seen_build":"2026-10-10T09:58:14Z","change_status":"new","change_types":["new"],"changed_since_previous_build":"false","new_in_latest_build":"true","removed_from_latest_build":"false","source_archive_date":"2026-10-10T09:58:14Z","generation_type":"","primary_fuel":"","secondary_fuels":"","plant_role":"","technology":"","installed_capacity_mw":"","operational_status":"","classification_confidence":"","classification_confidence_score":"","classification_method":"","classification_sources":"","classification_notes":"","alternate_names":"","name_ru":"","match_score":"","match_method":"","matched_source_record_ids":"","is_nuclear":"","nuclear_status":"","reactor_count":"","operating_reactor_count":"","reactor_types":"","nuclear_reference_ids":"","radiological_risk":"","substation_type":"","voltage_kv":"","voltage_levels_kv":"","connected_generation_type":"","ecological_risk_category":"","political_significance":"","risk_assessment_status":"","references":[{"reference_id":"ref_d5e82f61558934eb","source_id":"russia_oil_power_map","source_name":"Russia Oil & Power Infrastructure Map","source_type":"map_layer","url":"https://russiaoilpowermap.com/data/custom_pins.json","archive_url":"","retrieved_at":"2026-10-10T09:58:14Z","source_record_id":"pin_68e158cfd65eb6.05299924","source_file":"data/russia_oil_power_infrastructure.csv","source_line_or_record_id":"113694","extractor_version":"unknown","license_or_terms":"unknown","confidence_contribution":"0.82"}]}},{"type":"Feature","id":"infra_dc2079cc7f779548","geometry":{"type":"Point","coordinates":[46.017909,53.876783]},"properties":{"uid":"infra_dc2079cc7f779548","object_id":"infra_dc2079cc7f779548","source":"russia_oil_power_map","source_dataset":"Russia Oil & Power Infrastructure Map","source_id":"russia_oil_power_map","source_record_id":"pin_68e158dd5670a7.03092343","source_url":"https://russiaoilpowermap.com/data/custom_pins.json","source_capture_date":"2026-10-10T09:58:14Z","source_layer":"custom_pins","source_reference_id":"ref_5d1a3c0e2024379a","source_name":"Russia Oil & Power Infrastructure Map","source_type":"map_layer","source_reliability":"B","license_or_terms":"unknown","name":"Railway Bridge","name_en":"","description":"","name_translated":"","description_translated":"","display_label":"Railway Bridge","asset_class":"transport","asset_type":"bridge","asset_subtype":"","domain":"transport","status":"","operator":"","product":"","country":"Russia","country_code":"","country_source":"","countries":["Russia"],"source_country":"Russia","country_match_method":"point_in_boundary","region":"","region_translated":"","subdivision":"","inn":"","is_sanctioned":"","is_mass_director":"","is_mass_founder":"","is_disqualified_persons":"","geometry_type":"Point","latitude":"53.87678300","longitude":"46.01790900","centroid_latitude":"53.87678300","centroid_longitude":"46.01790900","map_latitude":"53.87678300","map_longitude":"46.01790900","start_latitude":"53.876783","start_longitude":"46.017909","end_latitude":"53.876783","end_longitude":"46.017909","coordinate_count":"1","length_km":"","has_point_location":"true","location_quality":"exact","coordinate_precision":"exact","coordinate_source":"","entity_confidence":"high","freshness":"recent","cross_source_support":"1","review_status":"unreviewed","confidence":"A","confidence_grade":"A","confidence_score":"1.00","selectable":"true","map_layer":"transport_other","map_color":"#2a93d5","map_icon":"bridge","risk_flags":"","subcategory":"bridge","transport_functions":"","un_locode":"","locode_country":"","locode_location":"","iata":"","remarks":"","source_date":"","detected_language":"en_or_unknown","translation_source":"","derived_subcategory":"transport_bridge","derived_subcategory_label":"Bridge","derived_subcategory_confidence":"1.0","derived_subcategory_reason":"asset type","possible_duplicate_group":"","search_text":"Railway Bridge Railway Bridge transport bridge transport Russia Oil & Power Infrastructure Map custom_pins Bridge","references_json":"[{\"reference_id\":\"ref_5d1a3c0e2024379a\",\"source_id\":\"russia_oil_power_map\",\"source_name\":\"Russia Oil & Power Infrastructure Map\",\"source_type\":\"map_layer\",\"url\":\"https://russiaoilpowermap.com/data/custom_pins.json\",\"archive_url\":\"\",\"retrieved_at\":\"2026-10-10T09:58:14Z\",\"source_record_id\":\"pin_68e158dd5670a7.03092343\",\"source_file\":\"data/russia_oil_power_infrastructure.csv\",\"source_line_or_record_id\":\"113695\",\"extractor_version\":\"unknown\",\"license_or_terms\":\"unknown\",\"confidence_contribution\":\"0.82\"}]","first_seen_build":"2026-10-10T09:58:14Z","last_seen_build":"2026-10-10T09:58:14Z","change_status":"new","change_types":["new"],"changed_since_previous_build":"false","new_in_latest_build":"true","removed_from_latest_build":"false","source_archive_date":"2026-10-10T09:58:14Z","generation_type":"","primary_fuel":"","secondary_fuels":"","plant_role":"","technology":"","installed_capacity_mw":"","operational_status":"","classification_confidence":"","classification_confidence_score":"","classification_method":"","classification_sources":"","classification_notes":"","alternate_names":"","name_ru":"","match_score":"","match_method":"","matched_source_record_ids":"","is_nuclear":"","nuclear_status":"","reactor_count":"","operating_reactor_count":"","reactor_types":"","nuclear_reference_ids":"","radiological_risk":"","substation_type":"","voltage_kv":"","voltage_levels_kv":"","connected_generation_type":"","ecological_risk_category":"","political_significance":"","risk_assessment_status":"","references":[{"reference_id":"ref_5d1a3c0e2024379a","source_id":"russia_oil_power_map","source_name":"Russia Oil & Power Infrastructure Map","source_type":"map_layer","url":"https://russiaoilpowermap.com/data/custom_pins.json","archive_url":"","retrieved_at":"2026-10-10T09:58:14Z","source_record_id":"pin_68e158dd5670a7.03092343","source_file":"data/russia_oil_power_infrastructure.csv","source_line_or_record_id":"113695","extractor_version":"unknown","license_or_terms":"unknown","confidence_contribution":"0.82"}]}},{"type":"Feature","id":"infra_38ee4fc809e9afaf","geometry":{"type":"Point","coordinates":[45.726578,53.894932]},"properties":{"uid":"infra_38ee4fc809e9afaf","object_id":"infra_38ee4fc809e9afaf","source":"russia_oil_power_map","source_dataset":"Russia Oil & Power Infrastructure Map","source_id":"russia_oil_power_map","source_record_id":"pin_68e158e7b0d6e1.09152940","source_url":"https://russiaoilpowermap.com/data/custom_pins.json","source_capture_date":"2026-10-10T09:58:14Z","source_layer":"custom_pins","source_reference_id":"ref_f0dc4f4fd7a9bfb7","source_name":"Russia Oil & Power Infrastructure Map","source_type":"map_layer","source_reliability":"B","license_or_terms":"unknown","name":"Railway Bridge","name_en":"","description":"","name_translated":"","description_translated":"","display_label":"Railway Bridge","asset_class":"transport","asset_type":"bridge","asset_subtype":"","domain":"transport","status":"","operator":"","product":"","country":"Russia","country_code":"","country_source":"","countries":["Russia"],"source_country":"Russia","country_match_method":"point_in_boundary","region":"","region_translated":"","subdivision":"","inn":"","is_sanctioned":"","is_mass_director":"","is_mass_founder":"","is_disqualified_persons":"","geometry_type":"Point","latitude":"53.89493200","longitude":"45.72657800","centroid_latitude":"53.89493200","centroid_longitude":"45.72657800","map_latitude":"53.89493200","map_longitude":"45.72657800","start_latitude":"53.894932","start_longitude":"45.726578","end_latitude":"53.894932","end_longitude":"45.726578","coordinate_count":"1","length_km":"","has_point_location":"true","location_quality":"exact","coordinate_precision":"exact","coordinate_source":"","entity_confidence":"high","freshness":"recent","cross_source_support":"1","review_status":"unreviewed","confidence":"A","confidence_grade":"A","confidence_score":"1.00","selectable":"true","map_layer":"transport_other","map_color":"#2a93d5","map_icon":"bridge","risk_flags":"","subcategory":"bridge","transport_functions":"","un_locode":"","locode_country":"","locode_location":"","iata":"","remarks":"","source_date":"","detected_language":"en_or_unknown","translation_source":"","derived_subcategory":"transport_bridge","derived_subcategory_label":"Bridge","derived_subcategory_confidence":"1.0","derived_subcategory_reason":"asset type","possible_duplicate_group":"","search_text":"Railway Bridge Railway Bridge transport bridge transport Russia Oil & Power Infrastructure Map custom_pins Bridge","references_json":"[{\"reference_id\":\"ref_f0dc4f4fd7a9bfb7\",\"source_id\":\"russia_oil_power_map\",\"source_name\":\"Russia Oil & Power Infrastructure Map\",\"source_type\":\"map_layer\",\"url\":\"https://russiaoilpowermap.com/data/custom_pins.json\",\"archive_url\":\"\",\"retrieved_at\":\"2026-10-10T09:58:14Z\",\"source_record_id\":\"pin_68e158e7b0d6e1.09152940\",\"source_file\":\"data/russia_oil_power_infrastructure.csv\",\"source_line_or_record_id\":\"113696\",\"extractor_version\":\"unknown\",\"license_or_terms\":\"unknown\",\"confidence_contribution\":\"0.82\"}]","first_seen_build":"2026-10-10T09:58:14Z","last_seen_build":"2026-10-10T09:58:14Z","change_status":"new","change_types":["new"],"changed_since_previous_build":"false","new_in_latest_build":"true","removed_from_latest_build":"false","source_archive_date":"2026-10-10T09:58:14Z","generation_type":"","primary_fuel":"","secondary_fuels":"","plant_role":"","technology":"","installed_capacity_mw":"","operational_status":"","classification_confidence":"","classification_confidence_score":"","classification_method":"","classification_sources":"","classification_notes":"","alternate_names":"","name_ru":"","match_score":"","match_method":"","matched_source_record_ids":"","is_nuclear":"","nuclear_status":"","reactor_count":"","operating_reactor_count":"","reactor_types":"","nuclear_reference_ids":"","radiological_risk":"","substation_type":"","voltage_kv":"","voltage_levels_kv":"","connected_generation_type":"","ecological_risk_category":"","political_significance":"","risk_assessment_status":"","references":[{"reference_id":"ref_f0dc4f4fd7a9bfb7","source_id":"russia_oil_power_map","source_name":"Russia Oil & Power Infrastructure Map","source_type":"map_layer","url":"https://russiaoilpowermap.com/data/custom_pins.json","archive_url":"","retrieved_at":"2026-10-10T09:58:14Z","source_record_id":"pin_68e158e7b0d6e1.09152940","source_file":"data/russia_oil_power_infrastructure.csv","source_line_or_record_id":"113696","extractor_version":"unknown","license_or_terms":"unknown","confidence_contribution":"0.82"}]}},{"type":"Feature","id":"infra_f249d67eacaf5c4e","geometry":{"type":"Point","coordinates":[45.355682,53.951212]},"properties":{"uid":"infra_f249d67eacaf5c4e","object_id":"infra_f249d67eacaf5c4e","source":"russia_oil_power_map","source_dataset":"Russia Oil & Power Infrastructure Map","source_id":"russia_oil_power_map","source_record_id":"pin_68e158f0851df8.84883777","source_url":"https://russiaoilpowermap.com/data/custom_pins.json","source_capture_date":"2026-10-10T09:58:14Z","source_layer":"custom_pins","source_reference_id":"ref_6d560c754030e69a","source_name":"Russia Oil & Power Infrastructure Map","source_type":"map_layer","source_reliability":"B","license_or_terms":"unknown","name":"Railway Bridge","name_en":"","description":"","name_translated":"","description_translated":"","display_label":"Railway Bridge","asset_class":"transport","asset_type":"bridge","asset_subtype":"","domain":"transport","status":"","operator":"","product":"","country":"Russia","country_code":"","country_source":"","countries":["Russia"],"source_country":"Russia","country_match_method":"point_in_boundary","region":"","region_translated":"","subdivision":"","inn":"","is_sanctioned":"","is_mass_director":"","is_mass_founder":"","is_disqualified_persons":"","geometry_type":"Point","latitude":"53.95121200","longitude":"45.35568200","centroid_latitude":"53.95121200","centroid_longitude":"45.35568200","map_latitude":"53.95121200","map_longitude":"45.35568200","start_latitude":"53.951212","start_longitude":"45.355682","end_latitude":"53.951212","end_longitude":"45.355682","coordinate_count":"1","length_km":"","has_point_location":"true","location_quality":"exact","coordinate_precision":"exact","coordinate_source":"","entity_confidence":"high","freshness":"recent","cross_source_support":"1","review_status":"unreviewed","confidence":"A","confidence_grade":"A","confidence_score":"1.00","selectable":"true","map_layer":"transport_other","map_color":"#2a93d5","map_icon":"bridge","risk_flags":"","subcategory":"bridge","transport_functions":"","un_locode":"","locode_country":"","locode_location":"","iata":"","remarks":"","source_date":"","detected_language":"en_or_unknown","translation_source":"","derived_subcategory":"transport_bridge","derived_subcategory_label":"Bridge","derived_subcategory_confidence":"1.0","derived_subcategory_reason":"asset type","possible_duplicate_group":"","search_text":"Railway Bridge Railway Bridge transport bridge transport Russia Oil & Power Infrastructure Map custom_pins Bridge","references_json":"[{\"reference_id\":\"ref_6d560c754030e69a\",\"source_id\":\"russia_oil_power_map\",\"source_name\":\"Russia Oil & Power Infrastructure Map\",\"source_type\":\"map_layer\",\"url\":\"https://russiaoilpowermap.com/data/custom_pins.json\",\"archive_url\":\"\",\"retrieved_at\":\"2026-10-10T09:58:14Z\",\"source_record_id\":\"pin_68e158f0851df8.84883777\",\"source_file\":\"data/russia_oil_power_infrastructure.csv\",\"source_line_or_record_id\":\"113697\",\"extractor_version\":\"unknown\",\"license_or_terms\":\"unknown\",\"confidence_contribution\":\"0.82\"}]","first_seen_build":"2026-10-10T09:58:14Z","last_seen_build":"2026-10-10T09:58:14Z","change_status":"new","change_types":["new"],"changed_since_previous_build":"false","new_in_latest_build":"true","removed_from_latest_build":"false","source_archive_date":"2026-10-10T09:58:14Z","generation_type":"","primary_fuel":"","secondary_fuels":"","plant_role":"","technology":"","installed_capacity_mw":"","operational_status":"","classification_confidence":"","classification_confidence_score":"","classification_method":"","classification_sources":"","classification_notes":"","alternate_names":"","name_ru":"","match_score":"","match_method":"","matched_source_record_ids":"","is_nuclear":"","nuclear_status":"","reactor_count":"","operating_reactor_count":"","reactor_types":"","nuclear_reference_ids":"","radiological_risk":"","substation_type":"","voltage_kv":"","voltage_levels_kv":"","connected_generation_type":"","ecological_risk_category":"","political_significance":"","risk_assessment_status":"","references":[{"reference_id":"ref_6d560c754030e69a","source_id":"russia_oil_power_map","source_name":"Russia Oil & Power Infrastructure Map","source_type":"map_layer","url":"https://russiaoilpowermap.com/data/custom_pins.json","archive_url":"","retrieved_at":"2026-10-10T09:58:14Z","source_record_id":"pin_68e158f0851df8.84883777","source_file":"data/russia_oil_power_infrastructure.csv","source_line_or_record_id":"113697","extractor_version":"unknown","license_or_terms":"unknown","confidence_contribution":"0.82"}]}},{"type":"Feature","id":"infra_e91c4444f0cb865d","geometry":{"type":"Point","coordinates":[42.847452,54.081095]},"properties":{"uid":"infra_e91c4444f0cb865d","object_id":"infra_e91c4444f0cb865d","source":"russia_oil_power_map","source_dataset":"Russia Oil & Power Infrastructure Map","source_id":"russia_oil_power_map","source_record_id":"pin_68e159244b91e6.19805301","source_url":"https://russiaoilpowermap.com/data/custom_pins.json","source_capture_date":"2026-10-10T09:58:14Z","source_layer":"custom_pins","source_reference_id":"ref_aa5be332c108b493","source_name":"Russia Oil & Power Infrastructure Map","source_type":"map_layer","source_reliability":"B","license_or_terms":"unknown","name":"Railway Bridge","name_en":"","description":"","name_translated":"","description_translated":"","display_label":"Railway Bridge","asset_class":"transport","asset_type":"bridge","asset_subtype":"","domain":"transport","status":"","operator":"","product":"","country":"Russia","country_code":"","country_source":"","countries":["Russia"],"source_country":"Russia","country_match_method":"point_in_boundary","region":"","region_translated":"","subdivision":"","inn":"","is_sanctioned":"","is_mass_director":"","is_mass_founder":"","is_disqualified_persons":"","geometry_type":"Point","latitude":"54.08109500","longitude":"42.84745200","centroid_latitude":"54.08109500","centroid_longitude":"42.84745200","map_latitude":"54.08109500","map_longitude":"42.84745200","start_latitude":"54.081095","start_longitude":"42.847452","end_latitude":"54.081095","end_longitude":"42.847452","coordinate_count":"1","length_km":"","has_point_location":"true","location_quality":"exact","coordinate_precision":"exact","coordinate_source":"","entity_confidence":"high","freshness":"recent","cross_source_support":"1","review_status":"unreviewed","confidence":"A","confidence_grade":"A","confidence_score":"1.00","selectable":"true","map_layer":"transport_other","map_color":"#2a93d5","map_icon":"bridge","risk_flags":"","subcategory":"bridge","transport_functions":"","un_locode":"","locode_country":"","locode_location":"","iata":"","remarks":"","source_date":"","detected_language":"en_or_unknown","translation_source":"","derived_subcategory":"transport_bridge","derived_subcategory_label":"Bridge","derived_subcategory_confidence":"1.0","derived_subcategory_reason":"asset type","possible_duplicate_group":"","search_text":"Railway Bridge Railway Bridge transport bridge transport Russia Oil & Power Infrastructure Map custom_pins Bridge","references_json":"[{\"reference_id\":\"ref_aa5be332c108b493\",\"source_id\":\"russia_oil_power_map\",\"source_name\":\"Russia Oil & Power Infrastructure Map\",\"source_type\":\"map_layer\",\"url\":\"https://russiaoilpowermap.com/data/custom_pins.json\",\"archive_url\":\"\",\"retrieved_at\":\"2026-10-10T09:58:14Z\",\"source_record_id\":\"pin_68e159244b91e6.19805301\",\"source_file\":\"data/russia_oil_power_infrastructure.csv\",\"source_line_or_record_id\":\"113698\",\"extractor_version\":\"unknown\",\"license_or_terms\":\"unknown\",\"confidence_contribution\":\"0.82\"}]","first_seen_build":"2026-10-10T09:58:14Z","last_seen_build":"2026-10-10T09:58:14Z","change_status":"new","change_types":["new"],"changed_since_previous_build":"false","new_in_latest_build":"true","removed_from_latest_build":"false","source_archive_date":"2026-10-10T09:58:14Z","generation_type":"","primary_fuel":"","secondary_fuels":"","plant_role":"","technology":"","installed_capacity_mw":"","operational_status":"","classification_confidence":"","classification_confidence_score":"","classification_method":"","classification_sources":"","classification_notes":"","alternate_names":"","name_ru":"","match_score":"","match_method":"","matched_source_record_ids":"","is_nuclear":"","nuclear_status":"","reactor_count":"","operating_reactor_count":"","reactor_types":"","nuclear_reference_ids":"","radiological_risk":"","substation_type":"","voltage_kv":"","voltage_levels_kv":"","connected_generation_type":"","ecological_risk_category":"","political_significance":"","risk_assessment_status":"","references":[{"reference_id":"ref_aa5be332c108b493","source_id":"russia_oil_power_map","source_name":"Russia Oil & Power Infrastructure Map","source_type":"map_layer","url":"https://russiaoilpowermap.com/data/custom_pins.json","archive_url":"","retrieved_at":"2026-10-10T09:58:14Z","source_record_id":"pin_68e159244b91e6.19805301","source_file":"data/russia_oil_power_infrastructure.csv","source_line_or_record_id":"113698","extractor_version":"unknown","license_or_terms":"unknown","confidence_contribution":"0.82"}]}},{"type":"Feature","id":"infra_1d289d7a322c72a4","geometry":{"type":"Point","coordinates":[42.532947,54.166793]},"properties":{"uid":"infra_1d289d7a322c72a4","object_id":"infra_1d289d7a322c72a4","source":"russia_oil_power_map","source_dataset":"Russia Oil & Power Infrastructure Map","source_id":"russia_oil_power_map","source_record_id":"pin_68e15931cd53f6.37406832","source_url":"https://russiaoilpowermap.com/data/custom_pins.json","source_capture_date":"2026-10-10T09:58:14Z","source_layer":"custom_pins","source_reference_id":"ref_66537eaad3247573","source_name":"Russia Oil & Power Infrastructure Map","source_type":"map_layer","source_reliability":"B","license_or_terms":"unknown","name":"Railway Bridge","name_en":"","description":"","name_translated":"","description_translated":"","display_label":"Railway Bridge","asset_class":"transport","asset_type":"bridge","asset_subtype":"","domain":"transport","status":"","operator":"","product":"","country":"Russia","country_code":"","country_source":"","countries":["Russia"],"source_country":"Russia","country_match_method":"point_in_boundary","region":"","region_translated":"","subdivision":"","inn":"","is_sanctioned":"","is_mass_director":"","is_mass_founder":"","is_disqualified_persons":"","geometry_type":"Point","latitude":"54.16679300","longitude":"42.53294700","centroid_latitude":"54.16679300","centroid_longitude":"42.53294700","map_latitude":"54.16679300","map_longitude":"42.53294700","start_latitude":"54.166793","start_longitude":"42.532947","end_latitude":"54.166793","end_longitude":"42.532947","coordinate_count":"1","length_km":"","has_point_location":"true","location_quality":"exact","coordinate_precision":"exact","coordinate_source":"","entity_confidence":"high","freshness":"recent","cross_source_support":"1","review_status":"unreviewed","confidence":"A","confidence_grade":"A","confidence_score":"1.00","selectable":"true","map_layer":"transport_other","map_color":"#2a93d5","map_icon":"bridge","risk_flags":"","subcategory":"bridge","transport_functions":"","un_locode":"","locode_country":"","locode_location":"","iata":"","remarks":"","source_date":"","detected_language":"en_or_unknown","translation_source":"","derived_subcategory":"transport_bridge","derived_subcategory_label":"Bridge","derived_subcategory_confidence":"1.0","derived_subcategory_reason":"asset type","possible_duplicate_group":"","search_text":"Railway Bridge Railway Bridge transport bridge transport Russia Oil & Power Infrastructure Map custom_pins Bridge","references_json":"[{\"reference_id\":\"ref_66537eaad3247573\",\"source_id\":\"russia_oil_power_map\",\"source_name\":\"Russia Oil & Power Infrastructure Map\",\"source_type\":\"map_layer\",\"url\":\"https://russiaoilpowermap.com/data/custom_pins.json\",\"archive_url\":\"\",\"retrieved_at\":\"2026-10-10T09:58:14Z\",\"source_record_id\":\"pin_68e15931cd53f6.37406832\",\"source_file\":\"data/russia_oil_power_infrastructure.csv\",\"source_line_or_record_id\":\"113699\",\"extractor_version\":\"unknown\",\"license_or_terms\":\"unknown\",\"confidence_contribution\":\"0.82\"}]","first_seen_build":"2026-10-10T09:58:14Z","last_seen_build":"2026-10-10T09:58:14Z","change_status":"new","change_types":["new"],"changed_since_previous_build":"false","new_in_latest_build":"true","removed_from_latest_build":"false","source_archive_date":"2026-10-10T09:58:14Z","generation_type":"","primary_fuel":"","secondary_fuels":"","plant_role":"","technology":"","installed_capacity_mw":"","operational_status":"","classification_confidence":"","classification_confidence_score":"","classification_method":"","classification_sources":"","classification_notes":"","alternate_names":"","name_ru":"","match_score":"","match_method":"","matched_source_record_ids":"","is_nuclear":"","nuclear_status":"","reactor_count":"","operating_reactor_count":"","reactor_types":"","nuclear_reference_ids":"","radiological_risk":"","substation_type":"","voltage_kv":"","voltage_levels_kv":"","connected_generation_type":"","ecological_risk_category":"","political_significance":"","risk_assessment_status":"","references":[{"reference_id":"ref_66537eaad3247573","source_id":"russia_oil_power_map","source_name":"Russia Oil & Power Infrastructure Map","source_type":"map_layer","url":"https://russiaoilpowermap.com/data/custom_pins.json","archive_url":"","retrieved_at":"2026-10-10T09:58:14Z","source_record_id":"pin_68e15931cd53f6.37406832","source_file":"data/russia_oil_power_infrastructure.csv","source_line_or_record_id":"113699","extractor_version":"unknown","license_or_terms":"unknown","confidence_contribution":"0.82"}]}},{"type":"Feature","id":"infra_eb3676550e38583a","geometry":{"type":"Point","coordinates":[41.955156,54.350804]},"properties":{"uid":"infra_eb3676550e38583a","object_id":"infra_eb3676550e38583a","source":"russia_oil_power_map","source_dataset":"Russia Oil & Power Infrastructure Map","source_id":"russia_oil_power_map","source_record_id":"pin_68e15942383b95.94646967","source_url":"https://russiaoilpowermap.com/data/custom_pins.json","source_capture_date":"2026-10-10T09:58:14Z","source_layer":"custom_pins","source_reference_id":"ref_3baef714612e2059","source_name":"Russia Oil & Power Infrastructure Map","source_type":"map_layer","source_reliability":"B","license_or_terms":"unknown","name":"Railway Bridge","name_en":"","description":"","name_translated":"","description_translated":"","display_label":"Railway Bridge","asset_class":"transport","asset_type":"bridge","asset_subtype":"","domain":"transport","status":"","operator":"","product":"","country":"Russia","country_code":"","country_source":"","countries":["Russia"],"source_country":"Russia","country_match_method":"point_in_boundary","region":"","region_translated":"","subdivision":"","inn":"","is_sanctioned":"","is_mass_director":"","is_mass_founder":"","is_disqualified_persons":"","geometry_type":"Point","latitude":"54.35080400","longitude":"41.95515600","centroid_latitude":"54.35080400","centroid_longitude":"41.95515600","map_latitude":"54.35080400","map_longitude":"41.95515600","start_latitude":"54.350804","start_longitude":"41.955156","end_latitude":"54.350804","end_longitude":"41.955156","coordinate_count":"1","length_km":"","has_point_location":"true","location_quality":"exact","coordinate_precision":"exact","coordinate_source":"","entity_confidence":"high","freshness":"recent","cross_source_support":"1","review_status":"unreviewed","confidence":"A","confidence_grade":"A","confidence_score":"1.00","selectable":"true","map_layer":"transport_other","map_color":"#2a93d5","map_icon":"bridge","risk_flags":"","subcategory":"bridge","transport_functions":"","un_locode":"","locode_country":"","locode_location":"","iata":"","remarks":"","source_date":"","detected_language":"en_or_unknown","translation_source":"","derived_subcategory":"transport_bridge","derived_subcategory_label":"Bridge","derived_subcategory_confidence":"1.0","derived_subcategory_reason":"asset type","possible_duplicate_group":"","search_text":"Railway Bridge Railway Bridge transport bridge transport Russia Oil & Power Infrastructure Map custom_pins Bridge","references_json":"[{\"reference_id\":\"ref_3baef714612e2059\",\"source_id\":\"russia_oil_power_map\",\"source_name\":\"Russia Oil & Power Infrastructure Map\",\"source_type\":\"map_layer\",\"url\":\"https://russiaoilpowermap.com/data/custom_pins.json\",\"archive_url\":\"\",\"retrieved_at\":\"2026-10-10T09:58:14Z\",\"source_record_id\":\"pin_68e15942383b95.94646967\",\"source_file\":\"data/russia_oil_power_infrastructure.csv\",\"source_line_or_record_id\":\"113700\",\"extractor_version\":\"unknown\",\"license_or_terms\":\"unknown\",\"confidence_contribution\":\"0.82\"}]","first_seen_build":"2026-10-10T09:58:14Z","last_seen_build":"2026-10-10T09:58:14Z","change_status":"new","change_types":["new"],"changed_since_previous_build":"false","new_in_latest_build":"true","removed_from_latest_build":"false","source_archive_date":"2026-10-10T09:58:14Z","generation_type":"","primary_fuel":"","secondary_fuels":"","plant_role":"","technology":"","installed_capacity_mw":"","operational_status":"","classification_confidence":"","classification_confidence_score":"","classification_method":"","classification_sources":"","classification_notes":"","alternate_names":"","name_ru":"","match_score":"","match_method":"","matched_source_record_ids":"","is_nuclear":"","nuclear_status":"","reactor_count":"","operating_reactor_count":"","reactor_types":"","nuclear_reference_ids":"","radiological_risk":"","substation_type":"","voltage_kv":"","voltage_levels_kv":"","connected_generation_type":"","ecological_risk_category":"","political_significance":"","risk_assessment_status":"","references":[{"reference_id":"ref_3baef714612e2059","source_id":"russia_oil_power_map","source_name":"Russia Oil & Power Infrastructure Map","source_type":"map_layer","url":"https://russiaoilpowermap.com/data/custom_pins.json","archive_url":"","retrieved_at":"2026-10-10T09:58:14Z","source_record_id":"pin_68e15942383b95.94646967","source_file":"data/russia_oil_power_infrastructure.csv","source_line_or_record_id":"113700","extractor_version":"unknown","license_or_terms":"unknown","confidence_contribution":"0.82"}]}},{"type":"Feature","id":"infra_f9b89f55d2723da0","geometry":{"type":"Point","coordinates":[41.008358,54.323532]},"properties":{"uid":"infra_f9b89f55d2723da0","object_id":"infra_f9b89f55d2723da0","source":"russia_oil_power_map","source_dataset":"Russia Oil & Power Infrastructure Map","source_id":"russia_oil_power_map","source_record_id":"pin_68e15954d07a38.82316351","source_url":"https://russiaoilpowermap.com/data/custom_pins.json","source_capture_date":"2026-10-10T09:58:14Z","source_layer":"custom_pins","source_reference_id":"ref_99d3b6b07e19c599","source_name":"Russia Oil & Power Infrastructure Map","source_type":"map_layer","source_reliability":"B","license_or_terms":"unknown","name":"Railway Bridge","name_en":"","description":"","name_translated":"","description_translated":"","display_label":"Railway Bridge","asset_class":"transport","asset_type":"bridge","asset_subtype":"","domain":"transport","status":"","operator":"","product":"","country":"Russia","country_code":"","country_source":"","countries":["Russia"],"source_country":"Russia","country_match_method":"point_in_boundary","region":"","region_translated":"","subdivision":"","inn":"","is_sanctioned":"","is_mass_director":"","is_mass_founder":"","is_disqualified_persons":"","geometry_type":"Point","latitude":"54.32353200","longitude":"41.00835800","centroid_latitude":"54.32353200","centroid_longitude":"41.00835800","map_latitude":"54.32353200","map_longitude":"41.00835800","start_latitude":"54.323532","start_longitude":"41.008358","end_latitude":"54.323532","end_longitude":"41.008358","coordinate_count":"1","length_km":"","has_point_location":"true","location_quality":"exact","coordinate_precision":"exact","coordinate_source":"","entity_confidence":"high","freshness":"recent","cross_source_support":"1","review_status":"unreviewed","confidence":"A","confidence_grade":"A","confidence_score":"1.00","selectable":"true","map_layer":"transport_other","map_color":"#2a93d5","map_icon":"bridge","risk_flags":"","subcategory":"bridge","transport_functions":"","un_locode":"","locode_country":"","locode_location":"","iata":"","remarks":"","source_date":"","detected_language":"en_or_unknown","translation_source":"","derived_subcategory":"transport_bridge","derived_subcategory_label":"Bridge","derived_subcategory_confidence":"1.0","derived_subcategory_reason":"asset type","possible_duplicate_group":"","search_text":"Railway Bridge Railway Bridge transport bridge transport Russia Oil & Power Infrastructure Map custom_pins Bridge","references_json":"[{\"reference_id\":\"ref_99d3b6b07e19c599\",\"source_id\":\"russia_oil_power_map\",\"source_name\":\"Russia Oil & Power Infrastructure Map\",\"source_type\":\"map_layer\",\"url\":\"https://russiaoilpowermap.com/data/custom_pins.json\",\"archive_url\":\"\",\"retrieved_at\":\"2026-10-10T09:58:14Z\",\"source_record_id\":\"pin_68e15954d07a38.82316351\",\"source_file\":\"data/russia_oil_power_infrastructure.csv\",\"source_line_or_record_id\":\"113701\",\"extractor_version\":\"unknown\",\"license_or_terms\":\"unknown\",\"confidence_contribution\":\"0.82\"}]","first_seen_build":"2026-10-10T09:58:14Z","last_seen_build":"2026-10-10T09:58:14Z","change_status":"new","change_types":["new"],"changed_since_previous_build":"false","new_in_latest_build":"true","removed_from_latest_build":"false","source_archive_date":"2026-10-10T09:58:14Z","generation_type":"","primary_fuel":"","secondary_fuels":"","plant_role":"","technology":"","installed_capacity_mw":"","operational_status":"","classification_confidence":"","classification_confidence_score":"","classification_method":"","classification_sources":"","classification_notes":"","alternate_names":"","name_ru":"","match_score":"","match_method":"","matched_source_record_ids":"","is_nuclear":"","nuclear_status":"","reactor_count":"","operating_reactor_count":"","reactor_types":"","nuclear_reference_ids":"","radiological_risk":"","substation_type":"","voltage_kv":"","voltage_levels_kv":"","connected_generation_type":"","ecological_risk_category":"","political_significance":"","risk_assessment_status":"","references":[{"reference_id":"ref_99d3b6b07e19c599","source_id":"russia_oil_power_map","source_name":"Russia Oil & Power Infrastructure Map","source_type":"map_layer","url":"https://russiaoilpowermap.com/data/custom_pins.json","archive_url":"","retrieved_at":"2026-10-10T09:58:14Z","source_record_id":"pin_68e15954d07a38.82316351","source_file":"data/russia_oil_power_infrastructure.csv","source_line_or_record_id":"113701","extractor_version":"unknown","license_or_terms":"unknown","confidence_contribution":"0.82"}]}},{"type":"Feature","id":"infra_cdbdbb31fc16a16b","geometry":{"type":"Point","coordinates":[40.933342,54.322831]},"properties":{"uid":"infra_cdbdbb31fc16a16b","object_id":"infra_cdbdbb31fc16a16b","source":"russia_oil_power_map","source_dataset":"Russia Oil & Power Infrastructure Map","source_id":"russia_oil_power_map","source_record_id":"pin_68e15957c90e70.26093314","source_url":"https://russiaoilpowermap.com/data/custom_pins.json","source_capture_date":"2026-10-10T09:58:14Z","source_layer":"custom_pins","source_reference_id":"ref_5241c7ad499c13f2","source_name":"Russia Oil & Power Infrastructure Map","source_type":"map_layer","source_reliability":"B","license_or_terms":"unknown","name":"Railway Bridge","name_en":"","description":"","name_translated":"","description_translated":"","display_label":"Railway Bridge","asset_class":"transport","asset_type":"bridge","asset_subtype":"","domain":"transport","status":"","operator":"","product":"","country":"Russia","country_code":"","country_source":"","countries":["Russia"],"source_country":"Russia","country_match_method":"point_in_boundary","region":"","region_translated":"","subdivision":"","inn":"","is_sanctioned":"","is_mass_director":"","is_mass_founder":"","is_disqualified_persons":"","geometry_type":"Point","latitude":"54.32283100","longitude":"40.93334200","centroid_latitude":"54.32283100","centroid_longitude":"40.93334200","map_latitude":"54.32283100","map_longitude":"40.93334200","start_latitude":"54.322831","start_longitude":"40.933342","end_latitude":"54.322831","end_longitude":"40.933342","coordinate_count":"1","length_km":"","has_point_location":"true","location_quality":"exact","coordinate_precision":"exact","coordinate_source":"","entity_confidence":"high","freshness":"recent","cross_source_support":"1","review_status":"unreviewed","confidence":"A","confidence_grade":"A","confidence_score":"1.00","selectable":"true","map_layer":"transport_other","map_color":"#2a93d5","map_icon":"bridge","risk_flags":"","subcategory":"bridge","transport_functions":"","un_locode":"","locode_country":"","locode_location":"","iata":"","remarks":"","source_date":"","detected_language":"en_or_unknown","translation_source":"","derived_subcategory":"transport_bridge","derived_subcategory_label":"Bridge","derived_subcategory_confidence":"1.0","derived_subcategory_reason":"asset type","possible_duplicate_group":"","search_text":"Railway Bridge Railway Bridge transport bridge transport Russia Oil & Power Infrastructure Map custom_pins Bridge","references_json":"[{\"reference_id\":\"ref_5241c7ad499c13f2\",\"source_id\":\"russia_oil_power_map\",\"source_name\":\"Russia Oil & Power Infrastructure Map\",\"source_type\":\"map_layer\",\"url\":\"https://russiaoilpowermap.com/data/custom_pins.json\",\"archive_url\":\"\",\"retrieved_at\":\"2026-10-10T09:58:14Z\",\"source_record_id\":\"pin_68e15957c90e70.26093314\",\"source_file\":\"data/russia_oil_power_infrastructure.csv\",\"source_line_or_record_id\":\"113702\",\"extractor_version\":\"unknown\",\"license_or_terms\":\"unknown\",\"confidence_contribution\":\"0.82\"}]","first_seen_build":"2026-10-10T09:58:14Z","last_seen_build":"2026-10-10T09:58:14Z","change_status":"new","change_types":["new"],"changed_since_previous_build":"false","new_in_latest_build":"true","removed_from_latest_build":"false","source_archive_date":"2026-10-10T09:58:14Z","generation_type":"","primary_fuel":"","secondary_fuels":"","plant_role":"","technology":"","installed_capacity_mw":"","operational_status":"","classification_confidence":"","classification_confidence_score":"","classification_method":"","classification_sources":"","classification_notes":"","alternate_names":"","name_ru":"","match_score":"","match_method":"","matched_source_record_ids":"","is_nuclear":"","nuclear_status":"","reactor_count":"","operating_reactor_count":"","reactor_types":"","nuclear_reference_ids":"","radiological_risk":"","substation_type":"","voltage_kv":"","voltage_levels_kv":"","connected_generation_type":"","ecological_risk_category":"","political_significance":"","risk_assessment_status":"","references":[{"reference_id":"ref_5241c7ad499c13f2","source_id":"russia_oil_power_map","source_name":"Russia Oil & Power Infrastructure Map","source_type":"map_layer","url":"https://russiaoilpowermap.com/data/custom_pins.json","archive_url":"","retrieved_at":"2026-10-10T09:58:14Z","source_record_id":"pin_68e15957c90e70.26093314","source_file":"data/russia_oil_power_infrastructure.csv","source_line_or_record_id":"113702","extractor_version":"unknown","license_or_terms":"unknown","confidence_contribution":"0.82"}]}},{"type":"Feature","id":"infra_bda61f1f34781c43","geometry":{"type":"Point","coordinates":[40.184469,54.346702]},"properties":{"uid":"infra_bda61f1f34781c43","object_id":"infra_bda61f1f34781c43","source":"russia_oil_power_map","source_dataset":"Russia Oil & Power Infrastructure Map","source_id":"russia_oil_power_map","source_record_id":"pin_68e1595f5d1194.02103656","source_url":"https://russiaoilpowermap.com/data/custom_pins.json","source_capture_date":"2026-10-10T09:58:14Z","source_layer":"custom_pins","source_reference_id":"ref_a1d69cadcad965b1","source_name":"Russia Oil & Power Infrastructure Map","source_type":"map_layer","source_reliability":"B","license_or_terms":"unknown","name":"Railway Bridge","name_en":"","description":"","name_translated":"","description_translated":"","display_label":"Railway Bridge","asset_class":"transport","asset_type":"bridge","asset_subtype":"","domain":"transport","status":"","operator":"","product":"","country":"Russia","country_code":"","country_source":"","countries":["Russia"],"source_country":"Russia","country_match_method":"point_in_boundary","region":"","region_translated":"","subdivision":"","inn":"","is_sanctioned":"","is_mass_director":"","is_mass_founder":"","is_disqualified_persons":"","geometry_type":"Point","latitude":"54.34670200","longitude":"40.18446900","centroid_latitude":"54.34670200","centroid_longitude":"40.18446900","map_latitude":"54.34670200","map_longitude":"40.18446900","start_latitude":"54.346702","start_longitude":"40.184469","end_latitude":"54.346702","end_longitude":"40.184469","coordinate_count":"1","length_km":"","has_point_location":"true","location_quality":"exact","coordinate_precision":"exact","coordinate_source":"","entity_confidence":"high","freshness":"recent","cross_source_support":"1","review_status":"unreviewed","confidence":"A","confidence_grade":"A","confidence_score":"1.00","selectable":"true","map_layer":"transport_other","map_color":"#2a93d5","map_icon":"bridge","risk_flags":"","subcategory":"bridge","transport_functions":"","un_locode":"","locode_country":"","locode_location":"","iata":"","remarks":"","source_date":"","detected_language":"en_or_unknown","translation_source":"","derived_subcategory":"transport_bridge","derived_subcategory_label":"Bridge","derived_subcategory_confidence":"1.0","derived_subcategory_reason":"asset type","possible_duplicate_group":"","search_text":"Railway Bridge Railway Bridge transport bridge transport Russia Oil & Power Infrastructure Map custom_pins Bridge","references_json":"[{\"reference_id\":\"ref_a1d69cadcad965b1\",\"source_id\":\"russia_oil_power_map\",\"source_name\":\"Russia Oil & Power Infrastructure Map\",\"source_type\":\"map_layer\",\"url\":\"https://russiaoilpowermap.com/data/custom_pins.json\",\"archive_url\":\"\",\"retrieved_at\":\"2026-10-10T09:58:14Z\",\"source_record_id\":\"pin_68e1595f5d1194.02103656\",\"source_file\":\"data/russia_oil_power_infrastructure.csv\",\"source_line_or_record_id\":\"113703\",\"extractor_version\":\"unknown\",\"license_or_terms\":\"unknown\",\"confidence_contribution\":\"0.82\"}]","first_seen_build":"2026-10-10T09:58:14Z","last_seen_build":"2026-10-10T09:58:14Z","change_status":"new","change_types":["new"],"changed_since_previous_build":"false","new_in_latest_build":"true","removed_from_latest_build":"false","source_archive_date":"2026-10-10T09:58:14Z","generation_type":"","primary_fuel":"","secondary_fuels":"","plant_role":"","technology":"","installed_capacity_mw":"","operational_status":"","classification_confidence":"","classification_confidence_score":"","classification_method":"","classification_sources":"","classification_notes":"","alternate_names":"","name_ru":"","match_score":"","match_method":"","matched_source_record_ids":"","is_nuclear":"","nuclear_status":"","reactor_count":"","operating_reactor_count":"","reactor_types":"","nuclear_reference_ids":"","radiological_risk":"","substation_type":"","voltage_kv":"","voltage_levels_kv":"","connected_generation_type":"","ecological_risk_category":"","political_significance":"","risk_assessment_status":"","references":[{"reference_id":"ref_a1d69cadcad965b1","source_id":"russia_oil_power_map","source_name":"Russia Oil & Power Infrastructure Map","source_type":"map_layer","url":"https://russiaoilpowermap.com/data/custom_pins.json","archive_url":"","retrieved_at":"2026-10-10T09:58:14Z","source_record_id":"pin_68e1595f5d1194.02103656","source_file":"data/russia_oil_power_infrastructure.csv","source_line_or_record_id":"113703","extractor_version":"unknown","license_or_terms":"unknown","confidence_contribution":"0.82"}]}},{"type":"Feature","id":"infra_3d7f869fe6ca80b6","geometry":{"type":"Point","coordinates":[39.195163,54.694881]},"properties":{"uid":"infra_3d7f869fe6ca80b6","object_id":"infra_3d7f869fe6ca80b6","source":"russia_oil_power_map","source_dataset":"Russia Oil & Power Infrastructure Map","source_id":"russia_oil_power_map","source_record_id":"pin_68e1597ad80b18.73795892","source_url":"https://russiaoilpowermap.com/data/custom_pins.json","source_capture_date":"2026-10-10T09:58:14Z","source_layer":"custom_pins","source_reference_id":"ref_09361dd4a2c7a64c","source_name":"Russia Oil & Power Infrastructure Map","source_type":"map_layer","source_reliability":"B","license_or_terms":"unknown","name":"Railway Bridge","name_en":"","description":"","name_translated":"","description_translated":"","display_label":"Railway Bridge","asset_class":"transport","asset_type":"bridge","asset_subtype":"","domain":"transport","status":"","operator":"","product":"","country":"Russia","country_code":"","country_source":"","countries":["Russia"],"source_country":"Russia","country_match_method":"point_in_boundary","region":"","region_translated":"","subdivision":"","inn":"","is_sanctioned":"","is_mass_director":"","is_mass_founder":"","is_disqualified_persons":"","geometry_type":"Point","latitude":"54.69488100","longitude":"39.19516300","centroid_latitude":"54.69488100","centroid_longitude":"39.19516300","map_latitude":"54.69488100","map_longitude":"39.19516300","start_latitude":"54.694881","start_longitude":"39.195163","end_latitude":"54.694881","end_longitude":"39.195163","coordinate_count":"1","length_km":"","has_point_location":"true","location_quality":"exact","coordinate_precision":"exact","coordinate_source":"","entity_confidence":"high","freshness":"recent","cross_source_support":"1","review_status":"unreviewed","confidence":"A","confidence_grade":"A","confidence_score":"1.00","selectable":"true","map_layer":"transport_other","map_color":"#2a93d5","map_icon":"bridge","risk_flags":"","subcategory":"bridge","transport_functions":"","un_locode":"","locode_country":"","locode_location":"","iata":"","remarks":"","source_date":"","detected_language":"en_or_unknown","translation_source":"","derived_subcategory":"transport_bridge","derived_subcategory_label":"Bridge","derived_subcategory_confidence":"1.0","derived_subcategory_reason":"asset type","possible_duplicate_group":"","search_text":"Railway Bridge Railway Bridge transport bridge transport Russia Oil & Power Infrastructure Map custom_pins Bridge","references_json":"[{\"reference_id\":\"ref_09361dd4a2c7a64c\",\"source_id\":\"russia_oil_power_map\",\"source_name\":\"Russia Oil & Power Infrastructure Map\",\"source_type\":\"map_layer\",\"url\":\"https://russiaoilpowermap.com/data/custom_pins.json\",\"archive_url\":\"\",\"retrieved_at\":\"2026-10-10T09:58:14Z\",\"source_record_id\":\"pin_68e1597ad80b18.73795892\",\"source_file\":\"data/russia_oil_power_infrastructure.csv\",\"source_line_or_record_id\":\"113704\",\"extractor_version\":\"unknown\",\"license_or_terms\":\"unknown\",\"confidence_contribution\":\"0.82\"}]","first_seen_build":"2026-10-10T09:58:14Z","last_seen_build":"2026-10-10T09:58:14Z","change_status":"new","change_types":["new"],"changed_since_previous_build":"false","new_in_latest_build":"true","removed_from_latest_build":"false","source_archive_date":"2026-10-10T09:58:14Z","generation_type":"","primary_fuel":"","secondary_fuels":"","plant_role":"","technology":"","installed_capacity_mw":"","operational_status":"","classification_confidence":"","classification_confidence_score":"","classification_method":"","classification_sources":"","classification_notes":"","alternate_names":"","name_ru":"","match_score":"","match_method":"","matched_source_record_ids":"","is_nuclear":"","nuclear_status":"","reactor_count":"","operating_reactor_count":"","reactor_types":"","nuclear_reference_ids":"","radiological_risk":"","substation_type":"","voltage_kv":"","voltage_levels_kv":"","connected_generation_type":"","ecological_risk_category":"","political_significance":"","risk_assessment_status":"","references":[{"reference_id":"ref_09361dd4a2c7a64c","source_id":"russia_oil_power_map","source_name":"Russia Oil & Power Infrastructure Map","source_type":"map_layer","url":"https://russiaoilpowermap.com/data/custom_pins.json","archive_url":"","retrieved_at":"2026-10-10T09:58:14Z","source_record_id":"pin_68e1597ad80b18.73795892","source_file":"data/russia_oil_power_infrastructure.csv","source_line_or_record_id":"113704","extractor_version":"unknown","license_or_terms":"unknown","confidence_contribution":"0.82"}]}},{"type":"Feature","id":"infra_e7d1bb0fa72951f9","geometry":{"type":"Point","coordinates":[38.61012,54.588701]},"properties":{"uid":"infra_e7d1bb0fa72951f9","object_id":"infra_e7d1bb0fa72951f9","source":"russia_oil_power_map","source_dataset":"Russia Oil & Power Infrastructure Map","source_id":"russia_oil_power_map","source_record_id":"pin_68e1598f3adab4.79739411","source_url":"https://russiaoilpowermap.com/data/custom_pins.json","source_capture_date":"2026-10-10T09:58:14Z","source_layer":"custom_pins","source_reference_id":"ref_f0d0675054c59cee","source_name":"Russia Oil & Power Infrastructure Map","source_type":"map_layer","source_reliability":"B","license_or_terms":"unknown","name":"Railway Bridge","name_en":"","description":"","name_translated":"","description_translated":"","display_label":"Railway Bridge","asset_class":"transport","asset_type":"bridge","asset_subtype":"","domain":"transport","status":"","operator":"","product":"","country":"Russia","country_code":"","country_source":"","countries":["Russia"],"source_country":"Russia","country_match_method":"point_in_boundary","region":"","region_translated":"","subdivision":"","inn":"","is_sanctioned":"","is_mass_director":"","is_mass_founder":"","is_disqualified_persons":"","geometry_type":"Point","latitude":"54.58870100","longitude":"38.61012000","centroid_latitude":"54.58870100","centroid_longitude":"38.61012000","map_latitude":"54.58870100","map_longitude":"38.61012000","start_latitude":"54.588701","start_longitude":"38.61012","end_latitude":"54.588701","end_longitude":"38.61012","coordinate_count":"1","length_km":"","has_point_location":"true","location_quality":"exact","coordinate_precision":"exact","coordinate_source":"","entity_confidence":"high","freshness":"recent","cross_source_support":"1","review_status":"unreviewed","confidence":"A","confidence_grade":"A","confidence_score":"1.00","selectable":"true","map_layer":"transport_other","map_color":"#2a93d5","map_icon":"bridge","risk_flags":"","subcategory":"bridge","transport_functions":"","un_locode":"","locode_country":"","locode_location":"","iata":"","remarks":"","source_date":"","detected_language":"en_or_unknown","translation_source":"","derived_subcategory":"transport_bridge","derived_subcategory_label":"Bridge","derived_subcategory_confidence":"1.0","derived_subcategory_reason":"asset type","possible_duplicate_group":"","search_text":"Railway Bridge Railway Bridge transport bridge transport Russia Oil & Power Infrastructure Map custom_pins Bridge","references_json":"[{\"reference_id\":\"ref_f0d0675054c59cee\",\"source_id\":\"russia_oil_power_map\",\"source_name\":\"Russia Oil & Power Infrastructure Map\",\"source_type\":\"map_layer\",\"url\":\"https://russiaoilpowermap.com/data/custom_pins.json\",\"archive_url\":\"\",\"retrieved_at\":\"2026-10-10T09:58:14Z\",\"source_record_id\":\"pin_68e1598f3adab4.79739411\",\"source_file\":\"data/russia_oil_power_infrastructure.csv\",\"source_line_or_record_id\":\"113705\",\"extractor_version\":\"unknown\",\"license_or_terms\":\"unknown\",\"confidence_contribution\":\"0.82\"}]","first_seen_build":"2026-10-10T09:58:14Z","last_seen_build":"2026-10-10T09:58:14Z","change_status":"new","change_types":["new"],"changed_since_previous_build":"false","new_in_latest_build":"true","removed_from_latest_build":"false","source_archive_date":"2026-10-10T09:58:14Z","generation_type":"","primary_fuel":"","secondary_fuels":"","plant_role":"","technology":"","installed_capacity_mw":"","operational_status":"","classification_confidence":"","classification_confidence_score":"","classification_method":"","classification_sources":"","classification_notes":"","alternate_names":"","name_ru":"","match_score":"","match_method":"","matched_source_record_ids":"","is_nuclear":"","nuclear_status":"","reactor_count":"","operating_reactor_count":"","reactor_types":"","nuclear_reference_ids":"","radiological_risk":"","substation_type":"","voltage_kv":"","voltage_levels_kv":"","connected_generation_type":"","ecological_risk_category":"","political_significance":"","risk_assessment_status":"","references":[{"reference_id":"ref_f0d0675054c59cee","source_id":"russia_oil_power_map","source_name":"Russia Oil & Power Infrastructure Map","source_type":"map_layer","url":"https://russiaoilpowermap.com/data/custom_pins.json","archive_url":"","retrieved_at":"2026-10-10T09:58:14Z","source_record_id":"pin_68e1598f3adab4.79739411","source_file":"data/russia_oil_power_infrastructure.csv","source_line_or_record_id":"113705","extractor_version":"unknown","license_or_terms":"unknown","confidence_contribution":"0.82"}]}},{"type":"Feature","id":"infra_7a6c89ab53359d54","geometry":{"type":"Point","coordinates":[38.164787,54.861197]},"properties":{"uid":"infra_7a6c89ab53359d54","object_id":"infra_7a6c89ab53359d54","source":"russia_oil_power_map","source_dataset":"Russia Oil & Power Infrastructure Map","source_id":"russia_oil_power_map","source_record_id":"pin_68e1599a6dd6e3.14434298","source_url":"https://russiaoilpowermap.com/data/custom_pins.json","source_capture_date":"2026-10-10T09:58:14Z","source_layer":"custom_pins","source_reference_id":"ref_f5d7daa4558aae43","source_name":"Russia Oil & Power Infrastructure Map","source_type":"map_layer","source_reliability":"B","license_or_terms":"unknown","name":"Railway Bridge","name_en":"","description":"","name_translated":"","description_translated":"","display_label":"Railway Bridge","asset_class":"transport","asset_type":"bridge","asset_subtype":"","domain":"transport","status":"","operator":"","product":"","country":"Russia","country_code":"","country_source":"","countries":["Russia"],"source_country":"Russia","country_match_method":"point_in_boundary","region":"","region_translated":"","subdivision":"","inn":"","is_sanctioned":"","is_mass_director":"","is_mass_founder":"","is_disqualified_persons":"","geometry_type":"Point","latitude":"54.86119700","longitude":"38.16478700","centroid_latitude":"54.86119700","centroid_longitude":"38.16478700","map_latitude":"54.86119700","map_longitude":"38.16478700","start_latitude":"54.861197","start_longitude":"38.164787","end_latitude":"54.861197","end_longitude":"38.164787","coordinate_count":"1","length_km":"","has_point_location":"true","location_quality":"exact","coordinate_precision":"exact","coordinate_source":"","entity_confidence":"high","freshness":"recent","cross_source_support":"1","review_status":"unreviewed","confidence":"A","confidence_grade":"A","confidence_score":"1.00","selectable":"true","map_layer":"transport_other","map_color":"#2a93d5","map_icon":"bridge","risk_flags":"","subcategory":"bridge","transport_functions":"","un_locode":"","locode_country":"","locode_location":"","iata":"","remarks":"","source_date":"","detected_language":"en_or_unknown","translation_source":"","derived_subcategory":"transport_bridge","derived_subcategory_label":"Bridge","derived_subcategory_confidence":"1.0","derived_subcategory_reason":"asset type","possible_duplicate_group":"","search_text":"Railway Bridge Railway Bridge transport bridge transport Russia Oil & Power Infrastructure Map custom_pins Bridge","references_json":"[{\"reference_id\":\"ref_f5d7daa4558aae43\",\"source_id\":\"russia_oil_power_map\",\"source_name\":\"Russia Oil & Power Infrastructure Map\",\"source_type\":\"map_layer\",\"url\":\"https://russiaoilpowermap.com/data/custom_pins.json\",\"archive_url\":\"\",\"retrieved_at\":\"2026-10-10T09:58:14Z\",\"source_record_id\":\"pin_68e1599a6dd6e3.14434298\",\"source_file\":\"data/russia_oil_power_infrastructure.csv\",\"source_line_or_record_id\":\"113706\",\"extractor_version\":\"unknown\",\"license_or_terms\":\"unknown\",\"confidence_contribution\":\"0.82\"}]","first_seen_build":"2026-10-10T09:58:14Z","last_seen_build":"2026-10-10T09:58:14Z","change_status":"new","change_types":["new"],"changed_since_previous_build":"false","new_in_latest_build":"true","removed_from_latest_build":"false","source_archive_date":"2026-10-10T09:58:14Z","generation_type":"","primary_fuel":"","secondary_fuels":"","plant_role":"","technology":"","installed_capacity_mw":"","operational_status":"","classification_confidence":"","classification_confidence_score":"","classification_method":"","classification_sources":"","classification_notes":"","alternate_names":"","name_ru":"","match_score":"","match_method":"","matched_source_record_ids":"","is_nuclear":"","nuclear_status":"","reactor_count":"","operating_reactor_count":"","reactor_types":"","nuclear_reference_ids":"","radiological_risk":"","substation_type":"","voltage_kv":"","voltage_levels_kv":"","connected_generation_type":"","ecological_risk_category":"","political_significance":"","risk_assessment_status":"","references":[{"reference_id":"ref_f5d7daa4558aae43","source_id":"russia_oil_power_map","source_name":"Russia Oil & Power Infrastructure Map","source_type":"map_layer","url":"https://russiaoilpowermap.com/data/custom_pins.json","archive_url":"","retrieved_at":"2026-10-10T09:58:14Z","source_record_id":"pin_68e1599a6dd6e3.14434298","source_file":"data/russia_oil_power_infrastructure.csv","source_line_or_record_id":"113706","extractor_version":"unknown","license_or_terms":"unknown","confidence_contribution":"0.82"}]}},{"type":"Feature","id":"infra_49fcda6502543603","geometry":{"type":"Point","coordinates":[38.247571,54.293061]},"properties":{"uid":"infra_49fcda6502543603","object_id":"infra_49fcda6502543603","source":"russia_oil_power_map","source_dataset":"Russia Oil & Power Infrastructure Map","source_id":"russia_oil_power_map","source_record_id":"pin_68e159a64c5b80.35821746","source_url":"https://russiaoilpowermap.com/data/custom_pins.json","source_capture_date":"2026-10-10T09:58:14Z","source_layer":"custom_pins","source_reference_id":"ref_9b62cdf018826c04","source_name":"Russia Oil & Power Infrastructure Map","source_type":"map_layer","source_reliability":"B","license_or_terms":"unknown","name":"Railway Bridge","name_en":"","description":"","name_translated":"","description_translated":"","display_label":"Railway Bridge","asset_class":"transport","asset_type":"bridge","asset_subtype":"","domain":"transport","status":"","operator":"","product":"","country":"Russia","country_code":"","country_source":"","countries":["Russia"],"source_country":"Russia","country_match_method":"point_in_boundary","region":"","region_translated":"","subdivision":"","inn":"","is_sanctioned":"","is_mass_director":"","is_mass_founder":"","is_disqualified_persons":"","geometry_type":"Point","latitude":"54.29306100","longitude":"38.24757100","centroid_latitude":"54.29306100","centroid_longitude":"38.24757100","map_latitude":"54.29306100","map_longitude":"38.24757100","start_latitude":"54.293061","start_longitude":"38.247571","end_latitude":"54.293061","end_longitude":"38.247571","coordinate_count":"1","length_km":"","has_point_location":"true","location_quality":"exact","coordinate_precision":"exact","coordinate_source":"","entity_confidence":"high","freshness":"recent","cross_source_support":"1","review_status":"unreviewed","confidence":"A","confidence_grade":"A","confidence_score":"1.00","selectable":"true","map_layer":"transport_other","map_color":"#2a93d5","map_icon":"bridge","risk_flags":"","subcategory":"bridge","transport_functions":"","un_locode":"","locode_country":"","locode_location":"","iata":"","remarks":"","source_date":"","detected_language":"en_or_unknown","translation_source":"","derived_subcategory":"transport_bridge","derived_subcategory_label":"Bridge","derived_subcategory_confidence":"1.0","derived_subcategory_reason":"asset type","possible_duplicate_group":"","search_text":"Railway Bridge Railway Bridge transport bridge transport Russia Oil & Power Infrastructure Map custom_pins Bridge","references_json":"[{\"reference_id\":\"ref_9b62cdf018826c04\",\"source_id\":\"russia_oil_power_map\",\"source_name\":\"Russia Oil & Power Infrastructure Map\",\"source_type\":\"map_layer\",\"url\":\"https://russiaoilpowermap.com/data/custom_pins.json\",\"archive_url\":\"\",\"retrieved_at\":\"2026-10-10T09:58:14Z\",\"source_record_id\":\"pin_68e159a64c5b80.35821746\",\"source_file\":\"data/russia_oil_power_infrastructure.csv\",\"source_line_or_record_id\":\"113707\",\"extractor_version\":\"unknown\",\"license_or_terms\":\"unknown\",\"confidence_contribution\":\"0.82\"}]","first_seen_build":"2026-10-10T09:58:14Z","last_seen_build":"2026-10-10T09:58:14Z","change_status":"new","change_types":["new"],"changed_since_previous_build":"false","new_in_latest_build":"true","removed_from_latest_build":"false","source_archive_date":"2026-10-10T09:58:14Z","generation_type":"","primary_fuel":"","secondary_fuels":"","plant_role":"","technology":"","installed_capacity_mw":"","operational_status":"","classification_confidence":"","classification_confidence_score":"","classification_method":"","classification_sources":"","classification_notes":"","alternate_names":"","name_ru":"","match_score":"","match_method":"","matched_source_record_ids":"","is_nuclear":"","nuclear_status":"","reactor_count":"","operating_reactor_count":"","reactor_types":"","nuclear_reference_ids":"","radiological_risk":"","substation_type":"","voltage_kv":"","voltage_levels_kv":"","connected_generation_type":"","ecological_risk_category":"","political_significance":"","risk_assessment_status":"","references":[{"reference_id":"ref_9b62cdf018826c04","source_id":"russia_oil_power_map","source_name":"Russia Oil & Power Infrastructure Map","source_type":"map_layer","url":"https://russiaoilpowermap.com/data/custom_pins.json","archive_url":"","retrieved_at":"2026-10-10T09:58:14Z","source_record_id":"pin_68e159a64c5b80.35821746","source_file":"data/russia_oil_power_infrastructure.csv","source_line_or_record_id":"113707","extractor_version":"unknown","license_or_terms":"unknown","confidence_contribution":"0.82"}]}},{"type":"Feature","id":"infra_a846fceeda5040a8","geometry":{"type":"Point","coordinates":[35.974903,54.447786]},"properties":{"uid":"infra_a846fceeda5040a8","object_id":"infra_a846fceeda5040a8","source":"russia_oil_power_map","source_dataset":"Russia Oil & Power Infrastructure Map","source_id":"russia_oil_power_map","source_record_id":"pin_68e159c87b5237.12411419","source_url":"https://russiaoilpowermap.com/data/custom_pins.json","source_capture_date":"2026-10-10T09:58:14Z","source_layer":"custom_pins","source_reference_id":"ref_60abbefcb204a463","source_name":"Russia Oil & Power Infrastructure Map","source_type":"map_layer","source_reliability":"B","license_or_terms":"unknown","name":"Railway Bridge","name_en":"","description":"","name_translated":"","description_translated":"","display_label":"Railway Bridge","asset_class":"transport","asset_type":"bridge","asset_subtype":"","domain":"transport","status":"","operator":"","product":"","country":"Russia","country_code":"","country_source":"","countries":["Russia"],"source_country":"Russia","country_match_method":"point_in_boundary","region":"","region_translated":"","subdivision":"","inn":"","is_sanctioned":"","is_mass_director":"","is_mass_founder":"","is_disqualified_persons":"","geometry_type":"Point","latitude":"54.44778600","longitude":"35.97490300","centroid_latitude":"54.44778600","centroid_longitude":"35.97490300","map_latitude":"54.44778600","map_longitude":"35.97490300","start_latitude":"54.447786","start_longitude":"35.974903","end_latitude":"54.447786","end_longitude":"35.974903","coordinate_count":"1","length_km":"","has_point_location":"true","location_quality":"exact","coordinate_precision":"exact","coordinate_source":"","entity_confidence":"high","freshness":"recent","cross_source_support":"1","review_status":"unreviewed","confidence":"A","confidence_grade":"A","confidence_score":"1.00","selectable":"true","map_layer":"transport_other","map_color":"#2a93d5","map_icon":"bridge","risk_flags":"","subcategory":"bridge","transport_functions":"","un_locode":"","locode_country":"","locode_location":"","iata":"","remarks":"","source_date":"","detected_language":"en_or_unknown","translation_source":"","derived_subcategory":"transport_bridge","derived_subcategory_label":"Bridge","derived_subcategory_confidence":"1.0","derived_subcategory_reason":"asset type","possible_duplicate_group":"","search_text":"Railway Bridge Railway Bridge transport bridge transport Russia Oil & Power Infrastructure Map custom_pins Bridge","references_json":"[{\"reference_id\":\"ref_60abbefcb204a463\",\"source_id\":\"russia_oil_power_map\",\"source_name\":\"Russia Oil & Power Infrastructure Map\",\"source_type\":\"map_layer\",\"url\":\"https://russiaoilpowermap.com/data/custom_pins.json\",\"archive_url\":\"\",\"retrieved_at\":\"2026-10-10T09:58:14Z\",\"source_record_id\":\"pin_68e159c87b5237.12411419\",\"source_file\":\"data/russia_oil_power_infrastructure.csv\",\"source_line_or_record_id\":\"113708\",\"extractor_version\":\"unknown\",\"license_or_terms\":\"unknown\",\"confidence_contribution\":\"0.82\"}]","first_seen_build":"2026-10-10T09:58:14Z","last_seen_build":"2026-10-10T09:58:14Z","change_status":"new","change_types":["new"],"changed_since_previous_build":"false","new_in_latest_build":"true","removed_from_latest_build":"false","source_archive_date":"2026-10-10T09:58:14Z","generation_type":"","primary_fuel":"","secondary_fuels":"","plant_role":"","technology":"","installed_capacity_mw":"","operational_status":"","classification_confidence":"","classification_confidence_score":"","classification_method":"","classification_sources":"","classification_notes":"","alternate_names":"","name_ru":"","match_score":"","match_method":"","matched_source_record_ids":"","is_nuclear":"","nuclear_status":"","reactor_count":"","operating_reactor_count":"","reactor_types":"","nuclear_reference_ids":"","radiological_risk":"","substation_type":"","voltage_kv":"","voltage_levels_kv":"","connected_generation_type":"","ecological_risk_category":"","political_significance":"","risk_assessment_status":"","references":[{"reference_id":"ref_60abbefcb204a463","source_id":"russia_oil_power_map","source_name":"Russia Oil & Power Infrastructure Map","source_type":"map_layer","url":"https://russiaoilpowermap.com/data/custom_pins.json","archive_url":"","retrieved_at":"2026-10-10T09:58:14Z","source_record_id":"pin_68e159c87b5237.12411419","source_file":"data/russia_oil_power_infrastructure.csv","source_line_or_record_id":"113708","extractor_version":"unknown","license_or_terms":"unknown","confidence_contribution":"0.82"}]}},{"type":"Feature","id":"infra_6f17271169dcaae1","geometry":{"type":"Point","coordinates":[36.096911,54.508364]},"properties":{"uid":"infra_6f17271169dcaae1","object_id":"infra_6f17271169dcaae1","source":"russia_oil_power_map","source_dataset":"Russia Oil & Power Infrastructure Map","source_id":"russia_oil_power_map","source_record_id":"pin_68e159cec16751.19356879","source_url":"https://russiaoilpowermap.com/data/custom_pins.json","source_capture_date":"2026-10-10T09:58:14Z","source_layer":"custom_pins","source_reference_id":"ref_669b2cd62d6734f7","source_name":"Russia Oil & Power Infrastructure Map","source_type":"map_layer","source_reliability":"B","license_or_terms":"unknown","name":"Railway Bridge","name_en":"","description":"","name_translated":"","description_translated":"","display_label":"Railway Bridge","asset_class":"transport","asset_type":"bridge","asset_subtype":"","domain":"transport","status":"","operator":"","product":"","country":"Russia","country_code":"","country_source":"","countries":["Russia"],"source_country":"Russia","country_match_method":"point_in_boundary","region":"","region_translated":"","subdivision":"","inn":"","is_sanctioned":"","is_mass_director":"","is_mass_founder":"","is_disqualified_persons":"","geometry_type":"Point","latitude":"54.50836400","longitude":"36.09691100","centroid_latitude":"54.50836400","centroid_longitude":"36.09691100","map_latitude":"54.50836400","map_longitude":"36.09691100","start_latitude":"54.508364","start_longitude":"36.096911","end_latitude":"54.508364","end_longitude":"36.096911","coordinate_count":"1","length_km":"","has_point_location":"true","location_quality":"exact","coordinate_precision":"exact","coordinate_source":"","entity_confidence":"high","freshness":"recent","cross_source_support":"1","review_status":"unreviewed","confidence":"A","confidence_grade":"A","confidence_score":"1.00","selectable":"true","map_layer":"transport_other","map_color":"#2a93d5","map_icon":"bridge","risk_flags":"","subcategory":"bridge","transport_functions":"","un_locode":"","locode_country":"","locode_location":"","iata":"","remarks":"","source_date":"","detected_language":"en_or_unknown","translation_source":"","derived_subcategory":"transport_bridge","derived_subcategory_label":"Bridge","derived_subcategory_confidence":"1.0","derived_subcategory_reason":"asset type","possible_duplicate_group":"","search_text":"Railway Bridge Railway Bridge transport bridge transport Russia Oil & Power Infrastructure Map custom_pins Bridge","references_json":"[{\"reference_id\":\"ref_669b2cd62d6734f7\",\"source_id\":\"russia_oil_power_map\",\"source_name\":\"Russia Oil & Power Infrastructure Map\",\"source_type\":\"map_layer\",\"url\":\"https://russiaoilpowermap.com/data/custom_pins.json\",\"archive_url\":\"\",\"retrieved_at\":\"2026-10-10T09:58:14Z\",\"source_record_id\":\"pin_68e159cec16751.19356879\",\"source_file\":\"data/russia_oil_power_infrastructure.csv\",\"source_line_or_record_id\":\"113709\",\"extractor_version\":\"unknown\",\"license_or_terms\":\"unknown\",\"confidence_contribution\":\"0.82\"}]","first_seen_build":"2026-10-10T09:58:14Z","last_seen_build":"2026-10-10T09:58:14Z","change_status":"new","change_types":["new"],"changed_since_previous_build":"false","new_in_latest_build":"true","removed_from_latest_build":"false","source_archive_date":"2026-10-10T09:58:14Z","generation_type":"","primary_fuel":"","secondary_fuels":"","plant_role":"","technology":"","installed_capacity_mw":"","operational_status":"","classification_confidence":"","classification_confidence_score":"","classification_method":"","classification_sources":"","classification_notes":"","alternate_names":"","name_ru":"","match_score":"","match_method":"","matched_source_record_ids":"","is_nuclear":"","nuclear_status":"","reactor_count":"","operating_reactor_count":"","reactor_types":"","nuclear_reference_ids":"","radiological_risk":"","substation_type":"","voltage_kv":"","voltage_levels_kv":"","connected_generation_type":"","ecological_risk_category":"","political_significance":"","risk_assessment_status":"","references":[{"reference_id":"ref_669b2cd62d6734f7","source_id":"russia_oil_power_map","source_name":"Russia Oil & Power Infrastructure Map","source_type":"map_layer","url":"https://russiaoilpowermap.com/data/custom_pins.json","archive_url":"","retrieved_at":"2026-10-10T09:58:14Z","source_record_id":"pin_68e159cec16751.19356879","source_file":"data/russia_oil_power_infrastructure.csv","source_line_or_record_id":"113709","extractor_version":"unknown","license_or_terms":"unknown","confidence_contribution":"0.82"}]}},{"type":"Feature","id":"infra_b0c51fec9dc719c6","geometry":{"type":"Point","coordinates":[34.328477,55.425835]},"properties":{"uid":"infra_b0c51fec9dc719c6","object_id":"infra_b0c51fec9dc719c6","source":"russia_oil_power_map","source_dataset":"Russia Oil & Power Infrastructure Map","source_id":"russia_oil_power_map","source_record_id":"pin_68e159f74e0a51.91730556","source_url":"https://russiaoilpowermap.com/data/custom_pins.json","source_capture_date":"2026-10-10T09:58:14Z","source_layer":"custom_pins","source_reference_id":"ref_467cf854155409f9","source_name":"Russia Oil & Power Infrastructure Map","source_type":"map_layer","source_reliability":"B","license_or_terms":"unknown","name":"Railway Bridge","name_en":"","description":"","name_translated":"","description_translated":"","display_label":"Railway Bridge","asset_class":"transport","asset_type":"bridge","asset_subtype":"","domain":"transport","status":"","operator":"","product":"","country":"Russia","country_code":"","country_source":"","countries":["Russia"],"source_country":"Russia","country_match_method":"point_in_boundary","region":"","region_translated":"","subdivision":"","inn":"","is_sanctioned":"","is_mass_director":"","is_mass_founder":"","is_disqualified_persons":"","geometry_type":"Point","latitude":"55.42583500","longitude":"34.32847700","centroid_latitude":"55.42583500","centroid_longitude":"34.32847700","map_latitude":"55.42583500","map_longitude":"34.32847700","start_latitude":"55.425835","start_longitude":"34.328477","end_latitude":"55.425835","end_longitude":"34.328477","coordinate_count":"1","length_km":"","has_point_location":"true","location_quality":"exact","coordinate_precision":"exact","coordinate_source":"","entity_confidence":"high","freshness":"recent","cross_source_support":"1","review_status":"unreviewed","confidence":"A","confidence_grade":"A","confidence_score":"1.00","selectable":"true","map_layer":"transport_other","map_color":"#2a93d5","map_icon":"bridge","risk_flags":"","subcategory":"bridge","transport_functions":"","un_locode":"","locode_country":"","locode_location":"","iata":"","remarks":"","source_date":"","detected_language":"en_or_unknown","translation_source":"","derived_subcategory":"transport_bridge","derived_subcategory_label":"Bridge","derived_subcategory_confidence":"1.0","derived_subcategory_reason":"asset type","possible_duplicate_group":"","search_text":"Railway Bridge Railway Bridge transport bridge transport Russia Oil & Power Infrastructure Map custom_pins Bridge","references_json":"[{\"reference_id\":\"ref_467cf854155409f9\",\"source_id\":\"russia_oil_power_map\",\"source_name\":\"Russia Oil & Power Infrastructure Map\",\"source_type\":\"map_layer\",\"url\":\"https://russiaoilpowermap.com/data/custom_pins.json\",\"archive_url\":\"\",\"retrieved_at\":\"2026-10-10T09:58:14Z\",\"source_record_id\":\"pin_68e159f74e0a51.91730556\",\"source_file\":\"data/russia_oil_power_infrastructure.csv\",\"source_line_or_record_id\":\"113710\",\"extractor_version\":\"unknown\",\"license_or_terms\":\"unknown\",\"confidence_contribution\":\"0.82\"}]","first_seen_build":"2026-10-10T09:58:14Z","last_seen_build":"2026-10-10T09:58:14Z","change_status":"new","change_types":["new"],"changed_since_previous_build":"false","new_in_latest_build":"true","removed_from_latest_build":"false","source_archive_date":"2026-10-10T09:58:14Z","generation_type":"","primary_fuel":"","secondary_fuels":"","plant_role":"","technology":"","installed_capacity_mw":"","operational_status":"","classification_confidence":"","classification_confidence_score":"","classification_method":"","classification_sources":"","classification_notes":"","alternate_names":"","name_ru":"","match_score":"","match_method":"","matched_source_record_ids":"","is_nuclear":"","nuclear_status":"","reactor_count":"","operating_reactor_count":"","reactor_types":"","nuclear_reference_ids":"","radiological_risk":"","substation_type":"","voltage_kv":"","voltage_levels_kv":"","connected_generation_type":"","ecological_risk_category":"","political_significance":"","risk_assessment_status":"","references":[{"reference_id":"ref_467cf854155409f9","source_id":"russia_oil_power_map","source_name":"Russia Oil & Power Infrastructure Map","source_type":"map_layer","url":"https://russiaoilpowermap.com/data/custom_pins.json","archive_url":"","retrieved_at":"2026-10-10T09:58:14Z","source_record_id":"pin_68e159f74e0a51.91730556","source_file":"data/russia_oil_power_infrastructure.csv","source_line_or_record_id":"113710","extractor_version":"unknown","license_or_terms":"unknown","confidence_contribution":"0.82"}]}},{"type":"Feature","id":"infra_3b5c155e3c4dd52f","geometry":{"type":"Point","coordinates":[34.330709,55.39062]},"properties":{"uid":"infra_3b5c155e3c4dd52f","object_id":"infra_3b5c155e3c4dd52f","source":"russia_oil_power_map","source_dataset":"Russia Oil & Power Infrastructure Map","source_id":"russia_oil_power_map","source_record_id":"pin_68e15a094de213.10913977","source_url":"https://russiaoilpowermap.com/data/custom_pins.json","source_capture_date":"2026-10-10T09:58:14Z","source_layer":"custom_pins","source_reference_id":"ref_a084b15fcc5db87c","source_name":"Russia Oil & Power Infrastructure Map","source_type":"map_layer","source_reliability":"B","license_or_terms":"unknown","name":"Railway Bridge","name_en":"","description":"","name_translated":"","description_translated":"","display_label":"Railway Bridge","asset_class":"transport","asset_type":"bridge","asset_subtype":"","domain":"transport","status":"","operator":"","product":"","country":"Russia","country_code":"","country_source":"","countries":["Russia"],"source_country":"Russia","country_match_method":"point_in_boundary","region":"","region_translated":"","subdivision":"","inn":"","is_sanctioned":"","is_mass_director":"","is_mass_founder":"","is_disqualified_persons":"","geometry_type":"Point","latitude":"55.39062000","longitude":"34.33070900","centroid_latitude":"55.39062000","centroid_longitude":"34.33070900","map_latitude":"55.39062000","map_longitude":"34.33070900","start_latitude":"55.39062","start_longitude":"34.330709","end_latitude":"55.39062","end_longitude":"34.330709","coordinate_count":"1","length_km":"","has_point_location":"true","location_quality":"exact","coordinate_precision":"exact","coordinate_source":"","entity_confidence":"high","freshness":"recent","cross_source_support":"1","review_status":"unreviewed","confidence":"A","confidence_grade":"A","confidence_score":"1.00","selectable":"true","map_layer":"transport_other","map_color":"#2a93d5","map_icon":"bridge","risk_flags":"","subcategory":"bridge","transport_functions":"","un_locode":"","locode_country":"","locode_location":"","iata":"","remarks":"","source_date":"","detected_language":"en_or_unknown","translation_source":"","derived_subcategory":"transport_bridge","derived_subcategory_label":"Bridge","derived_subcategory_confidence":"1.0","derived_subcategory_reason":"asset type","possible_duplicate_group":"","search_text":"Railway Bridge Railway Bridge transport bridge transport Russia Oil & Power Infrastructure Map custom_pins Bridge","references_json":"[{\"reference_id\":\"ref_a084b15fcc5db87c\",\"source_id\":\"russia_oil_power_map\",\"source_name\":\"Russia Oil & Power Infrastructure Map\",\"source_type\":\"map_layer\",\"url\":\"https://russiaoilpowermap.com/data/custom_pins.json\",\"archive_url\":\"\",\"retrieved_at\":\"2026-10-10T09:58:14Z\",\"source_record_id\":\"pin_68e15a094de213.10913977\",\"source_file\":\"data/russia_oil_power_infrastructure.csv\",\"source_line_or_record_id\":\"113711\",\"extractor_version\":\"unknown\",\"license_or_terms\":\"unknown\",\"confidence_contribution\":\"0.82\"}]","first_seen_build":"2026-10-10T09:58:14Z","last_seen_build":"2026-10-10T09:58:14Z","change_status":"new","change_types":["new"],"changed_since_previous_build":"false","new_in_latest_build":"true","removed_from_latest_build":"false","source_archive_date":"2026-10-10T09:58:14Z","generation_type":"","primary_fuel":"","secondary_fuels":"","plant_role":"","technology":"","installed_capacity_mw":"","operational_status":"","classification_confidence":"","classification_confidence_score":"","classification_method":"","classification_sources":"","classification_notes":"","alternate_names":"","name_ru":"","match_score":"","match_method":"","matched_source_record_ids":"","is_nuclear":"","nuclear_status":"","reactor_count":"","operating_reactor_count":"","reactor_types":"","nuclear_reference_ids":"","radiological_risk":"","substation_type":"","voltage_kv":"","voltage_levels_kv":"","connected_generation_type":"","ecological_risk_category":"","political_significance":"","risk_assessment_status":"","references":[{"reference_id":"ref_a084b15fcc5db87c","source_id":"russia_oil_power_map","source_name":"Russia Oil & Power Infrastructure Map","source_type":"map_layer","url":"https://russiaoilpowermap.com/data/custom_pins.json","archive_url":"","retrieved_at":"2026-10-10T09:58:14Z","source_record_id":"pin_68e15a094de213.10913977","source_file":"data/russia_oil_power_infrastructure.csv","source_line_or_record_id":"113711","extractor_version":"unknown","license_or_terms":"unknown","confidence_contribution":"0.82"}]}},{"type":"Feature","id":"infra_087cad13bcc08948","geometry":{"type":"Point","coordinates":[34.757792,55.157671]},"properties":{"uid":"infra_087cad13bcc08948","object_id":"infra_087cad13bcc08948","source":"russia_oil_power_map","source_dataset":"Russia Oil & Power Infrastructure Map","source_id":"russia_oil_power_map","source_record_id":"pin_68e15a144d7c55.03338642","source_url":"https://russiaoilpowermap.com/data/custom_pins.json","source_capture_date":"2026-10-10T09:58:14Z","source_layer":"custom_pins","source_reference_id":"ref_c29cf8260d7db614","source_name":"Russia Oil & Power Infrastructure Map","source_type":"map_layer","source_reliability":"B","license_or_terms":"unknown","name":"Railway Bridge","name_en":"","description":"","name_translated":"","description_translated":"","display_label":"Railway Bridge","asset_class":"transport","asset_type":"bridge","asset_subtype":"","domain":"transport","status":"","operator":"","product":"","country":"Russia","country_code":"","country_source":"","countries":["Russia"],"source_country":"Russia","country_match_method":"point_in_boundary","region":"","region_translated":"","subdivision":"","inn":"","is_sanctioned":"","is_mass_director":"","is_mass_founder":"","is_disqualified_persons":"","geometry_type":"Point","latitude":"55.15767100","longitude":"34.75779200","centroid_latitude":"55.15767100","centroid_longitude":"34.75779200","map_latitude":"55.15767100","map_longitude":"34.75779200","start_latitude":"55.157671","start_longitude":"34.757792","end_latitude":"55.157671","end_longitude":"34.757792","coordinate_count":"1","length_km":"","has_point_location":"true","location_quality":"exact","coordinate_precision":"exact","coordinate_source":"","entity_confidence":"high","freshness":"recent","cross_source_support":"1","review_status":"unreviewed","confidence":"A","confidence_grade":"A","confidence_score":"1.00","selectable":"true","map_layer":"transport_other","map_color":"#2a93d5","map_icon":"bridge","risk_flags":"","subcategory":"bridge","transport_functions":"","un_locode":"","locode_country":"","locode_location":"","iata":"","remarks":"","source_date":"","detected_language":"en_or_unknown","translation_source":"","derived_subcategory":"transport_bridge","derived_subcategory_label":"Bridge","derived_subcategory_confidence":"1.0","derived_subcategory_reason":"asset type","possible_duplicate_group":"","search_text":"Railway Bridge Railway Bridge transport bridge transport Russia Oil & Power Infrastructure Map custom_pins Bridge","references_json":"[{\"reference_id\":\"ref_c29cf8260d7db614\",\"source_id\":\"russia_oil_power_map\",\"source_name\":\"Russia Oil & Power Infrastructure Map\",\"source_type\":\"map_layer\",\"url\":\"https://russiaoilpowermap.com/data/custom_pins.json\",\"archive_url\":\"\",\"retrieved_at\":\"2026-10-10T09:58:14Z\",\"source_record_id\":\"pin_68e15a144d7c55.03338642\",\"source_file\":\"data/russia_oil_power_infrastructure.csv\",\"source_line_or_record_id\":\"113712\",\"extractor_version\":\"unknown\",\"license_or_terms\":\"unknown\",\"confidence_contribution\":\"0.82\"}]","first_seen_build":"2026-10-10T09:58:14Z","last_seen_build":"2026-10-10T09:58:14Z","change_status":"new","change_types":["new"],"changed_since_previous_build":"false","new_in_latest_build":"true","removed_from_latest_build":"false","source_archive_date":"2026-10-10T09:58:14Z","generation_type":"","primary_fuel":"","secondary_fuels":"","plant_role":"","technology":"","installed_capacity_mw":"","operational_status":"","classification_confidence":"","classification_confidence_score":"","classification_method":"","classification_sources":"","classification_notes":"","alternate_names":"","name_ru":"","match_score":"","match_method":"","matched_source_record_ids":"","is_nuclear":"","nuclear_status":"","reactor_count":"","operating_reactor_count":"","reactor_types":"","nuclear_reference_ids":"","radiological_risk":"","substation_type":"","voltage_kv":"","voltage_levels_kv":"","connected_generation_type":"","ecological_risk_category":"","political_significance":"","risk_assessment_status":"","references":[{"reference_id":"ref_c29cf8260d7db614","source_id":"russia_oil_power_map","source_name":"Russia Oil & Power Infrastructure Map","source_type":"map_layer","url":"https://russiaoilpowermap.com/data/custom_pins.json","archive_url":"","retrieved_at":"2026-10-10T09:58:14Z","source_record_id":"pin_68e15a144d7c55.03338642","source_file":"data/russia_oil_power_infrastructure.csv","source_line_or_record_id":"113712","extractor_version":"unknown","license_or_terms":"unknown","confidence_contribution":"0.82"}]}},{"type":"Feature","id":"infra_213a0ed34876f085","geometry":{"type":"Point","coordinates":[35.063381,55.530671]},"properties":{"uid":"infra_213a0ed34876f085","object_id":"infra_213a0ed34876f085","source":"russia_oil_power_map","source_dataset":"Russia Oil & Power Infrastructure Map","source_id":"russia_oil_power_map","source_record_id":"pin_68e15a3331d011.61549353","source_url":"https://russiaoilpowermap.com/data/custom_pins.json","source_capture_date":"2026-10-10T09:58:14Z","source_layer":"custom_pins","source_reference_id":"ref_57b2f6de3f43a4ff","source_name":"Russia Oil & Power Infrastructure Map","source_type":"map_layer","source_reliability":"B","license_or_terms":"unknown","name":"Railway Bridge","name_en":"","description":"","name_translated":"","description_translated":"","display_label":"Railway Bridge","asset_class":"transport","asset_type":"bridge","asset_subtype":"","domain":"transport","status":"","operator":"","product":"","country":"Russia","country_code":"","country_source":"","countries":["Russia"],"source_country":"Russia","country_match_method":"point_in_boundary","region":"","region_translated":"","subdivision":"","inn":"","is_sanctioned":"","is_mass_director":"","is_mass_founder":"","is_disqualified_persons":"","geometry_type":"Point","latitude":"55.53067100","longitude":"35.06338100","centroid_latitude":"55.53067100","centroid_longitude":"35.06338100","map_latitude":"55.53067100","map_longitude":"35.06338100","start_latitude":"55.530671","start_longitude":"35.063381","end_latitude":"55.530671","end_longitude":"35.063381","coordinate_count":"1","length_km":"","has_point_location":"true","location_quality":"exact","coordinate_precision":"exact","coordinate_source":"","entity_confidence":"high","freshness":"recent","cross_source_support":"1","review_status":"unreviewed","confidence":"A","confidence_grade":"A","confidence_score":"1.00","selectable":"true","map_layer":"transport_other","map_color":"#2a93d5","map_icon":"bridge","risk_flags":"","subcategory":"bridge","transport_functions":"","un_locode":"","locode_country":"","locode_location":"","iata":"","remarks":"","source_date":"","detected_language":"en_or_unknown","translation_source":"","derived_subcategory":"transport_bridge","derived_subcategory_label":"Bridge","derived_subcategory_confidence":"1.0","derived_subcategory_reason":"asset type","possible_duplicate_group":"","search_text":"Railway Bridge Railway Bridge transport bridge transport Russia Oil & Power Infrastructure Map custom_pins Bridge","references_json":"[{\"reference_id\":\"ref_57b2f6de3f43a4ff\",\"source_id\":\"russia_oil_power_map\",\"source_name\":\"Russia Oil & Power Infrastructure Map\",\"source_type\":\"map_layer\",\"url\":\"https://russiaoilpowermap.com/data/custom_pins.json\",\"archive_url\":\"\",\"retrieved_at\":\"2026-10-10T09:58:14Z\",\"source_record_id\":\"pin_68e15a3331d011.61549353\",\"source_file\":\"data/russia_oil_power_infrastructure.csv\",\"source_line_or_record_id\":\"113713\",\"extractor_version\":\"unknown\",\"license_or_terms\":\"unknown\",\"confidence_contribution\":\"0.82\"}]","first_seen_build":"2026-10-10T09:58:14Z","last_seen_build":"2026-10-10T09:58:14Z","change_status":"new","change_types":["new"],"changed_since_previous_build":"false","new_in_latest_build":"true","removed_from_latest_build":"false","source_archive_date":"2026-10-10T09:58:14Z","generation_type":"","primary_fuel":"","secondary_fuels":"","plant_role":"","technology":"","installed_capacity_mw":"","operational_status":"","classification_confidence":"","classification_confidence_score":"","classification_method":"","classification_sources":"","classification_notes":"","alternate_names":"","name_ru":"","match_score":"","match_method":"","matched_source_record_ids":"","is_nuclear":"","nuclear_status":"","reactor_count":"","operating_reactor_count":"","reactor_types":"","nuclear_reference_ids":"","radiological_risk":"","substation_type":"","voltage_kv":"","voltage_levels_kv":"","connected_generation_type":"","ecological_risk_category":"","political_significance":"","risk_assessment_status":"","references":[{"reference_id":"ref_57b2f6de3f43a4ff","source_id":"russia_oil_power_map","source_name":"Russia Oil & Power Infrastructure Map","source_type":"map_layer","url":"https://russiaoilpowermap.com/data/custom_pins.json","archive_url":"","retrieved_at":"2026-10-10T09:58:14Z","source_record_id":"pin_68e15a3331d011.61549353","source_file":"data/russia_oil_power_infrastructure.csv","source_line_or_record_id":"113713","extractor_version":"unknown","license_or_terms":"unknown","confidence_contribution":"0.82"}]}},{"type":"Feature","id":"infra_9ab7ea17dec9b03e","geometry":{"type":"Point","coordinates":[36.465662,56.598685]},"properties":{"uid":"infra_9ab7ea17dec9b03e","object_id":"infra_9ab7ea17dec9b03e","source":"russia_oil_power_map","source_dataset":"Russia Oil & Power Infrastructure Map","source_id":"russia_oil_power_map","source_record_id":"pin_6aacb2078e9694.46426743","source_url":"https://russiaoilpowermap.com/data/custom_pins.json","source_capture_date":"2026-10-10T09:58:14Z","source_layer":"custom_pins","source_reference_id":"ref_815ff7067263c69a","source_name":"Russia Oil & Power Infrastructure Map","source_type":"map_layer","source_reliability":"B","license_or_terms":"unknown","name":"Railway Bridge","name_en":"","description":"","name_translated":"","description_translated":"","display_label":"Railway Bridge","asset_class":"transport","asset_type":"bridge","asset_subtype":"","domain":"transport","status":"","operator":"","product":"","country":"Russia","country_code":"","country_source":"","countries":["Russia"],"source_country":"Russia","country_match_method":"point_in_boundary","region":"","region_translated":"","subdivision":"","inn":"","is_sanctioned":"","is_mass_director":"","is_mass_founder":"","is_disqualified_persons":"","geometry_type":"Point","latitude":"56.59868500","longitude":"36.46566200","centroid_latitude":"56.59868500","centroid_longitude":"36.46566200","map_latitude":"56.59868500","map_longitude":"36.46566200","start_latitude":"56.598685","start_longitude":"36.465662","end_latitude":"56.598685","end_longitude":"36.465662","coordinate_count":"1","length_km":"","has_point_location":"true","location_quality":"exact","coordinate_precision":"exact","coordinate_source":"","entity_confidence":"high","freshness":"recent","cross_source_support":"1","review_status":"unreviewed","confidence":"A","confidence_grade":"A","confidence_score":"1.00","selectable":"true","map_layer":"transport_other","map_color":"#2a93d5","map_icon":"bridge","risk_flags":"","subcategory":"bridge","transport_functions":"","un_locode":"","locode_country":"","locode_location":"","iata":"","remarks":"","source_date":"","detected_language":"en_or_unknown","translation_source":"","derived_subcategory":"transport_bridge","derived_subcategory_label":"Bridge","derived_subcategory_confidence":"1.0","derived_subcategory_reason":"asset type","possible_duplicate_group":"","search_text":"Railway Bridge Railway Bridge transport bridge transport Russia Oil & Power Infrastructure Map custom_pins Bridge","references_json":"[{\"reference_id\":\"ref_815ff7067263c69a\",\"source_id\":\"russia_oil_power_map\",\"source_name\":\"Russia Oil & Power Infrastructure Map\",\"source_type\":\"map_layer\",\"url\":\"https://russiaoilpowermap.com/data/custom_pins.json\",\"archive_url\":\"\",\"retrieved_at\":\"2026-10-10T09:58:14Z\",\"source_record_id\":\"pin_6aacb2078e9694.46426743\",\"source_file\":\"data/russia_oil_power_infrastructure.csv\",\"source_line_or_record_id\":\"113714\",\"extractor_version\":\"unknown\",\"license_or_terms\":\"unknown\",\"confidence_contribution\":\"0.82\"}]","first_seen_build":"2026-10-10T09:58:14Z","last_seen_build":"2026-10-10T09:58:14Z","change_status":"new","change_types":["new"],"changed_since_previous_build":"false","new_in_latest_build":"true","removed_from_latest_build":"false","source_archive_date":"2026-10-10T09:58:14Z","generation_type":"","primary_fuel":"","secondary_fuels":"","plant_role":"","technology":"","installed_capacity_mw":"","operational_status":"","classification_confidence":"","classification_confidence_score":"","classification_method":"","classification_sources":"","classification_notes":"","alternate_names":"","name_ru":"","match_score":"","match_method":"","matched_source_record_ids":"","is_nuclear":"","nuclear_status":"","reactor_count":"","operating_reactor_count":"","reactor_types":"","nuclear_reference_ids":"","radiological_risk":"","substation_type":"","voltage_kv":"","voltage_levels_kv":"","connected_generation_type":"","ecological_risk_category":"","political_significance":"","risk_assessment_status":"","references":[{"reference_id":"ref_815ff7067263c69a","source_id":"russia_oil_power_map","source_name":"Russia Oil & Power Infrastructure Map","source_type":"map_layer","url":"https://russiaoilpowermap.com/data/custom_pins.json","archive_url":"","retrieved_at":"2026-10-10T09:58:14Z","source_record_id":"pin_6aacb2078e9694.46426743","source_file":"data/russia_oil_power_infrastructure.csv","source_line_or_record_id":"113714","extractor_version":"unknown","license_or_terms":"unknown","confidence_contribution":"0.82"}]}},{"type":"Feature","id":"infra_196716ae6cc153c1","geometry":{"type":"Point","coordinates":[36.388435,56.582935]},"properties":{"uid":"infra_196716ae6cc153c1","object_id":"infra_196716ae6cc153c1","source":"russia_oil_power_map","source_dataset":"Russia Oil & Power Infrastructure Map","source_id":"russia_oil_power_map","source_record_id":"pin_6aacb218049b37.93676234","source_url":"https://russiaoilpowermap.com/data/custom_pins.json","source_capture_date":"2026-10-10T09:58:14Z","source_layer":"custom_pins","source_reference_id":"ref_c6b9db0399b30597","source_name":"Russia Oil & Power Infrastructure Map","source_type":"map_layer","source_reliability":"B","license_or_terms":"unknown","name":"Railway Bridge","name_en":"","description":"","name_translated":"","description_translated":"","display_label":"Railway Bridge","asset_class":"transport","asset_type":"bridge","asset_subtype":"","domain":"transport","status":"","operator":"","product":"","country":"Russia","country_code":"","country_source":"","countries":["Russia"],"source_country":"Russia","country_match_method":"point_in_boundary","region":"","region_translated":"","subdivision":"","inn":"","is_sanctioned":"","is_mass_director":"","is_mass_founder":"","is_disqualified_persons":"","geometry_type":"Point","latitude":"56.58293500","longitude":"36.38843500","centroid_latitude":"56.58293500","centroid_longitude":"36.38843500","map_latitude":"56.58293500","map_longitude":"36.38843500","start_latitude":"56.582935","start_longitude":"36.388435","end_latitude":"56.582935","end_longitude":"36.388435","coordinate_count":"1","length_km":"","has_point_location":"true","location_quality":"exact","coordinate_precision":"exact","coordinate_source":"","entity_confidence":"high","freshness":"recent","cross_source_support":"1","review_status":"unreviewed","confidence":"A","confidence_grade":"A","confidence_score":"1.00","selectable":"true","map_layer":"transport_other","map_color":"#2a93d5","map_icon":"bridge","risk_flags":"","subcategory":"bridge","transport_functions":"","un_locode":"","locode_country":"","locode_location":"","iata":"","remarks":"","source_date":"","detected_language":"en_or_unknown","translation_source":"","derived_subcategory":"transport_bridge","derived_subcategory_label":"Bridge","derived_subcategory_confidence":"1.0","derived_subcategory_reason":"asset type","possible_duplicate_group":"","search_text":"Railway Bridge Railway Bridge transport bridge transport Russia Oil & Power Infrastructure Map custom_pins Bridge","references_json":"[{\"reference_id\":\"ref_c6b9db0399b30597\",\"source_id\":\"russia_oil_power_map\",\"source_name\":\"Russia Oil & Power Infrastructure Map\",\"source_type\":\"map_layer\",\"url\":\"https://russiaoilpowermap.com/data/custom_pins.json\",\"archive_url\":\"\",\"retrieved_at\":\"2026-10-10T09:58:14Z\",\"source_record_id\":\"pin_6aacb218049b37.93676234\",\"source_file\":\"data/russia_oil_power_infrastructure.csv\",\"source_line_or_record_id\":\"113715\",\"extractor_version\":\"unknown\",\"license_or_terms\":\"unknown\",\"confidence_contribution\":\"0.82\"}]","first_seen_build":"2026-10-10T09:58:14Z","last_seen_build":"2026-10-10T09:58:14Z","change_status":"new","change_types":["new"],"changed_since_previous_build":"false","new_in_latest_build":"true","removed_from_latest_build":"false","source_archive_date":"2026-10-10T09:58:14Z","generation_type":"","primary_fuel":"","secondary_fuels":"","plant_role":"","technology":"","installed_capacity_mw":"","operational_status":"","classification_confidence":"","classification_confidence_score":"","classification_method":"","classification_sources":"","classification_notes":"","alternate_names":"","name_ru":"","match_score":"","match_method":"","matched_source_record_ids":"","is_nuclear":"","nuclear_status":"","reactor_count":"","operating_reactor_count":"","reactor_types":"","nuclear_reference_ids":"","radiological_risk":"","substation_type":"","voltage_kv":"","voltage_levels_kv":"","connected_generation_type":"","ecological_risk_category":"","political_significance":"","risk_assessment_status":"","references":[{"reference_id":"ref_c6b9db0399b30597","source_id":"russia_oil_power_map","source_name":"Russia Oil & Power Infrastructure Map","source_type":"map_layer","url":"https://russiaoilpowermap.com/data/custom_pins.json","archive_url":"","retrieved_at":"2026-10-10T09:58:14Z","source_record_id":"pin_6aacb218049b37.93676234","source_file":"data/russia_oil_power_infrastructure.csv","source_line_or_record_id":"113715","extractor_version":"unknown","license_or_terms":"unknown","confidence_contribution":"0.82"}]}},{"type":"Feature","id":"infra_4e6dd4d80d6c0bd2","geometry":{"type":"Point","coordinates":[31.774821,59.069612]},"properties":{"uid":"infra_4e6dd4d80d6c0bd2","object_id":"infra_4e6dd4d80d6c0bd2","source":"russia_oil_power_map","source_dataset":"Russia Oil & Power Infrastructure Map","source_id":"russia_oil_power_map","source_record_id":"pin_6aacb2793343c0.98600118","source_url":"https://russiaoilpowermap.com/data/custom_pins.json","source_capture_date":"2026-10-10T09:58:14Z","source_layer":"custom_pins","source_reference_id":"ref_1b287a5bd5197522","source_name":"Russia Oil & Power Infrastructure Map","source_type":"map_layer","source_reliability":"B","license_or_terms":"unknown","name":"Railway Bridge","name_en":"","description":"","name_translated":"","description_translated":"","display_label":"Railway Bridge","asset_class":"transport","asset_type":"bridge","asset_subtype":"","domain":"transport","status":"","operator":"","product":"","country":"Russia","country_code":"","country_source":"","countries":["Russia"],"source_country":"Russia","country_match_method":"point_in_boundary","region":"","region_translated":"","subdivision":"","inn":"","is_sanctioned":"","is_mass_director":"","is_mass_founder":"","is_disqualified_persons":"","geometry_type":"Point","latitude":"59.06961200","longitude":"31.77482100","centroid_latitude":"59.06961200","centroid_longitude":"31.77482100","map_latitude":"59.06961200","map_longitude":"31.77482100","start_latitude":"59.069612","start_longitude":"31.774821","end_latitude":"59.069612","end_longitude":"31.774821","coordinate_count":"1","length_km":"","has_point_location":"true","location_quality":"exact","coordinate_precision":"exact","coordinate_source":"","entity_confidence":"high","freshness":"recent","cross_source_support":"1","review_status":"unreviewed","confidence":"A","confidence_grade":"A","confidence_score":"1.00","selectable":"true","map_layer":"transport_other","map_color":"#2a93d5","map_icon":"bridge","risk_flags":"","subcategory":"bridge","transport_functions":"","un_locode":"","locode_country":"","locode_location":"","iata":"","remarks":"","source_date":"","detected_language":"en_or_unknown","translation_source":"","derived_subcategory":"transport_bridge","derived_subcategory_label":"Bridge","derived_subcategory_confidence":"1.0","derived_subcategory_reason":"asset type","possible_duplicate_group":"","search_text":"Railway Bridge Railway Bridge transport bridge transport Russia Oil & Power Infrastructure Map custom_pins Bridge","references_json":"[{\"reference_id\":\"ref_1b287a5bd5197522\",\"source_id\":\"russia_oil_power_map\",\"source_name\":\"Russia Oil & Power Infrastructure Map\",\"source_type\":\"map_layer\",\"url\":\"https://russiaoilpowermap.com/data/custom_pins.json\",\"archive_url\":\"\",\"retrieved_at\":\"2026-10-10T09:58:14Z\",\"source_record_id\":\"pin_6aacb2793343c0.98600118\",\"source_file\":\"data/russia_oil_power_infrastructure.csv\",\"source_line_or_record_id\":\"113716\",\"extractor_version\":\"unknown\",\"license_or_terms\":\"unknown\",\"confidence_contribution\":\"0.82\"}]","first_seen_build":"2026-10-10T09:58:14Z","last_seen_build":"2026-10-10T09:58:14Z","change_status":"new","change_types":["new"],"changed_since_previous_build":"false","new_in_latest_build":"true","removed_from_latest_build":"false","source_archive_date":"2026-10-10T09:58:14Z","generation_type":"","primary_fuel":"","secondary_fuels":"","plant_role":"","technology":"","installed_capacity_mw":"","operational_status":"","classification_confidence":"","classification_confidence_score":"","classification_method":"","classification_sources":"","classification_notes":"","alternate_names":"","name_ru":"","match_score":"","match_method":"","matched_source_record_ids":"","is_nuclear":"","nuclear_status":"","reactor_count":"","operating_reactor_count":"","reactor_types":"","nuclear_reference_ids":"","radiological_risk":"","substation_type":"","voltage_kv":"","voltage_levels_kv":"","connected_generation_type":"","ecological_risk_category":"","political_significance":"","risk_assessment_status":"","references":[{"reference_id":"ref_1b287a5bd5197522","source_id":"russia_oil_power_map","source_name":"Russia Oil & Power Infrastructure Map","source_type":"map_layer","url":"https://russiaoilpowermap.com/data/custom_pins.json","archive_url":"","retrieved_at":"2026-10-10T09:58:14Z","source_record_id":"pin_6aacb2793343c0.98600118","source_file":"data/russia_oil_power_infrastructure.csv","source_line_or_record_id":"113716","extractor_version":"unknown","license_or_terms":"unknown","confidence_contribution":"0.82"}]}},{"type":"Feature","id":"infra_e7357fc8c162737a","geometry":{"type":"Point","coordinates":[34.361415,54.103319]},"properties":{"uid":"infra_e7357fc8c162737a","object_id":"infra_e7357fc8c162737a","source":"russia_oil_power_map","source_dataset":"Russia Oil & Power Infrastructure Map","source_id":"russia_oil_power_map","source_record_id":"pin_6aacb2ce360d10.04843260","source_url":"https://russiaoilpowermap.com/data/custom_pins.json","source_capture_date":"2026-10-10T09:58:14Z","source_layer":"custom_pins","source_reference_id":"ref_02f1fa2f738642b5","source_name":"Russia Oil & Power Infrastructure Map","source_type":"map_layer","source_reliability":"B","license_or_terms":"unknown","name":"Railway Bridge","name_en":"","description":"","name_translated":"","description_translated":"","display_label":"Railway Bridge","asset_class":"transport","asset_type":"bridge","asset_subtype":"","domain":"transport","status":"","operator":"","product":"","country":"Russia","country_code":"","country_source":"","countries":["Russia"],"source_country":"Russia","country_match_method":"point_in_boundary","region":"","region_translated":"","subdivision":"","inn":"","is_sanctioned":"","is_mass_director":"","is_mass_founder":"","is_disqualified_persons":"","geometry_type":"Point","latitude":"54.10331900","longitude":"34.36141500","centroid_latitude":"54.10331900","centroid_longitude":"34.36141500","map_latitude":"54.10331900","map_longitude":"34.36141500","start_latitude":"54.103319","start_longitude":"34.361415","end_latitude":"54.103319","end_longitude":"34.361415","coordinate_count":"1","length_km":"","has_point_location":"true","location_quality":"exact","coordinate_precision":"exact","coordinate_source":"","entity_confidence":"high","freshness":"recent","cross_source_support":"1","review_status":"unreviewed","confidence":"A","confidence_grade":"A","confidence_score":"1.00","selectable":"true","map_layer":"transport_other","map_color":"#2a93d5","map_icon":"bridge","risk_flags":"","subcategory":"bridge","transport_functions":"","un_locode":"","locode_country":"","locode_location":"","iata":"","remarks":"","source_date":"","detected_language":"en_or_unknown","translation_source":"","derived_subcategory":"transport_bridge","derived_subcategory_label":"Bridge","derived_subcategory_confidence":"1.0","derived_subcategory_reason":"asset type","possible_duplicate_group":"","search_text":"Railway Bridge Railway Bridge transport bridge transport Russia Oil & Power Infrastructure Map custom_pins Bridge","references_json":"[{\"reference_id\":\"ref_02f1fa2f738642b5\",\"source_id\":\"russia_oil_power_map\",\"source_name\":\"Russia Oil & Power Infrastructure Map\",\"source_type\":\"map_layer\",\"url\":\"https://russiaoilpowermap.com/data/custom_pins.json\",\"archive_url\":\"\",\"retrieved_at\":\"2026-10-10T09:58:14Z\",\"source_record_id\":\"pin_6aacb2ce360d10.04843260\",\"source_file\":\"data/russia_oil_power_infrastructure.csv\",\"source_line_or_record_id\":\"113717\",\"extractor_version\":\"unknown\",\"license_or_terms\":\"unknown\",\"confidence_contribution\":\"0.82\"}]","first_seen_build":"2026-10-10T09:58:14Z","last_seen_build":"2026-10-10T09:58:14Z","change_status":"new","change_types":["new"],"changed_since_previous_build":"false","new_in_latest_build":"true","removed_from_latest_build":"false","source_archive_date":"2026-10-10T09:58:14Z","generation_type":"","primary_fuel":"","secondary_fuels":"","plant_role":"","technology":"","installed_capacity_mw":"","operational_status":"","classification_confidence":"","classification_confidence_score":"","classification_method":"","classification_sources":"","classification_notes":"","alternate_names":"","name_ru":"","match_score":"","match_method":"","matched_source_record_ids":"","is_nuclear":"","nuclear_status":"","reactor_count":"","operating_reactor_count":"","reactor_types":"","nuclear_reference_ids":"","radiological_risk":"","substation_type":"","voltage_kv":"","voltage_levels_kv":"","connected_generation_type":"","ecological_risk_category":"","political_significance":"","risk_assessment_status":"","references":[{"reference_id":"ref_02f1fa2f738642b5","source_id":"russia_oil_power_map","source_name":"Russia Oil & Power Infrastructure Map","source_type":"map_layer","url":"https://russiaoilpowermap.com/data/custom_pins.json","archive_url":"","retrieved_at":"2026-10-10T09:58:14Z","source_record_id":"pin_6aacb2ce360d10.04843260","source_file":"data/russia_oil_power_infrastructure.csv","source_line_or_record_id":"113717","extractor_version":"unknown","license_or_terms":"unknown","confidence_contribution":"0.82"}]}},{"type":"Feature","id":"infra_1a346a108c4ada6c","geometry":{"type":"Point","coordinates":[34.348412,54.098954]},"properties":{"uid":"infra_1a346a108c4ada6c","object_id":"infra_1a346a108c4ada6c","source":"russia_oil_power_map","source_dataset":"Russia Oil & Power Infrastructure Map","source_id":"russia_oil_power_map","source_record_id":"pin_6aacb2dd9882f4.03626672","source_url":"https://russiaoilpowermap.com/data/custom_pins.json","source_capture_date":"2026-10-10T09:58:14Z","source_layer":"custom_pins","source_reference_id":"ref_86289cf08cd50181","source_name":"Russia Oil & Power Infrastructure Map","source_type":"map_layer","source_reliability":"B","license_or_terms":"unknown","name":"Railway Bridge","name_en":"","description":"","name_translated":"","description_translated":"","display_label":"Railway Bridge","asset_class":"transport","asset_type":"bridge","asset_subtype":"","domain":"transport","status":"","operator":"","product":"","country":"Russia","country_code":"","country_source":"","countries":["Russia"],"source_country":"Russia","country_match_method":"point_in_boundary","region":"","region_translated":"","subdivision":"","inn":"","is_sanctioned":"","is_mass_director":"","is_mass_founder":"","is_disqualified_persons":"","geometry_type":"Point","latitude":"54.09895400","longitude":"34.34841200","centroid_latitude":"54.09895400","centroid_longitude":"34.34841200","map_latitude":"54.09895400","map_longitude":"34.34841200","start_latitude":"54.098954","start_longitude":"34.348412","end_latitude":"54.098954","end_longitude":"34.348412","coordinate_count":"1","length_km":"","has_point_location":"true","location_quality":"exact","coordinate_precision":"exact","coordinate_source":"","entity_confidence":"high","freshness":"recent","cross_source_support":"1","review_status":"unreviewed","confidence":"A","confidence_grade":"A","confidence_score":"1.00","selectable":"true","map_layer":"transport_other","map_color":"#2a93d5","map_icon":"bridge","risk_flags":"","subcategory":"bridge","transport_functions":"","un_locode":"","locode_country":"","locode_location":"","iata":"","remarks":"","source_date":"","detected_language":"en_or_unknown","translation_source":"","derived_subcategory":"transport_bridge","derived_subcategory_label":"Bridge","derived_subcategory_confidence":"1.0","derived_subcategory_reason":"asset type","possible_duplicate_group":"","search_text":"Railway Bridge Railway Bridge transport bridge transport Russia Oil & Power Infrastructure Map custom_pins Bridge","references_json":"[{\"reference_id\":\"ref_86289cf08cd50181\",\"source_id\":\"russia_oil_power_map\",\"source_name\":\"Russia Oil & Power Infrastructure Map\",\"source_type\":\"map_layer\",\"url\":\"https://russiaoilpowermap.com/data/custom_pins.json\",\"archive_url\":\"\",\"retrieved_at\":\"2026-10-10T09:58:14Z\",\"source_record_id\":\"pin_6aacb2dd9882f4.03626672\",\"source_file\":\"data/russia_oil_power_infrastructure.csv\",\"source_line_or_record_id\":\"113718\",\"extractor_version\":\"unknown\",\"license_or_terms\":\"unknown\",\"confidence_contribution\":\"0.82\"}]","first_seen_build":"2026-10-10T09:58:14Z","last_seen_build":"2026-10-10T09:58:14Z","change_status":"new","change_types":["new"],"changed_since_previous_build":"false","new_in_latest_build":"true","removed_from_latest_build":"false","source_archive_date":"2026-10-10T09:58:14Z","generation_type":"","primary_fuel":"","secondary_fuels":"","plant_role":"","technology":"","installed_capacity_mw":"","operational_status":"","classification_confidence":"","classification_confidence_score":"","classification_method":"","classification_sources":"","classification_notes":"","alternate_names":"","name_ru":"","match_score":"","match_method":"","matched_source_record_ids":"","is_nuclear":"","nuclear_status":"","reactor_count":"","operating_reactor_count":"","reactor_types":"","nuclear_reference_ids":"","radiological_risk":"","substation_type":"","voltage_kv":"","voltage_levels_kv":"","connected_generation_type":"","ecological_risk_category":"","political_significance":"","risk_assessment_status":"","references":[{"reference_id":"ref_86289cf08cd50181","source_id":"russia_oil_power_map","source_name":"Russia Oil & Power Infrastructure Map","source_type":"map_layer","url":"https://russiaoilpowermap.com/data/custom_pins.json","archive_url":"","retrieved_at":"2026-10-10T09:58:14Z","source_record_id":"pin_6aacb2dd9882f4.03626672","source_file":"data/russia_oil_power_infrastructure.csv","source_line_or_record_id":"113718","extractor_version":"unknown","license_or_terms":"unknown","confidence_contribution":"0.82"}]}},{"type":"Feature","id":"infra_6a8fd26a182878cc","geometry":{"type":"Point","coordinates":[34.42759,53.845514]},"properties":{"uid":"infra_6a8fd26a182878cc","object_id":"infra_6a8fd26a182878cc","source":"russia_oil_power_map","source_dataset":"Russia Oil & Power Infrastructure Map","source_id":"russia_oil_power_map","source_record_id":"pin_6aacb2e7e8bf76.28873209","source_url":"https://russiaoilpowermap.com/data/custom_pins.json","source_capture_date":"2026-10-10T09:58:14Z","source_layer":"custom_pins","source_reference_id":"ref_7e784bb7861a24cc","source_name":"Russia Oil & Power Infrastructure Map","source_type":"map_layer","source_reliability":"B","license_or_terms":"unknown","name":"Railway Bridge","name_en":"","description":"","name_translated":"","description_translated":"","display_label":"Railway Bridge","asset_class":"transport","asset_type":"bridge","asset_subtype":"","domain":"transport","status":"","operator":"","product":"","country":"Russia","country_code":"","country_source":"","countries":["Russia"],"source_country":"Russia","country_match_method":"point_in_boundary","region":"","region_translated":"","subdivision":"","inn":"","is_sanctioned":"","is_mass_director":"","is_mass_founder":"","is_disqualified_persons":"","geometry_type":"Point","latitude":"53.84551400","longitude":"34.42759000","centroid_latitude":"53.84551400","centroid_longitude":"34.42759000","map_latitude":"53.84551400","map_longitude":"34.42759000","start_latitude":"53.845514","start_longitude":"34.42759","end_latitude":"53.845514","end_longitude":"34.42759","coordinate_count":"1","length_km":"","has_point_location":"true","location_quality":"exact","coordinate_precision":"exact","coordinate_source":"","entity_confidence":"high","freshness":"recent","cross_source_support":"1","review_status":"unreviewed","confidence":"A","confidence_grade":"A","confidence_score":"1.00","selectable":"true","map_layer":"transport_other","map_color":"#2a93d5","map_icon":"bridge","risk_flags":"","subcategory":"bridge","transport_functions":"","un_locode":"","locode_country":"","locode_location":"","iata":"","remarks":"","source_date":"","detected_language":"en_or_unknown","translation_source":"","derived_subcategory":"transport_bridge","derived_subcategory_label":"Bridge","derived_subcategory_confidence":"1.0","derived_subcategory_reason":"asset type","possible_duplicate_group":"","search_text":"Railway Bridge Railway Bridge transport bridge transport Russia Oil & Power Infrastructure Map custom_pins Bridge","references_json":"[{\"reference_id\":\"ref_7e784bb7861a24cc\",\"source_id\":\"russia_oil_power_map\",\"source_name\":\"Russia Oil & Power Infrastructure Map\",\"source_type\":\"map_layer\",\"url\":\"https://russiaoilpowermap.com/data/custom_pins.json\",\"archive_url\":\"\",\"retrieved_at\":\"2026-10-10T09:58:14Z\",\"source_record_id\":\"pin_6aacb2e7e8bf76.28873209\",\"source_file\":\"data/russia_oil_power_infrastructure.csv\",\"source_line_or_record_id\":\"113719\",\"extractor_version\":\"unknown\",\"license_or_terms\":\"unknown\",\"confidence_contribution\":\"0.82\"}]","first_seen_build":"2026-10-10T09:58:14Z","last_seen_build":"2026-10-10T09:58:14Z","change_status":"new","change_types":["new"],"changed_since_previous_build":"false","new_in_latest_build":"true","removed_from_latest_build":"false","source_archive_date":"2026-10-10T09:58:14Z","generation_type":"","primary_fuel":"","secondary_fuels":"","plant_role":"","technology":"","installed_capacity_mw":"","operational_status":"","classification_confidence":"","classification_confidence_score":"","classification_method":"","classification_sources":"","classification_notes":"","alternate_names":"","name_ru":"","match_score":"","match_method":"","matched_source_record_ids":"","is_nuclear":"","nuclear_status":"","reactor_count":"","operating_reactor_count":"","reactor_types":"","nuclear_reference_ids":"","radiological_risk":"","substation_type":"","voltage_kv":"","voltage_levels_kv":"","connected_generation_type":"","ecological_risk_category":"","political_significance":"","risk_assessment_status":"","references":[{"reference_id":"ref_7e784bb7861a24cc","source_id":"russia_oil_power_map","source_name":"Russia Oil & Power Infrastructure Map","source_type":"map_layer","url":"https://russiaoilpowermap.com/data/custom_pins.json","archive_url":"","retrieved_at":"2026-10-10T09:58:14Z","source_record_id":"pin_6aacb2e7e8bf76.28873209","source_file":"data/russia_oil_power_infrastructure.csv","source_line_or_record_id":"113719","extractor_version":"unknown","license_or_terms":"unknown","confidence_contribution":"0.82"}]}},{"type":"Feature","id":"infra_be9c7f055de68b17","geometry":{"type":"Point","coordinates":[38.958893,44.994335]},"properties":{"uid":"infra_be9c7f055de68b17","object_id":"infra_be9c7f055de68b17","source":"russia_oil_power_map","source_dataset":"Russia Oil & Power Infrastructure Map","source_id":"russia_oil_power_map","source_record_id":"pin_6aacb36f5faf42.37869724","source_url":"https://russiaoilpowermap.com/data/custom_pins.json","source_capture_date":"2026-10-10T09:58:14Z","source_layer":"custom_pins","source_reference_id":"ref_cbf8e7cbff98ea29","source_name":"Russia Oil & Power Infrastructure Map","source_type":"map_layer","source_reliability":"B","license_or_terms":"unknown","name":"Railway Bridge","name_en":"","description":"","name_translated":"","description_translated":"","display_label":"Railway Bridge","asset_class":"transport","asset_type":"bridge","asset_subtype":"","domain":"transport","status":"","operator":"","product":"","country":"Russia","country_code":"","country_source":"","countries":["Russia"],"source_country":"Russia","country_match_method":"point_in_boundary","region":"","region_translated":"","subdivision":"","inn":"","is_sanctioned":"","is_mass_director":"","is_mass_founder":"","is_disqualified_persons":"","geometry_type":"Point","latitude":"44.99433500","longitude":"38.95889300","centroid_latitude":"44.99433500","centroid_longitude":"38.95889300","map_latitude":"44.99433500","map_longitude":"38.95889300","start_latitude":"44.994335","start_longitude":"38.958893","end_latitude":"44.994335","end_longitude":"38.958893","coordinate_count":"1","length_km":"","has_point_location":"true","location_quality":"exact","coordinate_precision":"exact","coordinate_source":"","entity_confidence":"high","freshness":"recent","cross_source_support":"1","review_status":"unreviewed","confidence":"A","confidence_grade":"A","confidence_score":"1.00","selectable":"true","map_layer":"transport_other","map_color":"#2a93d5","map_icon":"bridge","risk_flags":"","subcategory":"bridge","transport_functions":"","un_locode":"","locode_country":"","locode_location":"","iata":"","remarks":"","source_date":"","detected_language":"en_or_unknown","translation_source":"","derived_subcategory":"transport_bridge","derived_subcategory_label":"Bridge","derived_subcategory_confidence":"1.0","derived_subcategory_reason":"asset type","possible_duplicate_group":"","search_text":"Railway Bridge Railway Bridge transport bridge transport Russia Oil & Power Infrastructure Map custom_pins Bridge","references_json":"[{\"reference_id\":\"ref_cbf8e7cbff98ea29\",\"source_id\":\"russia_oil_power_map\",\"source_name\":\"Russia Oil & Power Infrastructure Map\",\"source_type\":\"map_layer\",\"url\":\"https://russiaoilpowermap.com/data/custom_pins.json\",\"archive_url\":\"\",\"retrieved_at\":\"2026-10-10T09:58:14Z\",\"source_record_id\":\"pin_6aacb36f5faf42.37869724\",\"source_file\":\"data/russia_oil_power_infrastructure.csv\",\"source_line_or_record_id\":\"113720\",\"extractor_version\":\"unknown\",\"license_or_terms\":\"unknown\",\"confidence_contribution\":\"0.82\"}]","first_seen_build":"2026-10-10T09:58:14Z","last_seen_build":"2026-10-10T09:58:14Z","change_status":"new","change_types":["new"],"changed_since_previous_build":"false","new_in_latest_build":"true","removed_from_latest_build":"false","source_archive_date":"2026-10-10T09:58:14Z","generation_type":"","primary_fuel":"","secondary_fuels":"","plant_role":"","technology":"","installed_capacity_mw":"","operational_status":"","classification_confidence":"","classification_confidence_score":"","classification_method":"","classification_sources":"","classification_notes":"","alternate_names":"","name_ru":"","match_score":"","match_method":"","matched_source_record_ids":"","is_nuclear":"","nuclear_status":"","reactor_count":"","operating_reactor_count":"","reactor_types":"","nuclear_reference_ids":"","radiological_risk":"","substation_type":"","voltage_kv":"","voltage_levels_kv":"","connected_generation_type":"","ecological_risk_category":"","political_significance":"","risk_assessment_status":"","references":[{"reference_id":"ref_cbf8e7cbff98ea29","source_id":"russia_oil_power_map","source_name":"Russia Oil & Power Infrastructure Map","source_type":"map_layer","url":"https://russiaoilpowermap.com/data/custom_pins.json","archive_url":"","retrieved_at":"2026-10-10T09:58:14Z","source_record_id":"pin_6aacb36f5faf42.37869724","source_file":"data/russia_oil_power_infrastructure.csv","source_line_or_record_id":"113720","extractor_version":"unknown","license_or_terms":"unknown","confidence_contribution":"0.82"}]}},{"type":"Feature","id":"infra_6fddc64720135af8","geometry":{"type":"Point","coordinates":[40.263348,48.340562]},"properties":{"uid":"infra_6fddc64720135af8","object_id":"infra_6fddc64720135af8","source":"russia_oil_power_map","source_dataset":"Russia Oil & Power Infrastructure Map","source_id":"russia_oil_power_map","source_record_id":"pin_6aacb3b0df20b1.23999675","source_url":"https://russiaoilpowermap.com/data/custom_pins.json","source_capture_date":"2026-10-10T09:58:14Z","source_layer":"custom_pins","source_reference_id":"ref_b84759c1c953b87b","source_name":"Russia Oil & Power Infrastructure Map","source_type":"map_layer","source_reliability":"B","license_or_terms":"unknown","name":"Railway Bridge","name_en":"","description":"","name_translated":"","description_translated":"","display_label":"Railway Bridge","asset_class":"transport","asset_type":"bridge","asset_subtype":"","domain":"transport","status":"","operator":"","product":"","country":"Russia","country_code":"","country_source":"","countries":["Russia"],"source_country":"Russia","country_match_method":"point_in_boundary","region":"","region_translated":"","subdivision":"","inn":"","is_sanctioned":"","is_mass_director":"","is_mass_founder":"","is_disqualified_persons":"","geometry_type":"Point","latitude":"48.34056200","longitude":"40.26334800","centroid_latitude":"48.34056200","centroid_longitude":"40.26334800","map_latitude":"48.34056200","map_longitude":"40.26334800","start_latitude":"48.340562","start_longitude":"40.263348","end_latitude":"48.340562","end_longitude":"40.263348","coordinate_count":"1","length_km":"","has_point_location":"true","location_quality":"exact","coordinate_precision":"exact","coordinate_source":"","entity_confidence":"high","freshness":"recent","cross_source_support":"1","review_status":"unreviewed","confidence":"A","confidence_grade":"A","confidence_score":"1.00","selectable":"true","map_layer":"transport_other","map_color":"#2a93d5","map_icon":"bridge","risk_flags":"","subcategory":"bridge","transport_functions":"","un_locode":"","locode_country":"","locode_location":"","iata":"","remarks":"","source_date":"","detected_language":"en_or_unknown","translation_source":"","derived_subcategory":"transport_bridge","derived_subcategory_label":"Bridge","derived_subcategory_confidence":"1.0","derived_subcategory_reason":"asset type","possible_duplicate_group":"","search_text":"Railway Bridge Railway Bridge transport bridge transport Russia Oil & Power Infrastructure Map custom_pins Bridge","references_json":"[{\"reference_id\":\"ref_b84759c1c953b87b\",\"source_id\":\"russia_oil_power_map\",\"source_name\":\"Russia Oil & Power Infrastructure Map\",\"source_type\":\"map_layer\",\"url\":\"https://russiaoilpowermap.com/data/custom_pins.json\",\"archive_url\":\"\",\"retrieved_at\":\"2026-10-10T09:58:14Z\",\"source_record_id\":\"pin_6aacb3b0df20b1.23999675\",\"source_file\":\"data/russia_oil_power_infrastructure.csv\",\"source_line_or_record_id\":\"113721\",\"extractor_version\":\"unknown\",\"license_or_terms\":\"unknown\",\"confidence_contribution\":\"0.82\"}]","first_seen_build":"2026-10-10T09:58:14Z","last_seen_build":"2026-10-10T09:58:14Z","change_status":"new","change_types":["new"],"changed_since_previous_build":"false","new_in_latest_build":"true","removed_from_latest_build":"false","source_archive_date":"2026-10-10T09:58:14Z","generation_type":"","primary_fuel":"","secondary_fuels":"","plant_role":"","technology":"","installed_capacity_mw":"","operational_status":"","classification_confidence":"","classification_confidence_score":"","classification_method":"","classification_sources":"","classification_notes":"","alternate_names":"","name_ru":"","match_score":"","match_method":"","matched_source_record_ids":"","is_nuclear":"","nuclear_status":"","reactor_count":"","operating_reactor_count":"","reactor_types":"","nuclear_reference_ids":"","radiological_risk":"","substation_type":"","voltage_kv":"","voltage_levels_kv":"","connected_generation_type":"","ecological_risk_category":"","political_significance":"","risk_assessment_status":"","references":[{"reference_id":"ref_b84759c1c953b87b","source_id":"russia_oil_power_map","source_name":"Russia Oil & Power Infrastructure Map","source_type":"map_layer","url":"https://russiaoilpowermap.com/data/custom_pins.json","archive_url":"","retrieved_at":"2026-10-10T09:58:14Z","source_record_id":"pin_6aacb3b0df20b1.23999675","source_file":"data/russia_oil_power_infrastructure.csv","source_line_or_record_id":"113721","extractor_version":"unknown","license_or_terms":"unknown","confidence_contribution":"0.82"}]}},{"type":"Feature","id":"infra_f5f77dd1d93fb63b","geometry":{"type":"Point","coordinates":[34.545726,56.166621]},"properties":{"uid":"infra_f5f77dd1d93fb63b","object_id":"infra_f5f77dd1d93fb63b","source":"russia_oil_power_map","source_dataset":"Russia Oil & Power Infrastructure Map","source_id":"russia_oil_power_map","source_record_id":"pin_6aacb53b998395.58467073","source_url":"https://russiaoilpowermap.com/data/custom_pins.json","source_capture_date":"2026-10-10T09:58:14Z","source_layer":"custom_pins","source_reference_id":"ref_c03e6f36e02cc094","source_name":"Russia Oil & Power Infrastructure Map","source_type":"map_layer","source_reliability":"B","license_or_terms":"unknown","name":"Railway Bridge","name_en":"","description":"","name_translated":"","description_translated":"","display_label":"Railway Bridge","asset_class":"transport","asset_type":"bridge","asset_subtype":"","domain":"transport","status":"","operator":"","product":"","country":"Russia","country_code":"","country_source":"","countries":["Russia"],"source_country":"Russia","country_match_method":"point_in_boundary","region":"","region_translated":"","subdivision":"","inn":"","is_sanctioned":"","is_mass_director":"","is_mass_founder":"","is_disqualified_persons":"","geometry_type":"Point","latitude":"56.16662100","longitude":"34.54572600","centroid_latitude":"56.16662100","centroid_longitude":"34.54572600","map_latitude":"56.16662100","map_longitude":"34.54572600","start_latitude":"56.166621","start_longitude":"34.545726","end_latitude":"56.166621","end_longitude":"34.545726","coordinate_count":"1","length_km":"","has_point_location":"true","location_quality":"exact","coordinate_precision":"exact","coordinate_source":"","entity_confidence":"high","freshness":"recent","cross_source_support":"1","review_status":"unreviewed","confidence":"A","confidence_grade":"A","confidence_score":"1.00","selectable":"true","map_layer":"transport_other","map_color":"#2a93d5","map_icon":"bridge","risk_flags":"","subcategory":"bridge","transport_functions":"","un_locode":"","locode_country":"","locode_location":"","iata":"","remarks":"","source_date":"","detected_language":"en_or_unknown","translation_source":"","derived_subcategory":"transport_bridge","derived_subcategory_label":"Bridge","derived_subcategory_confidence":"1.0","derived_subcategory_reason":"asset type","possible_duplicate_group":"","search_text":"Railway Bridge Railway Bridge transport bridge transport Russia Oil & Power Infrastructure Map custom_pins Bridge","references_json":"[{\"reference_id\":\"ref_c03e6f36e02cc094\",\"source_id\":\"russia_oil_power_map\",\"source_name\":\"Russia Oil & Power Infrastructure Map\",\"source_type\":\"map_layer\",\"url\":\"https://russiaoilpowermap.com/data/custom_pins.json\",\"archive_url\":\"\",\"retrieved_at\":\"2026-10-10T09:58:14Z\",\"source_record_id\":\"pin_6aacb53b998395.58467073\",\"source_file\":\"data/russia_oil_power_infrastructure.csv\",\"source_line_or_record_id\":\"113722\",\"extractor_version\":\"unknown\",\"license_or_terms\":\"unknown\",\"confidence_contribution\":\"0.82\"}]","first_seen_build":"2026-10-10T09:58:14Z","last_seen_build":"2026-10-10T09:58:14Z","change_status":"new","change_types":["new"],"changed_since_previous_build":"false","new_in_latest_build":"true","removed_from_latest_build":"false","source_archive_date":"2026-10-10T09:58:14Z","generation_type":"","primary_fuel":"","secondary_fuels":"","plant_role":"","technology":"","installed_capacity_mw":"","operational_status":"","classification_confidence":"","classification_confidence_score":"","classification_method":"","classification_sources":"","classification_notes":"","alternate_names":"","name_ru":"","match_score":"","match_method":"","matched_source_record_ids":"","is_nuclear":"","nuclear_status":"","reactor_count":"","operating_reactor_count":"","reactor_types":"","nuclear_reference_ids":"","radiological_risk":"","substation_type":"","voltage_kv":"","voltage_levels_kv":"","connected_generation_type":"","ecological_risk_category":"","political_significance":"","risk_assessment_status":"","references":[{"reference_id":"ref_c03e6f36e02cc094","source_id":"russia_oil_power_map","source_name":"Russia Oil & Power Infrastructure Map","source_type":"map_layer","url":"https://russiaoilpowermap.com/data/custom_pins.json","archive_url":"","retrieved_at":"2026-10-10T09:58:14Z","source_record_id":"pin_6aacb53b998395.58467073","source_file":"data/russia_oil_power_infrastructure.csv","source_line_or_record_id":"113722","extractor_version":"unknown","license_or_terms":"unknown","confidence_contribution":"0.82"}]}},{"type":"Feature","id":"infra_efc03fc11b8015ad","geometry":{"type":"Point","coordinates":[34.28951,56.263126]},"properties":{"uid":"infra_efc03fc11b8015ad","object_id":"infra_efc03fc11b8015ad","source":"russia_oil_power_map","source_dataset":"Russia Oil & Power Infrastructure Map","source_id":"russia_oil_power_map","source_record_id":"pin_6aacb545cd2498.20646814","source_url":"https://russiaoilpowermap.com/data/custom_pins.json","source_capture_date":"2026-10-10T09:58:14Z","source_layer":"custom_pins","source_reference_id":"ref_09266e50f909aa31","source_name":"Russia Oil & Power Infrastructure Map","source_type":"map_layer","source_reliability":"B","license_or_terms":"unknown","name":"Railway Bridge","name_en":"","description":"","name_translated":"","description_translated":"","display_label":"Railway Bridge","asset_class":"transport","asset_type":"bridge","asset_subtype":"","domain":"transport","status":"","operator":"","product":"","country":"Russia","country_code":"","country_source":"","countries":["Russia"],"source_country":"Russia","country_match_method":"point_in_boundary","region":"","region_translated":"","subdivision":"","inn":"","is_sanctioned":"","is_mass_director":"","is_mass_founder":"","is_disqualified_persons":"","geometry_type":"Point","latitude":"56.26312600","longitude":"34.28951000","centroid_latitude":"56.26312600","centroid_longitude":"34.28951000","map_latitude":"56.26312600","map_longitude":"34.28951000","start_latitude":"56.263126","start_longitude":"34.28951","end_latitude":"56.263126","end_longitude":"34.28951","coordinate_count":"1","length_km":"","has_point_location":"true","location_quality":"exact","coordinate_precision":"exact","coordinate_source":"","entity_confidence":"high","freshness":"recent","cross_source_support":"1","review_status":"unreviewed","confidence":"A","confidence_grade":"A","confidence_score":"1.00","selectable":"true","map_layer":"transport_other","map_color":"#2a93d5","map_icon":"bridge","risk_flags":"","subcategory":"bridge","transport_functions":"","un_locode":"","locode_country":"","locode_location":"","iata":"","remarks":"","source_date":"","detected_language":"en_or_unknown","translation_source":"","derived_subcategory":"transport_bridge","derived_subcategory_label":"Bridge","derived_subcategory_confidence":"1.0","derived_subcategory_reason":"asset type","possible_duplicate_group":"","search_text":"Railway Bridge Railway Bridge transport bridge transport Russia Oil & Power Infrastructure Map custom_pins Bridge","references_json":"[{\"reference_id\":\"ref_09266e50f909aa31\",\"source_id\":\"russia_oil_power_map\",\"source_name\":\"Russia Oil & Power Infrastructure Map\",\"source_type\":\"map_layer\",\"url\":\"https://russiaoilpowermap.com/data/custom_pins.json\",\"archive_url\":\"\",\"retrieved_at\":\"2026-10-10T09:58:14Z\",\"source_record_id\":\"pin_6aacb545cd2498.20646814\",\"source_file\":\"data/russia_oil_power_infrastructure.csv\",\"source_line_or_record_id\":\"113723\",\"extractor_version\":\"unknown\",\"license_or_terms\":\"unknown\",\"confidence_contribution\":\"0.82\"}]","first_seen_build":"2026-10-10T09:58:14Z","last_seen_build":"2026-10-10T09:58:14Z","change_status":"new","change_types":["new"],"changed_since_previous_build":"false","new_in_latest_build":"true","removed_from_latest_build":"false","source_archive_date":"2026-10-10T09:58:14Z","generation_type":"","primary_fuel":"","secondary_fuels":"","plant_role":"","technology":"","installed_capacity_mw":"","operational_status":"","classification_confidence":"","classification_confidence_score":"","classification_method":"","classification_sources":"","classification_notes":"","alternate_names":"","name_ru":"","match_score":"","match_method":"","matched_source_record_ids":"","is_nuclear":"","nuclear_status":"","reactor_count":"","operating_reactor_count":"","reactor_types":"","nuclear_reference_ids":"","radiological_risk":"","substation_type":"","voltage_kv":"","voltage_levels_kv":"","connected_generation_type":"","ecological_risk_category":"","political_significance":"","risk_assessment_status":"","references":[{"reference_id":"ref_09266e50f909aa31","source_id":"russia_oil_power_map","source_name":"Russia Oil & Power Infrastructure Map","source_type":"map_layer","url":"https://russiaoilpowermap.com/data/custom_pins.json","archive_url":"","retrieved_at":"2026-10-10T09:58:14Z","source_record_id":"pin_6aacb545cd2498.20646814","source_file":"data/russia_oil_power_infrastructure.csv","source_line_or_record_id":"113723","extractor_version":"unknown","license_or_terms":"unknown","confidence_contribution":"0.82"}]}},{"type":"Feature","id":"infra_7cfb932296fdd286","geometry":{"type":"Point","coordinates":[30.47947,56.302536]},"properties":{"uid":"infra_7cfb932296fdd286","object_id":"infra_7cfb932296fdd286","source":"russia_oil_power_map","source_dataset":"Russia Oil & Power Infrastructure Map","source_id":"russia_oil_power_map","source_record_id":"pin_6aacb55dbc55b7.62255067","source_url":"https://russiaoilpowermap.com/data/custom_pins.json","source_capture_date":"2026-10-10T09:58:14Z","source_layer":"custom_pins","source_reference_id":"ref_fc6648c1779678a3","source_name":"Russia Oil & Power Infrastructure Map","source_type":"map_layer","source_reliability":"B","license_or_terms":"unknown","name":"Railway Bridge","name_en":"","description":"","name_translated":"","description_translated":"","display_label":"Railway Bridge","asset_class":"transport","asset_type":"bridge","asset_subtype":"","domain":"transport","status":"","operator":"","product":"","country":"Russia","country_code":"","country_source":"","countries":["Russia"],"source_country":"Russia","country_match_method":"point_in_boundary","region":"","region_translated":"","subdivision":"","inn":"","is_sanctioned":"","is_mass_director":"","is_mass_founder":"","is_disqualified_persons":"","geometry_type":"Point","latitude":"56.30253600","longitude":"30.47947000","centroid_latitude":"56.30253600","centroid_longitude":"30.47947000","map_latitude":"56.30253600","map_longitude":"30.47947000","start_latitude":"56.302536","start_longitude":"30.47947","end_latitude":"56.302536","end_longitude":"30.47947","coordinate_count":"1","length_km":"","has_point_location":"true","location_quality":"exact","coordinate_precision":"exact","coordinate_source":"","entity_confidence":"high","freshness":"recent","cross_source_support":"1","review_status":"unreviewed","confidence":"A","confidence_grade":"A","confidence_score":"1.00","selectable":"true","map_layer":"transport_other","map_color":"#2a93d5","map_icon":"bridge","risk_flags":"","subcategory":"bridge","transport_functions":"","un_locode":"","locode_country":"","locode_location":"","iata":"","remarks":"","source_date":"","detected_language":"en_or_unknown","translation_source":"","derived_subcategory":"transport_bridge","derived_subcategory_label":"Bridge","derived_subcategory_confidence":"1.0","derived_subcategory_reason":"asset type","possible_duplicate_group":"","search_text":"Railway Bridge Railway Bridge transport bridge transport Russia Oil & Power Infrastructure Map custom_pins Bridge","references_json":"[{\"reference_id\":\"ref_fc6648c1779678a3\",\"source_id\":\"russia_oil_power_map\",\"source_name\":\"Russia Oil & Power Infrastructure Map\",\"source_type\":\"map_layer\",\"url\":\"https://russiaoilpowermap.com/data/custom_pins.json\",\"archive_url\":\"\",\"retrieved_at\":\"2026-10-10T09:58:14Z\",\"source_record_id\":\"pin_6aacb55dbc55b7.62255067\",\"source_file\":\"data/russia_oil_power_infrastructure.csv\",\"source_line_or_record_id\":\"113724\",\"extractor_version\":\"unknown\",\"license_or_terms\":\"unknown\",\"confidence_contribution\":\"0.82\"}]","first_seen_build":"2026-10-10T09:58:14Z","last_seen_build":"2026-10-10T09:58:14Z","change_status":"new","change_types":["new"],"changed_since_previous_build":"false","new_in_latest_build":"true","removed_from_latest_build":"false","source_archive_date":"2026-10-10T09:58:14Z","generation_type":"","primary_fuel":"","secondary_fuels":"","plant_role":"","technology":"","installed_capacity_mw":"","operational_status":"","classification_confidence":"","classification_confidence_score":"","classification_method":"","classification_sources":"","classification_notes":"","alternate_names":"","name_ru":"","match_score":"","match_method":"","matched_source_record_ids":"","is_nuclear":"","nuclear_status":"","reactor_count":"","operating_reactor_count":"","reactor_types":"","nuclear_reference_ids":"","radiological_risk":"","substation_type":"","voltage_kv":"","voltage_levels_kv":"","connected_generation_type":"","ecological_risk_category":"","political_significance":"","risk_assessment_status":"","references":[{"reference_id":"ref_fc6648c1779678a3","source_id":"russia_oil_power_map","source_name":"Russia Oil & Power Infrastructure Map","source_type":"map_layer","url":"https://russiaoilpowermap.com/data/custom_pins.json","archive_url":"","retrieved_at":"2026-10-10T09:58:14Z","source_record_id":"pin_6aacb55dbc55b7.62255067","source_file":"data/russia_oil_power_infrastructure.csv","source_line_or_record_id":"113724","extractor_version":"unknown","license_or_terms":"unknown","confidence_contribution":"0.82"}]}},{"type":"Feature","id":"infra_de6e86afe334225b","geometry":{"type":"Point","coordinates":[34.992346,57.006597]},"properties":{"uid":"infra_de6e86afe334225b","object_id":"infra_de6e86afe334225b","source":"russia_oil_power_map","source_dataset":"Russia Oil & Power Infrastructure Map","source_id":"russia_oil_power_map","source_record_id":"pin_6aacb577c74070.83675219","source_url":"https://russiaoilpowermap.com/data/custom_pins.json","source_capture_date":"2026-10-10T09:58:14Z","source_layer":"custom_pins","source_reference_id":"ref_2e88ca2329e1dc2f","source_name":"Russia Oil & Power Infrastructure Map","source_type":"map_layer","source_reliability":"B","license_or_terms":"unknown","name":"Railway Bridge","name_en":"","description":"","name_translated":"","description_translated":"","display_label":"Railway Bridge","asset_class":"transport","asset_type":"bridge","asset_subtype":"","domain":"transport","status":"","operator":"","product":"","country":"Russia","country_code":"","country_source":"","countries":["Russia"],"source_country":"Russia","country_match_method":"point_in_boundary","region":"","region_translated":"","subdivision":"","inn":"","is_sanctioned":"","is_mass_director":"","is_mass_founder":"","is_disqualified_persons":"","geometry_type":"Point","latitude":"57.00659700","longitude":"34.99234600","centroid_latitude":"57.00659700","centroid_longitude":"34.99234600","map_latitude":"57.00659700","map_longitude":"34.99234600","start_latitude":"57.006597","start_longitude":"34.992346","end_latitude":"57.006597","end_longitude":"34.992346","coordinate_count":"1","length_km":"","has_point_location":"true","location_quality":"exact","coordinate_precision":"exact","coordinate_source":"","entity_confidence":"high","freshness":"recent","cross_source_support":"1","review_status":"unreviewed","confidence":"A","confidence_grade":"A","confidence_score":"1.00","selectable":"true","map_layer":"transport_other","map_color":"#2a93d5","map_icon":"bridge","risk_flags":"","subcategory":"bridge","transport_functions":"","un_locode":"","locode_country":"","locode_location":"","iata":"","remarks":"","source_date":"","detected_language":"en_or_unknown","translation_source":"","derived_subcategory":"transport_bridge","derived_subcategory_label":"Bridge","derived_subcategory_confidence":"1.0","derived_subcategory_reason":"asset type","possible_duplicate_group":"","search_text":"Railway Bridge Railway Bridge transport bridge transport Russia Oil & Power Infrastructure Map custom_pins Bridge","references_json":"[{\"reference_id\":\"ref_2e88ca2329e1dc2f\",\"source_id\":\"russia_oil_power_map\",\"source_name\":\"Russia Oil & Power Infrastructure Map\",\"source_type\":\"map_layer\",\"url\":\"https://russiaoilpowermap.com/data/custom_pins.json\",\"archive_url\":\"\",\"retrieved_at\":\"2026-10-10T09:58:14Z\",\"source_record_id\":\"pin_6aacb577c74070.83675219\",\"source_file\":\"data/russia_oil_power_infrastructure.csv\",\"source_line_or_record_id\":\"113725\",\"extractor_version\":\"unknown\",\"license_or_terms\":\"unknown\",\"confidence_contribution\":\"0.82\"}]","first_seen_build":"2026-10-10T09:58:14Z","last_seen_build":"2026-10-10T09:58:14Z","change_status":"new","change_types":["new"],"changed_since_previous_build":"false","new_in_latest_build":"true","removed_from_latest_build":"false","source_archive_date":"2026-10-10T09:58:14Z","generation_type":"","primary_fuel":"","secondary_fuels":"","plant_role":"","technology":"","installed_capacity_mw":"","operational_status":"","classification_confidence":"","classification_confidence_score":"","classification_method":"","classification_sources":"","classification_notes":"","alternate_names":"","name_ru":"","match_score":"","match_method":"","matched_source_record_ids":"","is_nuclear":"","nuclear_status":"","reactor_count":"","operating_reactor_count":"","reactor_types":"","nuclear_reference_ids":"","radiological_risk":"","substation_type":"","voltage_kv":"","voltage_levels_kv":"","connected_generation_type":"","ecological_risk_category":"","political_significance":"","risk_assessment_status":"","references":[{"reference_id":"ref_2e88ca2329e1dc2f","source_id":"russia_oil_power_map","source_name":"Russia Oil & Power Infrastructure Map","source_type":"map_layer","url":"https://russiaoilpowermap.com/data/custom_pins.json","archive_url":"","retrieved_at":"2026-10-10T09:58:14Z","source_record_id":"pin_6aacb577c74070.83675219","source_file":"data/russia_oil_power_infrastructure.csv","source_line_or_record_id":"113725","extractor_version":"unknown","license_or_terms":"unknown","confidence_contribution":"0.82"}]}},{"type":"Feature","id":"infra_435ba1d8cefefcbc","geometry":{"type":"Point","coordinates":[35.844526,56.860763]},"properties":{"uid":"infra_435ba1d8cefefcbc","object_id":"infra_435ba1d8cefefcbc","source":"russia_oil_power_map","source_dataset":"Russia Oil & Power Infrastructure Map","source_id":"russia_oil_power_map","source_record_id":"pin_6aacb587bea184.70356711","source_url":"https://russiaoilpowermap.com/data/custom_pins.json","source_capture_date":"2026-10-10T09:58:14Z","source_layer":"custom_pins","source_reference_id":"ref_aee42490f785c389","source_name":"Russia Oil & Power Infrastructure Map","source_type":"map_layer","source_reliability":"B","license_or_terms":"unknown","name":"Railway Bridge","name_en":"","description":"","name_translated":"","description_translated":"","display_label":"Railway Bridge","asset_class":"transport","asset_type":"bridge","asset_subtype":"","domain":"transport","status":"","operator":"","product":"","country":"Russia","country_code":"","country_source":"","countries":["Russia"],"source_country":"Russia","country_match_method":"point_in_boundary","region":"","region_translated":"","subdivision":"","inn":"","is_sanctioned":"","is_mass_director":"","is_mass_founder":"","is_disqualified_persons":"","geometry_type":"Point","latitude":"56.86076300","longitude":"35.84452600","centroid_latitude":"56.86076300","centroid_longitude":"35.84452600","map_latitude":"56.86076300","map_longitude":"35.84452600","start_latitude":"56.860763","start_longitude":"35.844526","end_latitude":"56.860763","end_longitude":"35.844526","coordinate_count":"1","length_km":"","has_point_location":"true","location_quality":"exact","coordinate_precision":"exact","coordinate_source":"","entity_confidence":"high","freshness":"recent","cross_source_support":"1","review_status":"unreviewed","confidence":"A","confidence_grade":"A","confidence_score":"1.00","selectable":"true","map_layer":"transport_other","map_color":"#2a93d5","map_icon":"bridge","risk_flags":"","subcategory":"bridge","transport_functions":"","un_locode":"","locode_country":"","locode_location":"","iata":"","remarks":"","source_date":"","detected_language":"en_or_unknown","translation_source":"","derived_subcategory":"transport_bridge","derived_subcategory_label":"Bridge","derived_subcategory_confidence":"1.0","derived_subcategory_reason":"asset type","possible_duplicate_group":"","search_text":"Railway Bridge Railway Bridge transport bridge transport Russia Oil & Power Infrastructure Map custom_pins Bridge","references_json":"[{\"reference_id\":\"ref_aee42490f785c389\",\"source_id\":\"russia_oil_power_map\",\"source_name\":\"Russia Oil & Power Infrastructure Map\",\"source_type\":\"map_layer\",\"url\":\"https://russiaoilpowermap.com/data/custom_pins.json\",\"archive_url\":\"\",\"retrieved_at\":\"2026-10-10T09:58:14Z\",\"source_record_id\":\"pin_6aacb587bea184.70356711\",\"source_file\":\"data/russia_oil_power_infrastructure.csv\",\"source_line_or_record_id\":\"113726\",\"extractor_version\":\"unknown\",\"license_or_terms\":\"unknown\",\"confidence_contribution\":\"0.82\"}]","first_seen_build":"2026-10-10T09:58:14Z","last_seen_build":"2026-10-10T09:58:14Z","change_status":"new","change_types":["new"],"changed_since_previous_build":"false","new_in_latest_build":"true","removed_from_latest_build":"false","source_archive_date":"2026-10-10T09:58:14Z","generation_type":"","primary_fuel":"","secondary_fuels":"","plant_role":"","technology":"","installed_capacity_mw":"","operational_status":"","classification_confidence":"","classification_confidence_score":"","classification_method":"","classification_sources":"","classification_notes":"","alternate_names":"","name_ru":"","match_score":"","match_method":"","matched_source_record_ids":"","is_nuclear":"","nuclear_status":"","reactor_count":"","operating_reactor_count":"","reactor_types":"","nuclear_reference_ids":"","radiological_risk":"","substation_type":"","voltage_kv":"","voltage_levels_kv":"","connected_generation_type":"","ecological_risk_category":"","political_significance":"","risk_assessment_status":"","references":[{"reference_id":"ref_aee42490f785c389","source_id":"russia_oil_power_map","source_name":"Russia Oil & Power Infrastructure Map","source_type":"map_layer","url":"https://russiaoilpowermap.com/data/custom_pins.json","archive_url":"","retrieved_at":"2026-10-10T09:58:14Z","source_record_id":"pin_6aacb587bea184.70356711","source_file":"data/russia_oil_power_infrastructure.csv","source_line_or_record_id":"113726","extractor_version":"unknown","license_or_terms":"unknown","confidence_contribution":"0.82"}]}},{"type":"Feature","id":"infra_4159f04f68bb65e0","geometry":{"type":"Point","coordinates":[37.721043,57.25694]},"properties":{"uid":"infra_4159f04f68bb65e0","object_id":"infra_4159f04f68bb65e0","source":"russia_oil_power_map","source_dataset":"Russia Oil & Power Infrastructure Map","source_id":"russia_oil_power_map","source_record_id":"pin_6aacb59e666e11.76477724","source_url":"https://russiaoilpowermap.com/data/custom_pins.json","source_capture_date":"2026-10-10T09:58:14Z","source_layer":"custom_pins","source_reference_id":"ref_0d550e6a3ea892ee","source_name":"Russia Oil & Power Infrastructure Map","source_type":"map_layer","source_reliability":"B","license_or_terms":"unknown","name":"Railway Bridge","name_en":"","description":"","name_translated":"","description_translated":"","display_label":"Railway Bridge","asset_class":"transport","asset_type":"bridge","asset_subtype":"","domain":"transport","status":"","operator":"","product":"","country":"Russia","country_code":"","country_source":"","countries":["Russia"],"source_country":"Russia","country_match_method":"point_in_boundary","region":"","region_translated":"","subdivision":"","inn":"","is_sanctioned":"","is_mass_director":"","is_mass_founder":"","is_disqualified_persons":"","geometry_type":"Point","latitude":"57.25694000","longitude":"37.72104300","centroid_latitude":"57.25694000","centroid_longitude":"37.72104300","map_latitude":"57.25694000","map_longitude":"37.72104300","start_latitude":"57.25694","start_longitude":"37.721043","end_latitude":"57.25694","end_longitude":"37.721043","coordinate_count":"1","length_km":"","has_point_location":"true","location_quality":"exact","coordinate_precision":"exact","coordinate_source":"","entity_confidence":"high","freshness":"recent","cross_source_support":"1","review_status":"unreviewed","confidence":"A","confidence_grade":"A","confidence_score":"1.00","selectable":"true","map_layer":"transport_other","map_color":"#2a93d5","map_icon":"bridge","risk_flags":"","subcategory":"bridge","transport_functions":"","un_locode":"","locode_country":"","locode_location":"","iata":"","remarks":"","source_date":"","detected_language":"en_or_unknown","translation_source":"","derived_subcategory":"transport_bridge","derived_subcategory_label":"Bridge","derived_subcategory_confidence":"1.0","derived_subcategory_reason":"asset type","possible_duplicate_group":"","search_text":"Railway Bridge Railway Bridge transport bridge transport Russia Oil & Power Infrastructure Map custom_pins Bridge","references_json":"[{\"reference_id\":\"ref_0d550e6a3ea892ee\",\"source_id\":\"russia_oil_power_map\",\"source_name\":\"Russia Oil & Power Infrastructure Map\",\"source_type\":\"map_layer\",\"url\":\"https://russiaoilpowermap.com/data/custom_pins.json\",\"archive_url\":\"\",\"retrieved_at\":\"2026-10-10T09:58:14Z\",\"source_record_id\":\"pin_6aacb59e666e11.76477724\",\"source_file\":\"data/russia_oil_power_infrastructure.csv\",\"source_line_or_record_id\":\"113727\",\"extractor_version\":\"unknown\",\"license_or_terms\":\"unknown\",\"confidence_contribution\":\"0.82\"}]","first_seen_build":"2026-10-10T09:58:14Z","last_seen_build":"2026-10-10T09:58:14Z","change_status":"new","change_types":["new"],"changed_since_previous_build":"false","new_in_latest_build":"true","removed_from_latest_build":"false","source_archive_date":"2026-10-10T09:58:14Z","generation_type":"","primary_fuel":"","secondary_fuels":"","plant_role":"","technology":"","installed_capacity_mw":"","operational_status":"","classification_confidence":"","classification_confidence_score":"","classification_method":"","classification_sources":"","classification_notes":"","alternate_names":"","name_ru":"","match_score":"","match_method":"","matched_source_record_ids":"","is_nuclear":"","nuclear_status":"","reactor_count":"","operating_reactor_count":"","reactor_types":"","nuclear_reference_ids":"","radiological_risk":"","substation_type":"","voltage_kv":"","voltage_levels_kv":"","connected_generation_type":"","ecological_risk_category":"","political_significance":"","risk_assessment_status":"","references":[{"reference_id":"ref_0d550e6a3ea892ee","source_id":"russia_oil_power_map","source_name":"Russia Oil & Power Infrastructure Map","source_type":"map_layer","url":"https://russiaoilpowermap.com/data/custom_pins.json","archive_url":"","retrieved_at":"2026-10-10T09:58:14Z","source_record_id":"pin_6aacb59e666e11.76477724","source_file":"data/russia_oil_power_infrastructure.csv","source_line_or_record_id":"113727","extractor_version":"unknown","license_or_terms":"unknown","confidence_contribution":"0.82"}]}},{"type":"Feature","id":"infra_10b730adac1dbceb","geometry":{"type":"Point","coordinates":[37.874165,57.231924]},"properties":{"uid":"infra_10b730adac1dbceb","object_id":"infra_10b730adac1dbceb","source":"russia_oil_power_map","source_dataset":"Russia Oil & Power Infrastructure Map","source_id":"russia_oil_power_map","source_record_id":"pin_6aacb5aa355d26.34480597","source_url":"https://russiaoilpowermap.com/data/custom_pins.json","source_capture_date":"2026-10-10T09:58:14Z","source_layer":"custom_pins","source_reference_id":"ref_e20fb97dac7a8b6e","source_name":"Russia Oil & Power Infrastructure Map","source_type":"map_layer","source_reliability":"B","license_or_terms":"unknown","name":"Railway Bridge","name_en":"","description":"","name_translated":"","description_translated":"","display_label":"Railway Bridge","asset_class":"transport","asset_type":"bridge","asset_subtype":"","domain":"transport","status":"","operator":"","product":"","country":"Russia","country_code":"","country_source":"","countries":["Russia"],"source_country":"Russia","country_match_method":"point_in_boundary","region":"","region_translated":"","subdivision":"","inn":"","is_sanctioned":"","is_mass_director":"","is_mass_founder":"","is_disqualified_persons":"","geometry_type":"Point","latitude":"57.23192400","longitude":"37.87416500","centroid_latitude":"57.23192400","centroid_longitude":"37.87416500","map_latitude":"57.23192400","map_longitude":"37.87416500","start_latitude":"57.231924","start_longitude":"37.874165","end_latitude":"57.231924","end_longitude":"37.874165","coordinate_count":"1","length_km":"","has_point_location":"true","location_quality":"exact","coordinate_precision":"exact","coordinate_source":"","entity_confidence":"high","freshness":"recent","cross_source_support":"1","review_status":"unreviewed","confidence":"A","confidence_grade":"A","confidence_score":"1.00","selectable":"true","map_layer":"transport_other","map_color":"#2a93d5","map_icon":"bridge","risk_flags":"","subcategory":"bridge","transport_functions":"","un_locode":"","locode_country":"","locode_location":"","iata":"","remarks":"","source_date":"","detected_language":"en_or_unknown","translation_source":"","derived_subcategory":"transport_bridge","derived_subcategory_label":"Bridge","derived_subcategory_confidence":"1.0","derived_subcategory_reason":"asset type","possible_duplicate_group":"","search_text":"Railway Bridge Railway Bridge transport bridge transport Russia Oil & Power Infrastructure Map custom_pins Bridge","references_json":"[{\"reference_id\":\"ref_e20fb97dac7a8b6e\",\"source_id\":\"russia_oil_power_map\",\"source_name\":\"Russia Oil & Power Infrastructure Map\",\"source_type\":\"map_layer\",\"url\":\"https://russiaoilpowermap.com/data/custom_pins.json\",\"archive_url\":\"\",\"retrieved_at\":\"2026-10-10T09:58:14Z\",\"source_record_id\":\"pin_6aacb5aa355d26.34480597\",\"source_file\":\"data/russia_oil_power_infrastructure.csv\",\"source_line_or_record_id\":\"113728\",\"extractor_version\":\"unknown\",\"license_or_terms\":\"unknown\",\"confidence_contribution\":\"0.82\"}]","first_seen_build":"2026-10-10T09:58:14Z","last_seen_build":"2026-10-10T09:58:14Z","change_status":"new","change_types":["new"],"changed_since_previous_build":"false","new_in_latest_build":"true","removed_from_latest_build":"false","source_archive_date":"2026-10-10T09:58:14Z","generation_type":"","primary_fuel":"","secondary_fuels":"","plant_role":"","technology":"","installed_capacity_mw":"","operational_status":"","classification_confidence":"","classification_confidence_score":"","classification_method":"","classification_sources":"","classification_notes":"","alternate_names":"","name_ru":"","match_score":"","match_method":"","matched_source_record_ids":"","is_nuclear":"","nuclear_status":"","reactor_count":"","operating_reactor_count":"","reactor_types":"","nuclear_reference_ids":"","radiological_risk":"","substation_type":"","voltage_kv":"","voltage_levels_kv":"","connected_generation_type":"","ecological_risk_category":"","political_significance":"","risk_assessment_status":"","references":[{"reference_id":"ref_e20fb97dac7a8b6e","source_id":"russia_oil_power_map","source_name":"Russia Oil & Power Infrastructure Map","source_type":"map_layer","url":"https://russiaoilpowermap.com/data/custom_pins.json","archive_url":"","retrieved_at":"2026-10-10T09:58:14Z","source_record_id":"pin_6aacb5aa355d26.34480597","source_file":"data/russia_oil_power_infrastructure.csv","source_line_or_record_id":"113728","extractor_version":"unknown","license_or_terms":"unknown","confidence_contribution":"0.82"}]}},{"type":"Feature","id":"infra_1aa9bcaf0b604783","geometry":{"type":"Point","coordinates":[39.887323,57.647203]},"properties":{"uid":"infra_1aa9bcaf0b604783","object_id":"infra_1aa9bcaf0b604783","source":"russia_oil_power_map","source_dataset":"Russia Oil & Power Infrastructure Map","source_id":"russia_oil_power_map","source_record_id":"pin_6aacb5b92f2cd8.00754201","source_url":"https://russiaoilpowermap.com/data/custom_pins.json","source_capture_date":"2026-10-10T09:58:14Z","source_layer":"custom_pins","source_reference_id":"ref_509edb85ea495ecc","source_name":"Russia Oil & Power Infrastructure Map","source_type":"map_layer","source_reliability":"B","license_or_terms":"unknown","name":"Railway Bridge","name_en":"","description":"","name_translated":"","description_translated":"","display_label":"Railway Bridge","asset_class":"transport","asset_type":"bridge","asset_subtype":"","domain":"transport","status":"","operator":"","product":"","country":"Russia","country_code":"","country_source":"","countries":["Russia"],"source_country":"Russia","country_match_method":"point_in_boundary","region":"","region_translated":"","subdivision":"","inn":"","is_sanctioned":"","is_mass_director":"","is_mass_founder":"","is_disqualified_persons":"","geometry_type":"Point","latitude":"57.64720300","longitude":"39.88732300","centroid_latitude":"57.64720300","centroid_longitude":"39.88732300","map_latitude":"57.64720300","map_longitude":"39.88732300","start_latitude":"57.647203","start_longitude":"39.887323","end_latitude":"57.647203","end_longitude":"39.887323","coordinate_count":"1","length_km":"","has_point_location":"true","location_quality":"exact","coordinate_precision":"exact","coordinate_source":"","entity_confidence":"high","freshness":"recent","cross_source_support":"1","review_status":"unreviewed","confidence":"A","confidence_grade":"A","confidence_score":"1.00","selectable":"true","map_layer":"transport_other","map_color":"#2a93d5","map_icon":"bridge","risk_flags":"","subcategory":"bridge","transport_functions":"","un_locode":"","locode_country":"","locode_location":"","iata":"","remarks":"","source_date":"","detected_language":"en_or_unknown","translation_source":"","derived_subcategory":"transport_bridge","derived_subcategory_label":"Bridge","derived_subcategory_confidence":"1.0","derived_subcategory_reason":"asset type","possible_duplicate_group":"","search_text":"Railway Bridge Railway Bridge transport bridge transport Russia Oil & Power Infrastructure Map custom_pins Bridge","references_json":"[{\"reference_id\":\"ref_509edb85ea495ecc\",\"source_id\":\"russia_oil_power_map\",\"source_name\":\"Russia Oil & Power Infrastructure Map\",\"source_type\":\"map_layer\",\"url\":\"https://russiaoilpowermap.com/data/custom_pins.json\",\"archive_url\":\"\",\"retrieved_at\":\"2026-10-10T09:58:14Z\",\"source_record_id\":\"pin_6aacb5b92f2cd8.00754201\",\"source_file\":\"data/russia_oil_power_infrastructure.csv\",\"source_line_or_record_id\":\"113729\",\"extractor_version\":\"unknown\",\"license_or_terms\":\"unknown\",\"confidence_contribution\":\"0.82\"}]","first_seen_build":"2026-10-10T09:58:14Z","last_seen_build":"2026-10-10T09:58:14Z","change_status":"new","change_types":["new"],"changed_since_previous_build":"false","new_in_latest_build":"true","removed_from_latest_build":"false","source_archive_date":"2026-10-10T09:58:14Z","generation_type":"","primary_fuel":"","secondary_fuels":"","plant_role":"","technology":"","installed_capacity_mw":"","operational_status":"","classification_confidence":"","classification_confidence_score":"","classification_method":"","classification_sources":"","classification_notes":"","alternate_names":"","name_ru":"","match_score":"","match_method":"","matched_source_record_ids":"","is_nuclear":"","nuclear_status":"","reactor_count":"","operating_reactor_count":"","reactor_types":"","nuclear_reference_ids":"","radiological_risk":"","substation_type":"","voltage_kv":"","voltage_levels_kv":"","connected_generation_type":"","ecological_risk_category":"","political_significance":"","risk_assessment_status":"","references":[{"reference_id":"ref_509edb85ea495ecc","source_id":"russia_oil_power_map","source_name":"Russia Oil & Power Infrastructure Map","source_type":"map_layer","url":"https://russiaoilpowermap.com/data/custom_pins.json","archive_url":"","retrieved_at":"2026-10-10T09:58:14Z","source_record_id":"pin_6aacb5b92f2cd8.00754201","source_file":"data/russia_oil_power_infrastructure.csv","source_line_or_record_id":"113729","extractor_version":"unknown","license_or_terms":"unknown","confidence_contribution":"0.82"}]}},{"type":"Feature","id":"infra_529430e50e36e206","geometry":{"type":"Point","coordinates":[40.954285,57.739075]},"properties":{"uid":"infra_529430e50e36e206","object_id":"infra_529430e50e36e206","source":"russia_oil_power_map","source_dataset":"Russia Oil & Power Infrastructure Map","source_id":"russia_oil_power_map","source_record_id":"pin_6aacb5c3cd1e85.70480065","source_url":"https://russiaoilpowermap.com/data/custom_pins.json","source_capture_date":"2026-10-10T09:58:14Z","source_layer":"custom_pins","source_reference_id":"ref_7ab23f454b353cde","source_name":"Russia Oil & Power Infrastructure Map","source_type":"map_layer","source_reliability":"B","license_or_terms":"unknown","name":"Railway Bridge","name_en":"","description":"","name_translated":"","description_translated":"","display_label":"Railway Bridge","asset_class":"transport","asset_type":"bridge","asset_subtype":"","domain":"transport","status":"","operator":"","product":"","country":"Russia","country_code":"","country_source":"","countries":["Russia"],"source_country":"Russia","country_match_method":"point_in_boundary","region":"","region_translated":"","subdivision":"","inn":"","is_sanctioned":"","is_mass_director":"","is_mass_founder":"","is_disqualified_persons":"","geometry_type":"Point","latitude":"57.73907500","longitude":"40.95428500","centroid_latitude":"57.73907500","centroid_longitude":"40.95428500","map_latitude":"57.73907500","map_longitude":"40.95428500","start_latitude":"57.739075","start_longitude":"40.954285","end_latitude":"57.739075","end_longitude":"40.954285","coordinate_count":"1","length_km":"","has_point_location":"true","location_quality":"exact","coordinate_precision":"exact","coordinate_source":"","entity_confidence":"high","freshness":"recent","cross_source_support":"1","review_status":"unreviewed","confidence":"A","confidence_grade":"A","confidence_score":"1.00","selectable":"true","map_layer":"transport_other","map_color":"#2a93d5","map_icon":"bridge","risk_flags":"","subcategory":"bridge","transport_functions":"","un_locode":"","locode_country":"","locode_location":"","iata":"","remarks":"","source_date":"","detected_language":"en_or_unknown","translation_source":"","derived_subcategory":"transport_bridge","derived_subcategory_label":"Bridge","derived_subcategory_confidence":"1.0","derived_subcategory_reason":"asset type","possible_duplicate_group":"","search_text":"Railway Bridge Railway Bridge transport bridge transport Russia Oil & Power Infrastructure Map custom_pins Bridge","references_json":"[{\"reference_id\":\"ref_7ab23f454b353cde\",\"source_id\":\"russia_oil_power_map\",\"source_name\":\"Russia Oil & Power Infrastructure Map\",\"source_type\":\"map_layer\",\"url\":\"https://russiaoilpowermap.com/data/custom_pins.json\",\"archive_url\":\"\",\"retrieved_at\":\"2026-10-10T09:58:14Z\",\"source_record_id\":\"pin_6aacb5c3cd1e85.70480065\",\"source_file\":\"data/russia_oil_power_infrastructure.csv\",\"source_line_or_record_id\":\"113730\",\"extractor_version\":\"unknown\",\"license_or_terms\":\"unknown\",\"confidence_contribution\":\"0.82\"}]","first_seen_build":"2026-10-10T09:58:14Z","last_seen_build":"2026-10-10T09:58:14Z","change_status":"new","change_types":["new"],"changed_since_previous_build":"false","new_in_latest_build":"true","removed_from_latest_build":"false","source_archive_date":"2026-10-10T09:58:14Z","generation_type":"","primary_fuel":"","secondary_fuels":"","plant_role":"","technology":"","installed_capacity_mw":"","operational_status":"","classification_confidence":"","classification_confidence_score":"","classification_method":"","classification_sources":"","classification_notes":"","alternate_names":"","name_ru":"","match_score":"","match_method":"","matched_source_record_ids":"","is_nuclear":"","nuclear_status":"","reactor_count":"","operating_reactor_count":"","reactor_types":"","nuclear_reference_ids":"","radiological_risk":"","substation_type":"","voltage_kv":"","voltage_levels_kv":"","connected_generation_type":"","ecological_risk_category":"","political_significance":"","risk_assessment_status":"","references":[{"reference_id":"ref_7ab23f454b353cde","source_id":"russia_oil_power_map","source_name":"Russia Oil & Power Infrastructure Map","source_type":"map_layer","url":"https://russiaoilpowermap.com/data/custom_pins.json","archive_url":"","retrieved_at":"2026-10-10T09:58:14Z","source_record_id":"pin_6aacb5c3cd1e85.70480065","source_file":"data/russia_oil_power_infrastructure.csv","source_line_or_record_id":"113730","extractor_version":"unknown","license_or_terms":"unknown","confidence_contribution":"0.82"}]}},{"type":"Feature","id":"infra_15c2542347a88d0b","geometry":{"type":"Point","coordinates":[38.435369,57.961253]},"properties":{"uid":"infra_15c2542347a88d0b","object_id":"infra_15c2542347a88d0b","source":"russia_oil_power_map","source_dataset":"Russia Oil & Power Infrastructure Map","source_id":"russia_oil_power_map","source_record_id":"pin_6aacb5ccb32f89.08446373","source_url":"https://russiaoilpowermap.com/data/custom_pins.json","source_capture_date":"2026-10-10T09:58:14Z","source_layer":"custom_pins","source_reference_id":"ref_89e728669c3d8a30","source_name":"Russia Oil & Power Infrastructure Map","source_type":"map_layer","source_reliability":"B","license_or_terms":"unknown","name":"Railway Bridge","name_en":"","description":"","name_translated":"","description_translated":"","display_label":"Railway Bridge","asset_class":"transport","asset_type":"bridge","asset_subtype":"","domain":"transport","status":"","operator":"","product":"","country":"Russia","country_code":"","country_source":"","countries":["Russia"],"source_country":"Russia","country_match_method":"point_in_boundary","region":"","region_translated":"","subdivision":"","inn":"","is_sanctioned":"","is_mass_director":"","is_mass_founder":"","is_disqualified_persons":"","geometry_type":"Point","latitude":"57.96125300","longitude":"38.43536900","centroid_latitude":"57.96125300","centroid_longitude":"38.43536900","map_latitude":"57.96125300","map_longitude":"38.43536900","start_latitude":"57.961253","start_longitude":"38.435369","end_latitude":"57.961253","end_longitude":"38.435369","coordinate_count":"1","length_km":"","has_point_location":"true","location_quality":"exact","coordinate_precision":"exact","coordinate_source":"","entity_confidence":"high","freshness":"recent","cross_source_support":"1","review_status":"unreviewed","confidence":"A","confidence_grade":"A","confidence_score":"1.00","selectable":"true","map_layer":"transport_other","map_color":"#2a93d5","map_icon":"bridge","risk_flags":"","subcategory":"bridge","transport_functions":"","un_locode":"","locode_country":"","locode_location":"","iata":"","remarks":"","source_date":"","detected_language":"en_or_unknown","translation_source":"","derived_subcategory":"transport_bridge","derived_subcategory_label":"Bridge","derived_subcategory_confidence":"1.0","derived_subcategory_reason":"asset type","possible_duplicate_group":"","search_text":"Railway Bridge Railway Bridge transport bridge transport Russia Oil & Power Infrastructure Map custom_pins Bridge","references_json":"[{\"reference_id\":\"ref_89e728669c3d8a30\",\"source_id\":\"russia_oil_power_map\",\"source_name\":\"Russia Oil & Power Infrastructure Map\",\"source_type\":\"map_layer\",\"url\":\"https://russiaoilpowermap.com/data/custom_pins.json\",\"archive_url\":\"\",\"retrieved_at\":\"2026-10-10T09:58:14Z\",\"source_record_id\":\"pin_6aacb5ccb32f89.08446373\",\"source_file\":\"data/russia_oil_power_infrastructure.csv\",\"source_line_or_record_id\":\"113731\",\"extractor_version\":\"unknown\",\"license_or_terms\":\"unknown\",\"confidence_contribution\":\"0.82\"}]","first_seen_build":"2026-10-10T09:58:14Z","last_seen_build":"2026-10-10T09:58:14Z","change_status":"new","change_types":["new"],"changed_since_previous_build":"false","new_in_latest_build":"true","removed_from_latest_build":"false","source_archive_date":"2026-10-10T09:58:14Z","generation_type":"","primary_fuel":"","secondary_fuels":"","plant_role":"","technology":"","installed_capacity_mw":"","operational_status":"","classification_confidence":"","classification_confidence_score":"","classification_method":"","classification_sources":"","classification_notes":"","alternate_names":"","name_ru":"","match_score":"","match_method":"","matched_source_record_ids":"","is_nuclear":"","nuclear_status":"","reactor_count":"","operating_reactor_count":"","reactor_types":"","nuclear_reference_ids":"","radiological_risk":"","substation_type":"","voltage_kv":"","voltage_levels_kv":"","connected_generation_type":"","ecological_risk_category":"","political_significance":"","risk_assessment_status":"","references":[{"reference_id":"ref_89e728669c3d8a30","source_id":"russia_oil_power_map","source_name":"Russia Oil & Power Infrastructure Map","source_type":"map_layer","url":"https://russiaoilpowermap.com/data/custom_pins.json","archive_url":"","retrieved_at":"2026-10-10T09:58:14Z","source_record_id":"pin_6aacb5ccb32f89.08446373","source_file":"data/russia_oil_power_infrastructure.csv","source_line_or_record_id":"113731","extractor_version":"unknown","license_or_terms":"unknown","confidence_contribution":"0.82"}]}},{"type":"Feature","id":"infra_49c99d76ba4122dd","geometry":{"type":"Point","coordinates":[36.642623,57.793484]},"properties":{"uid":"infra_49c99d76ba4122dd","object_id":"infra_49c99d76ba4122dd","source":"russia_oil_power_map","source_dataset":"Russia Oil & Power Infrastructure Map","source_id":"russia_oil_power_map","source_record_id":"pin_6aacb5d4e0a572.10942859","source_url":"https://russiaoilpowermap.com/data/custom_pins.json","source_capture_date":"2026-10-10T09:58:14Z","source_layer":"custom_pins","source_reference_id":"ref_c759ce2b487e6b23","source_name":"Russia Oil & Power Infrastructure Map","source_type":"map_layer","source_reliability":"B","license_or_terms":"unknown","name":"Railway Bridge","name_en":"","description":"","name_translated":"","description_translated":"","display_label":"Railway Bridge","asset_class":"transport","asset_type":"bridge","asset_subtype":"","domain":"transport","status":"","operator":"","product":"","country":"Russia","country_code":"","country_source":"","countries":["Russia"],"source_country":"Russia","country_match_method":"point_in_boundary","region":"","region_translated":"","subdivision":"","inn":"","is_sanctioned":"","is_mass_director":"","is_mass_founder":"","is_disqualified_persons":"","geometry_type":"Point","latitude":"57.79348400","longitude":"36.64262300","centroid_latitude":"57.79348400","centroid_longitude":"36.64262300","map_latitude":"57.79348400","map_longitude":"36.64262300","start_latitude":"57.793484","start_longitude":"36.642623","end_latitude":"57.793484","end_longitude":"36.642623","coordinate_count":"1","length_km":"","has_point_location":"true","location_quality":"exact","coordinate_precision":"exact","coordinate_source":"","entity_confidence":"high","freshness":"recent","cross_source_support":"1","review_status":"unreviewed","confidence":"A","confidence_grade":"A","confidence_score":"1.00","selectable":"true","map_layer":"transport_other","map_color":"#2a93d5","map_icon":"bridge","risk_flags":"","subcategory":"bridge","transport_functions":"","un_locode":"","locode_country":"","locode_location":"","iata":"","remarks":"","source_date":"","detected_language":"en_or_unknown","translation_source":"","derived_subcategory":"transport_bridge","derived_subcategory_label":"Bridge","derived_subcategory_confidence":"1.0","derived_subcategory_reason":"asset type","possible_duplicate_group":"","search_text":"Railway Bridge Railway Bridge transport bridge transport Russia Oil & Power Infrastructure Map custom_pins Bridge","references_json":"[{\"reference_id\":\"ref_c759ce2b487e6b23\",\"source_id\":\"russia_oil_power_map\",\"source_name\":\"Russia Oil & Power Infrastructure Map\",\"source_type\":\"map_layer\",\"url\":\"https://russiaoilpowermap.com/data/custom_pins.json\",\"archive_url\":\"\",\"retrieved_at\":\"2026-10-10T09:58:14Z\",\"source_record_id\":\"pin_6aacb5d4e0a572.10942859\",\"source_file\":\"data/russia_oil_power_infrastructure.csv\",\"source_line_or_record_id\":\"113732\",\"extractor_version\":\"unknown\",\"license_or_terms\":\"unknown\",\"confidence_contribution\":\"0.82\"}]","first_seen_build":"2026-10-10T09:58:14Z","last_seen_build":"2026-10-10T09:58:14Z","change_status":"new","change_types":["new"],"changed_since_previous_build":"false","new_in_latest_build":"true","removed_from_latest_build":"false","source_archive_date":"2026-10-10T09:58:14Z","generation_type":"","primary_fuel":"","secondary_fuels":"","plant_role":"","technology":"","installed_capacity_mw":"","operational_status":"","classification_confidence":"","classification_confidence_score":"","classification_method":"","classification_sources":"","classification_notes":"","alternate_names":"","name_ru":"","match_score":"","match_method":"","matched_source_record_ids":"","is_nuclear":"","nuclear_status":"","reactor_count":"","operating_reactor_count":"","reactor_types":"","nuclear_reference_ids":"","radiological_risk":"","substation_type":"","voltage_kv":"","voltage_levels_kv":"","connected_generation_type":"","ecological_risk_category":"","political_significance":"","risk_assessment_status":"","references":[{"reference_id":"ref_c759ce2b487e6b23","source_id":"russia_oil_power_map","source_name":"Russia Oil & Power Infrastructure Map","source_type":"map_layer","url":"https://russiaoilpowermap.com/data/custom_pins.json","archive_url":"","retrieved_at":"2026-10-10T09:58:14Z","source_record_id":"pin_6aacb5d4e0a572.10942859","source_file":"data/russia_oil_power_infrastructure.csv","source_line_or_record_id":"113732","extractor_version":"unknown","license_or_terms":"unknown","confidence_contribution":"0.82"}]}},{"type":"Feature","id":"infra_c4b32dd056792668","geometry":{"type":"Point","coordinates":[30.854824,59.812861]},"properties":{"uid":"infra_c4b32dd056792668","object_id":"infra_c4b32dd056792668","source":"russia_oil_power_map","source_dataset":"Russia Oil & Power Infrastructure Map","source_id":"russia_oil_power_map","source_record_id":"pin_6aacb5fe15f5f4.97486280","source_url":"https://russiaoilpowermap.com/data/custom_pins.json","source_capture_date":"2026-10-10T09:58:14Z","source_layer":"custom_pins","source_reference_id":"ref_e4c11d156e1f7ab6","source_name":"Russia Oil & Power Infrastructure Map","source_type":"map_layer","source_reliability":"B","license_or_terms":"unknown","name":"Railway Bridge","name_en":"","description":"","name_translated":"","description_translated":"","display_label":"Railway Bridge","asset_class":"transport","asset_type":"bridge","asset_subtype":"","domain":"transport","status":"","operator":"","product":"","country":"Russia","country_code":"","country_source":"","countries":["Russia"],"source_country":"Russia","country_match_method":"point_in_boundary","region":"","region_translated":"","subdivision":"","inn":"","is_sanctioned":"","is_mass_director":"","is_mass_founder":"","is_disqualified_persons":"","geometry_type":"Point","latitude":"59.81286100","longitude":"30.85482400","centroid_latitude":"59.81286100","centroid_longitude":"30.85482400","map_latitude":"59.81286100","map_longitude":"30.85482400","start_latitude":"59.812861","start_longitude":"30.854824","end_latitude":"59.812861","end_longitude":"30.854824","coordinate_count":"1","length_km":"","has_point_location":"true","location_quality":"exact","coordinate_precision":"exact","coordinate_source":"","entity_confidence":"high","freshness":"recent","cross_source_support":"1","review_status":"unreviewed","confidence":"A","confidence_grade":"A","confidence_score":"1.00","selectable":"true","map_layer":"transport_other","map_color":"#2a93d5","map_icon":"bridge","risk_flags":"","subcategory":"bridge","transport_functions":"","un_locode":"","locode_country":"","locode_location":"","iata":"","remarks":"","source_date":"","detected_language":"en_or_unknown","translation_source":"","derived_subcategory":"transport_bridge","derived_subcategory_label":"Bridge","derived_subcategory_confidence":"1.0","derived_subcategory_reason":"asset type","possible_duplicate_group":"","search_text":"Railway Bridge Railway Bridge transport bridge transport Russia Oil & Power Infrastructure Map custom_pins Bridge","references_json":"[{\"reference_id\":\"ref_e4c11d156e1f7ab6\",\"source_id\":\"russia_oil_power_map\",\"source_name\":\"Russia Oil & Power Infrastructure Map\",\"source_type\":\"map_layer\",\"url\":\"https://russiaoilpowermap.com/data/custom_pins.json\",\"archive_url\":\"\",\"retrieved_at\":\"2026-10-10T09:58:14Z\",\"source_record_id\":\"pin_6aacb5fe15f5f4.97486280\",\"source_file\":\"data/russia_oil_power_infrastructure.csv\",\"source_line_or_record_id\":\"113733\",\"extractor_version\":\"unknown\",\"license_or_terms\":\"unknown\",\"confidence_contribution\":\"0.82\"}]","first_seen_build":"2026-10-10T09:58:14Z","last_seen_build":"2026-10-10T09:58:14Z","change_status":"new","change_types":["new"],"changed_since_previous_build":"false","new_in_latest_build":"true","removed_from_latest_build":"false","source_archive_date":"2026-10-10T09:58:14Z","generation_type":"","primary_fuel":"","secondary_fuels":"","plant_role":"","technology":"","installed_capacity_mw":"","operational_status":"","classification_confidence":"","classification_confidence_score":"","classification_method":"","classification_sources":"","classification_notes":"","alternate_names":"","name_ru":"","match_score":"","match_method":"","matched_source_record_ids":"","is_nuclear":"","nuclear_status":"","reactor_count":"","operating_reactor_count":"","reactor_types":"","nuclear_reference_ids":"","radiological_risk":"","substation_type":"","voltage_kv":"","voltage_levels_kv":"","connected_generation_type":"","ecological_risk_category":"","political_significance":"","risk_assessment_status":"","references":[{"reference_id":"ref_e4c11d156e1f7ab6","source_id":"russia_oil_power_map","source_name":"Russia Oil & Power Infrastructure Map","source_type":"map_layer","url":"https://russiaoilpowermap.com/data/custom_pins.json","archive_url":"","retrieved_at":"2026-10-10T09:58:14Z","source_record_id":"pin_6aacb5fe15f5f4.97486280","source_file":"data/russia_oil_power_infrastructure.csv","source_line_or_record_id":"113733","extractor_version":"unknown","license_or_terms":"unknown","confidence_contribution":"0.82"}]}},{"type":"Feature","id":"infra_b976e61b6e6d025a","geometry":{"type":"Point","coordinates":[38.840103,55.071586]},"properties":{"uid":"infra_b976e61b6e6d025a","object_id":"infra_b976e61b6e6d025a","source":"russia_oil_power_map","source_dataset":"Russia Oil & Power Infrastructure Map","source_id":"russia_oil_power_map","source_record_id":"pin_6aacb63d5b2538.94921744","source_url":"https://russiaoilpowermap.com/data/custom_pins.json","source_capture_date":"2026-10-10T09:58:14Z","source_layer":"custom_pins","source_reference_id":"ref_9beab9b0cc42ca8c","source_name":"Russia Oil & Power Infrastructure Map","source_type":"map_layer","source_reliability":"B","license_or_terms":"unknown","name":"Railway Bridge","name_en":"","description":"","name_translated":"","description_translated":"","display_label":"Railway Bridge","asset_class":"transport","asset_type":"bridge","asset_subtype":"","domain":"transport","status":"","operator":"","product":"","country":"Russia","country_code":"","country_source":"","countries":["Russia"],"source_country":"Russia","country_match_method":"point_in_boundary","region":"","region_translated":"","subdivision":"","inn":"","is_sanctioned":"","is_mass_director":"","is_mass_founder":"","is_disqualified_persons":"","geometry_type":"Point","latitude":"55.07158600","longitude":"38.84010300","centroid_latitude":"55.07158600","centroid_longitude":"38.84010300","map_latitude":"55.07158600","map_longitude":"38.84010300","start_latitude":"55.071586","start_longitude":"38.840103","end_latitude":"55.071586","end_longitude":"38.840103","coordinate_count":"1","length_km":"","has_point_location":"true","location_quality":"exact","coordinate_precision":"exact","coordinate_source":"","entity_confidence":"high","freshness":"recent","cross_source_support":"1","review_status":"unreviewed","confidence":"A","confidence_grade":"A","confidence_score":"1.00","selectable":"true","map_layer":"transport_other","map_color":"#2a93d5","map_icon":"bridge","risk_flags":"","subcategory":"bridge","transport_functions":"","un_locode":"","locode_country":"","locode_location":"","iata":"","remarks":"","source_date":"","detected_language":"en_or_unknown","translation_source":"","derived_subcategory":"transport_bridge","derived_subcategory_label":"Bridge","derived_subcategory_confidence":"1.0","derived_subcategory_reason":"asset type","possible_duplicate_group":"","search_text":"Railway Bridge Railway Bridge transport bridge transport Russia Oil & Power Infrastructure Map custom_pins Bridge","references_json":"[{\"reference_id\":\"ref_9beab9b0cc42ca8c\",\"source_id\":\"russia_oil_power_map\",\"source_name\":\"Russia Oil & Power Infrastructure Map\",\"source_type\":\"map_layer\",\"url\":\"https://russiaoilpowermap.com/data/custom_pins.json\",\"archive_url\":\"\",\"retrieved_at\":\"2026-10-10T09:58:14Z\",\"source_record_id\":\"pin_6aacb63d5b2538.94921744\",\"source_file\":\"data/russia_oil_power_infrastructure.csv\",\"source_line_or_record_id\":\"113734\",\"extractor_version\":\"unknown\",\"license_or_terms\":\"unknown\",\"confidence_contribution\":\"0.82\"}]","first_seen_build":"2026-10-10T09:58:14Z","last_seen_build":"2026-10-10T09:58:14Z","change_status":"new","change_types":["new"],"changed_since_previous_build":"false","new_in_latest_build":"true","removed_from_latest_build":"false","source_archive_date":"2026-10-10T09:58:14Z","generation_type":"","primary_fuel":"","secondary_fuels":"","plant_role":"","technology":"","installed_capacity_mw":"","operational_status":"","classification_confidence":"","classification_confidence_score":"","classification_method":"","classification_sources":"","classification_notes":"","alternate_names":"","name_ru":"","match_score":"","match_method":"","matched_source_record_ids":"","is_nuclear":"","nuclear_status":"","reactor_count":"","operating_reactor_count":"","reactor_types":"","nuclear_reference_ids":"","radiological_risk":"","substation_type":"","voltage_kv":"","voltage_levels_kv":"","connected_generation_type":"","ecological_risk_category":"","political_significance":"","risk_assessment_status":"","references":[{"reference_id":"ref_9beab9b0cc42ca8c","source_id":"russia_oil_power_map","source_name":"Russia Oil & Power Infrastructure Map","source_type":"map_layer","url":"https://russiaoilpowermap.com/data/custom_pins.json","archive_url":"","retrieved_at":"2026-10-10T09:58:14Z","source_record_id":"pin_6aacb63d5b2538.94921744","source_file":"data/russia_oil_power_infrastructure.csv","source_line_or_record_id":"113734","extractor_version":"unknown","license_or_terms":"unknown","confidence_contribution":"0.82"}]}},{"type":"Feature","id":"infra_1ba60be23a9d98a7","geometry":{"type":"Point","coordinates":[38.695747,55.291378]},"properties":{"uid":"infra_1ba60be23a9d98a7","object_id":"infra_1ba60be23a9d98a7","source":"russia_oil_power_map","source_dataset":"Russia Oil & Power Infrastructure Map","source_id":"russia_oil_power_map","source_record_id":"pin_6aacb6490a0af4.50236339","source_url":"https://russiaoilpowermap.com/data/custom_pins.json","source_capture_date":"2026-10-10T09:58:14Z","source_layer":"custom_pins","source_reference_id":"ref_f7d5bd41f1e7ecae","source_name":"Russia Oil & Power Infrastructure Map","source_type":"map_layer","source_reliability":"B","license_or_terms":"unknown","name":"Railway Bridge","name_en":"","description":"","name_translated":"","description_translated":"","display_label":"Railway Bridge","asset_class":"transport","asset_type":"bridge","asset_subtype":"","domain":"transport","status":"","operator":"","product":"","country":"Russia","country_code":"","country_source":"","countries":["Russia"],"source_country":"Russia","country_match_method":"point_in_boundary","region":"","region_translated":"","subdivision":"","inn":"","is_sanctioned":"","is_mass_director":"","is_mass_founder":"","is_disqualified_persons":"","geometry_type":"Point","latitude":"55.29137800","longitude":"38.69574700","centroid_latitude":"55.29137800","centroid_longitude":"38.69574700","map_latitude":"55.29137800","map_longitude":"38.69574700","start_latitude":"55.291378","start_longitude":"38.695747","end_latitude":"55.291378","end_longitude":"38.695747","coordinate_count":"1","length_km":"","has_point_location":"true","location_quality":"exact","coordinate_precision":"exact","coordinate_source":"","entity_confidence":"high","freshness":"recent","cross_source_support":"1","review_status":"unreviewed","confidence":"A","confidence_grade":"A","confidence_score":"1.00","selectable":"true","map_layer":"transport_other","map_color":"#2a93d5","map_icon":"bridge","risk_flags":"","subcategory":"bridge","transport_functions":"","un_locode":"","locode_country":"","locode_location":"","iata":"","remarks":"","source_date":"","detected_language":"en_or_unknown","translation_source":"","derived_subcategory":"transport_bridge","derived_subcategory_label":"Bridge","derived_subcategory_confidence":"1.0","derived_subcategory_reason":"asset type","possible_duplicate_group":"","search_text":"Railway Bridge Railway Bridge transport bridge transport Russia Oil & Power Infrastructure Map custom_pins Bridge","references_json":"[{\"reference_id\":\"ref_f7d5bd41f1e7ecae\",\"source_id\":\"russia_oil_power_map\",\"source_name\":\"Russia Oil & Power Infrastructure Map\",\"source_type\":\"map_layer\",\"url\":\"https://russiaoilpowermap.com/data/custom_pins.json\",\"archive_url\":\"\",\"retrieved_at\":\"2026-10-10T09:58:14Z\",\"source_record_id\":\"pin_6aacb6490a0af4.50236339\",\"source_file\":\"data/russia_oil_power_infrastructure.csv\",\"source_line_or_record_id\":\"113735\",\"extractor_version\":\"unknown\",\"license_or_terms\":\"unknown\",\"confidence_contribution\":\"0.82\"}]","first_seen_build":"2026-10-10T09:58:14Z","last_seen_build":"2026-10-10T09:58:14Z","change_status":"new","change_types":["new"],"changed_since_previous_build":"false","new_in_latest_build":"true","removed_from_latest_build":"false","source_archive_date":"2026-10-10T09:58:14Z","generation_type":"","primary_fuel":"","secondary_fuels":"","plant_role":"","technology":"","installed_capacity_mw":"","operational_status":"","classification_confidence":"","classification_confidence_score":"","classification_method":"","classification_sources":"","classification_notes":"","alternate_names":"","name_ru":"","match_score":"","match_method":"","matched_source_record_ids":"","is_nuclear":"","nuclear_status":"","reactor_count":"","operating_reactor_count":"","reactor_types":"","nuclear_reference_ids":"","radiological_risk":"","substation_type":"","voltage_kv":"","voltage_levels_kv":"","connected_generation_type":"","ecological_risk_category":"","political_significance":"","risk_assessment_status":"","references":[{"reference_id":"ref_f7d5bd41f1e7ecae","source_id":"russia_oil_power_map","source_name":"Russia Oil & Power Infrastructure Map","source_type":"map_layer","url":"https://russiaoilpowermap.com/data/custom_pins.json","archive_url":"","retrieved_at":"2026-10-10T09:58:14Z","source_record_id":"pin_6aacb6490a0af4.50236339","source_file":"data/russia_oil_power_infrastructure.csv","source_line_or_record_id":"113735","extractor_version":"unknown","license_or_terms":"unknown","confidence_contribution":"0.82"}]}},{"type":"Feature","id":"infra_5196073b53e517f9","geometry":{"type":"Point","coordinates":[40.550902,56.198647]},"properties":{"uid":"infra_5196073b53e517f9","object_id":"infra_5196073b53e517f9","source":"russia_oil_power_map","source_dataset":"Russia Oil & Power Infrastructure Map","source_id":"russia_oil_power_map","source_record_id":"pin_6aacb670f28645.27451040","source_url":"https://russiaoilpowermap.com/data/custom_pins.json","source_capture_date":"2026-10-10T09:58:14Z","source_layer":"custom_pins","source_reference_id":"ref_2b7797196f2bd477","source_name":"Russia Oil & Power Infrastructure Map","source_type":"map_layer","source_reliability":"B","license_or_terms":"unknown","name":"Railway Bridge","name_en":"","description":"","name_translated":"","description_translated":"","display_label":"Railway Bridge","asset_class":"transport","asset_type":"bridge","asset_subtype":"","domain":"transport","status":"","operator":"","product":"","country":"Russia","country_code":"","country_source":"","countries":["Russia"],"source_country":"Russia","country_match_method":"point_in_boundary","region":"","region_translated":"","subdivision":"","inn":"","is_sanctioned":"","is_mass_director":"","is_mass_founder":"","is_disqualified_persons":"","geometry_type":"Point","latitude":"56.19864700","longitude":"40.55090200","centroid_latitude":"56.19864700","centroid_longitude":"40.55090200","map_latitude":"56.19864700","map_longitude":"40.55090200","start_latitude":"56.198647","start_longitude":"40.550902","end_latitude":"56.198647","end_longitude":"40.550902","coordinate_count":"1","length_km":"","has_point_location":"true","location_quality":"exact","coordinate_precision":"exact","coordinate_source":"","entity_confidence":"high","freshness":"recent","cross_source_support":"1","review_status":"unreviewed","confidence":"A","confidence_grade":"A","confidence_score":"1.00","selectable":"true","map_layer":"transport_other","map_color":"#2a93d5","map_icon":"bridge","risk_flags":"","subcategory":"bridge","transport_functions":"","un_locode":"","locode_country":"","locode_location":"","iata":"","remarks":"","source_date":"","detected_language":"en_or_unknown","translation_source":"","derived_subcategory":"transport_bridge","derived_subcategory_label":"Bridge","derived_subcategory_confidence":"1.0","derived_subcategory_reason":"asset type","possible_duplicate_group":"","search_text":"Railway Bridge Railway Bridge transport bridge transport Russia Oil & Power Infrastructure Map custom_pins Bridge","references_json":"[{\"reference_id\":\"ref_2b7797196f2bd477\",\"source_id\":\"russia_oil_power_map\",\"source_name\":\"Russia Oil & Power Infrastructure Map\",\"source_type\":\"map_layer\",\"url\":\"https://russiaoilpowermap.com/data/custom_pins.json\",\"archive_url\":\"\",\"retrieved_at\":\"2026-10-10T09:58:14Z\",\"source_record_id\":\"pin_6aacb670f28645.27451040\",\"source_file\":\"data/russia_oil_power_infrastructure.csv\",\"source_line_or_record_id\":\"113736\",\"extractor_version\":\"unknown\",\"license_or_terms\":\"unknown\",\"confidence_contribution\":\"0.82\"}]","first_seen_build":"2026-10-10T09:58:14Z","last_seen_build":"2026-10-10T09:58:14Z","change_status":"new","change_types":["new"],"changed_since_previous_build":"false","new_in_latest_build":"true","removed_from_latest_build":"false","source_archive_date":"2026-10-10T09:58:14Z","generation_type":"","primary_fuel":"","secondary_fuels":"","plant_role":"","technology":"","installed_capacity_mw":"","operational_status":"","classification_confidence":"","classification_confidence_score":"","classification_method":"","classification_sources":"","classification_notes":"","alternate_names":"","name_ru":"","match_score":"","match_method":"","matched_source_record_ids":"","is_nuclear":"","nuclear_status":"","reactor_count":"","operating_reactor_count":"","reactor_types":"","nuclear_reference_ids":"","radiological_risk":"","substation_type":"","voltage_kv":"","voltage_levels_kv":"","connected_generation_type":"","ecological_risk_category":"","political_significance":"","risk_assessment_status":"","references":[{"reference_id":"ref_2b7797196f2bd477","source_id":"russia_oil_power_map","source_name":"Russia Oil & Power Infrastructure Map","source_type":"map_layer","url":"https://russiaoilpowermap.com/data/custom_pins.json","archive_url":"","retrieved_at":"2026-10-10T09:58:14Z","source_record_id":"pin_6aacb670f28645.27451040","source_file":"data/russia_oil_power_infrastructure.csv","source_line_or_record_id":"113736","extractor_version":"unknown","license_or_terms":"unknown","confidence_contribution":"0.82"}]}},{"type":"Feature","id":"infra_3413c206694395cd","geometry":{"type":"Point","coordinates":[43.925735,56.35334]},"properties":{"uid":"infra_3413c206694395cd","object_id":"infra_3413c206694395cd","source":"russia_oil_power_map","source_dataset":"Russia Oil & Power Infrastructure Map","source_id":"russia_oil_power_map","source_record_id":"pin_6aacb67f09eb34.18994125","source_url":"https://russiaoilpowermap.com/data/custom_pins.json","source_capture_date":"2026-10-10T09:58:14Z","source_layer":"custom_pins","source_reference_id":"ref_7dd4a8ca02e1b3a2","source_name":"Russia Oil & Power Infrastructure Map","source_type":"map_layer","source_reliability":"B","license_or_terms":"unknown","name":"Railway Bridge","name_en":"","description":"","name_translated":"","description_translated":"","display_label":"Railway Bridge","asset_class":"transport","asset_type":"bridge","asset_subtype":"","domain":"transport","status":"","operator":"","product":"","country":"Russia","country_code":"","country_source":"","countries":["Russia"],"source_country":"Russia","country_match_method":"point_in_boundary","region":"","region_translated":"","subdivision":"","inn":"","is_sanctioned":"","is_mass_director":"","is_mass_founder":"","is_disqualified_persons":"","geometry_type":"Point","latitude":"56.35334000","longitude":"43.92573500","centroid_latitude":"56.35334000","centroid_longitude":"43.92573500","map_latitude":"56.35334000","map_longitude":"43.92573500","start_latitude":"56.35334","start_longitude":"43.925735","end_latitude":"56.35334","end_longitude":"43.925735","coordinate_count":"1","length_km":"","has_point_location":"true","location_quality":"exact","coordinate_precision":"exact","coordinate_source":"","entity_confidence":"high","freshness":"recent","cross_source_support":"1","review_status":"unreviewed","confidence":"A","confidence_grade":"A","confidence_score":"1.00","selectable":"true","map_layer":"transport_other","map_color":"#2a93d5","map_icon":"bridge","risk_flags":"","subcategory":"bridge","transport_functions":"","un_locode":"","locode_country":"","locode_location":"","iata":"","remarks":"","source_date":"","detected_language":"en_or_unknown","translation_source":"","derived_subcategory":"transport_bridge","derived_subcategory_label":"Bridge","derived_subcategory_confidence":"1.0","derived_subcategory_reason":"asset type","possible_duplicate_group":"","search_text":"Railway Bridge Railway Bridge transport bridge transport Russia Oil & Power Infrastructure Map custom_pins Bridge","references_json":"[{\"reference_id\":\"ref_7dd4a8ca02e1b3a2\",\"source_id\":\"russia_oil_power_map\",\"source_name\":\"Russia Oil & Power Infrastructure Map\",\"source_type\":\"map_layer\",\"url\":\"https://russiaoilpowermap.com/data/custom_pins.json\",\"archive_url\":\"\",\"retrieved_at\":\"2026-10-10T09:58:14Z\",\"source_record_id\":\"pin_6aacb67f09eb34.18994125\",\"source_file\":\"data/russia_oil_power_infrastructure.csv\",\"source_line_or_record_id\":\"113737\",\"extractor_version\":\"unknown\",\"license_or_terms\":\"unknown\",\"confidence_contribution\":\"0.82\"}]","first_seen_build":"2026-10-10T09:58:14Z","last_seen_build":"2026-10-10T09:58:14Z","change_status":"new","change_types":["new"],"changed_since_previous_build":"false","new_in_latest_build":"true","removed_from_latest_build":"false","source_archive_date":"2026-10-10T09:58:14Z","generation_type":"","primary_fuel":"","secondary_fuels":"","plant_role":"","technology":"","installed_capacity_mw":"","operational_status":"","classification_confidence":"","classification_confidence_score":"","classification_method":"","classification_sources":"","classification_notes":"","alternate_names":"","name_ru":"","match_score":"","match_method":"","matched_source_record_ids":"","is_nuclear":"","nuclear_status":"","reactor_count":"","operating_reactor_count":"","reactor_types":"","nuclear_reference_ids":"","radiological_risk":"","substation_type":"","voltage_kv":"","voltage_levels_kv":"","connected_generation_type":"","ecological_risk_category":"","political_significance":"","risk_assessment_status":"","references":[{"reference_id":"ref_7dd4a8ca02e1b3a2","source_id":"russia_oil_power_map","source_name":"Russia Oil & Power Infrastructure Map","source_type":"map_layer","url":"https://russiaoilpowermap.com/data/custom_pins.json","archive_url":"","retrieved_at":"2026-10-10T09:58:14Z","source_record_id":"pin_6aacb67f09eb34.18994125","source_file":"data/russia_oil_power_infrastructure.csv","source_line_or_record_id":"113737","extractor_version":"unknown","license_or_terms":"unknown","confidence_contribution":"0.82"}]}},{"type":"Feature","id":"infra_9631ecbd80f06207","geometry":{"type":"Point","coordinates":[45.133723,57.178247]},"properties":{"uid":"infra_9631ecbd80f06207","object_id":"infra_9631ecbd80f06207","source":"russia_oil_power_map","source_dataset":"Russia Oil & Power Infrastructure Map","source_id":"russia_oil_power_map","source_record_id":"pin_6aacb69454dbd7.34188489","source_url":"https://russiaoilpowermap.com/data/custom_pins.json","source_capture_date":"2026-10-10T09:58:14Z","source_layer":"custom_pins","source_reference_id":"ref_96d3cf442ce7ede5","source_name":"Russia Oil & Power Infrastructure Map","source_type":"map_layer","source_reliability":"B","license_or_terms":"unknown","name":"Railway Bridge","name_en":"","description":"","name_translated":"","description_translated":"","display_label":"Railway Bridge","asset_class":"transport","asset_type":"bridge","asset_subtype":"","domain":"transport","status":"","operator":"","product":"","country":"Russia","country_code":"","country_source":"","countries":["Russia"],"source_country":"Russia","country_match_method":"point_in_boundary","region":"","region_translated":"","subdivision":"","inn":"","is_sanctioned":"","is_mass_director":"","is_mass_founder":"","is_disqualified_persons":"","geometry_type":"Point","latitude":"57.17824700","longitude":"45.13372300","centroid_latitude":"57.17824700","centroid_longitude":"45.13372300","map_latitude":"57.17824700","map_longitude":"45.13372300","start_latitude":"57.178247","start_longitude":"45.133723","end_latitude":"57.178247","end_longitude":"45.133723","coordinate_count":"1","length_km":"","has_point_location":"true","location_quality":"exact","coordinate_precision":"exact","coordinate_source":"","entity_confidence":"high","freshness":"recent","cross_source_support":"1","review_status":"unreviewed","confidence":"A","confidence_grade":"A","confidence_score":"1.00","selectable":"true","map_layer":"transport_other","map_color":"#2a93d5","map_icon":"bridge","risk_flags":"","subcategory":"bridge","transport_functions":"","un_locode":"","locode_country":"","locode_location":"","iata":"","remarks":"","source_date":"","detected_language":"en_or_unknown","translation_source":"","derived_subcategory":"transport_bridge","derived_subcategory_label":"Bridge","derived_subcategory_confidence":"1.0","derived_subcategory_reason":"asset type","possible_duplicate_group":"","search_text":"Railway Bridge Railway Bridge transport bridge transport Russia Oil & Power Infrastructure Map custom_pins Bridge","references_json":"[{\"reference_id\":\"ref_96d3cf442ce7ede5\",\"source_id\":\"russia_oil_power_map\",\"source_name\":\"Russia Oil & Power Infrastructure Map\",\"source_type\":\"map_layer\",\"url\":\"https://russiaoilpowermap.com/data/custom_pins.json\",\"archive_url\":\"\",\"retrieved_at\":\"2026-10-10T09:58:14Z\",\"source_record_id\":\"pin_6aacb69454dbd7.34188489\",\"source_file\":\"data/russia_oil_power_infrastructure.csv\",\"source_line_or_record_id\":\"113738\",\"extractor_version\":\"unknown\",\"license_or_terms\":\"unknown\",\"confidence_contribution\":\"0.82\"}]","first_seen_build":"2026-10-10T09:58:14Z","last_seen_build":"2026-10-10T09:58:14Z","change_status":"new","change_types":["new"],"changed_since_previous_build":"false","new_in_latest_build":"true","removed_from_latest_build":"false","source_archive_date":"2026-10-10T09:58:14Z","generation_type":"","primary_fuel":"","secondary_fuels":"","plant_role":"","technology":"","installed_capacity_mw":"","operational_status":"","classification_confidence":"","classification_confidence_score":"","classification_method":"","classification_sources":"","classification_notes":"","alternate_names":"","name_ru":"","match_score":"","match_method":"","matched_source_record_ids":"","is_nuclear":"","nuclear_status":"","reactor_count":"","operating_reactor_count":"","reactor_types":"","nuclear_reference_ids":"","radiological_risk":"","substation_type":"","voltage_kv":"","voltage_levels_kv":"","connected_generation_type":"","ecological_risk_category":"","political_significance":"","risk_assessment_status":"","references":[{"reference_id":"ref_96d3cf442ce7ede5","source_id":"russia_oil_power_map","source_name":"Russia Oil & Power Infrastructure Map","source_type":"map_layer","url":"https://russiaoilpowermap.com/data/custom_pins.json","archive_url":"","retrieved_at":"2026-10-10T09:58:14Z","source_record_id":"pin_6aacb69454dbd7.34188489","source_file":"data/russia_oil_power_infrastructure.csv","source_line_or_record_id":"113738","extractor_version":"unknown","license_or_terms":"unknown","confidence_contribution":"0.82"}]}},{"type":"Feature","id":"infra_2190408c84cac6c9","geometry":{"type":"Point","coordinates":[42.081885,55.564345]},"properties":{"uid":"infra_2190408c84cac6c9","object_id":"infra_2190408c84cac6c9","source":"russia_oil_power_map","source_dataset":"Russia Oil & Power Infrastructure Map","source_id":"russia_oil_power_map","source_record_id":"pin_6aacb6a8084d44.34749233","source_url":"https://russiaoilpowermap.com/data/custom_pins.json","source_capture_date":"2026-10-10T09:58:14Z","source_layer":"custom_pins","source_reference_id":"ref_1e60ca94b8c869a2","source_name":"Russia Oil & Power Infrastructure Map","source_type":"map_layer","source_reliability":"B","license_or_terms":"unknown","name":"Railway Bridge","name_en":"","description":"","name_translated":"","description_translated":"","display_label":"Railway Bridge","asset_class":"transport","asset_type":"bridge","asset_subtype":"","domain":"transport","status":"","operator":"","product":"","country":"Russia","country_code":"","country_source":"","countries":["Russia"],"source_country":"Russia","country_match_method":"point_in_boundary","region":"","region_translated":"","subdivision":"","inn":"","is_sanctioned":"","is_mass_director":"","is_mass_founder":"","is_disqualified_persons":"","geometry_type":"Point","latitude":"55.56434500","longitude":"42.08188500","centroid_latitude":"55.56434500","centroid_longitude":"42.08188500","map_latitude":"55.56434500","map_longitude":"42.08188500","start_latitude":"55.564345","start_longitude":"42.081885","end_latitude":"55.564345","end_longitude":"42.081885","coordinate_count":"1","length_km":"","has_point_location":"true","location_quality":"exact","coordinate_precision":"exact","coordinate_source":"","entity_confidence":"high","freshness":"recent","cross_source_support":"1","review_status":"unreviewed","confidence":"A","confidence_grade":"A","confidence_score":"1.00","selectable":"true","map_layer":"transport_other","map_color":"#2a93d5","map_icon":"bridge","risk_flags":"","subcategory":"bridge","transport_functions":"","un_locode":"","locode_country":"","locode_location":"","iata":"","remarks":"","source_date":"","detected_language":"en_or_unknown","translation_source":"","derived_subcategory":"transport_bridge","derived_subcategory_label":"Bridge","derived_subcategory_confidence":"1.0","derived_subcategory_reason":"asset type","possible_duplicate_group":"","search_text":"Railway Bridge Railway Bridge transport bridge transport Russia Oil & Power Infrastructure Map custom_pins Bridge","references_json":"[{\"reference_id\":\"ref_1e60ca94b8c869a2\",\"source_id\":\"russia_oil_power_map\",\"source_name\":\"Russia Oil & Power Infrastructure Map\",\"source_type\":\"map_layer\",\"url\":\"https://russiaoilpowermap.com/data/custom_pins.json\",\"archive_url\":\"\",\"retrieved_at\":\"2026-10-10T09:58:14Z\",\"source_record_id\":\"pin_6aacb6a8084d44.34749233\",\"source_file\":\"data/russia_oil_power_infrastructure.csv\",\"source_line_or_record_id\":\"113739\",\"extractor_version\":\"unknown\",\"license_or_terms\":\"unknown\",\"confidence_contribution\":\"0.82\"}]","first_seen_build":"2026-10-10T09:58:14Z","last_seen_build":"2026-10-10T09:58:14Z","change_status":"new","change_types":["new"],"changed_since_previous_build":"false","new_in_latest_build":"true","removed_from_latest_build":"false","source_archive_date":"2026-10-10T09:58:14Z","generation_type":"","primary_fuel":"","secondary_fuels":"","plant_role":"","technology":"","installed_capacity_mw":"","operational_status":"","classification_confidence":"","classification_confidence_score":"","classification_method":"","classification_sources":"","classification_notes":"","alternate_names":"","name_ru":"","match_score":"","match_method":"","matched_source_record_ids":"","is_nuclear":"","nuclear_status":"","reactor_count":"","operating_reactor_count":"","reactor_types":"","nuclear_reference_ids":"","radiological_risk":"","substation_type":"","voltage_kv":"","voltage_levels_kv":"","connected_generation_type":"","ecological_risk_category":"","political_significance":"","risk_assessment_status":"","references":[{"reference_id":"ref_1e60ca94b8c869a2","source_id":"russia_oil_power_map","source_name":"Russia Oil & Power Infrastructure Map","source_type":"map_layer","url":"https://russiaoilpowermap.com/data/custom_pins.json","archive_url":"","retrieved_at":"2026-10-10T09:58:14Z","source_record_id":"pin_6aacb6a8084d44.34749233","source_file":"data/russia_oil_power_infrastructure.csv","source_line_or_record_id":"113739","extractor_version":"unknown","license_or_terms":"unknown","confidence_contribution":"0.82"}]}},{"type":"Feature","id":"infra_dfd699765ad22d8b","geometry":{"type":"Point","coordinates":[56.151434,58.014867]},"properties":{"uid":"infra_dfd699765ad22d8b","object_id":"infra_dfd699765ad22d8b","source":"russia_oil_power_map","source_dataset":"Russia Oil & Power Infrastructure Map","source_id":"russia_oil_power_map","source_record_id":"pin_6aacb6d1d09ea8.15168621","source_url":"https://russiaoilpowermap.com/data/custom_pins.json","source_capture_date":"2026-10-10T09:58:14Z","source_layer":"custom_pins","source_reference_id":"ref_83b42dddc8f40ab6","source_name":"Russia Oil & Power Infrastructure Map","source_type":"map_layer","source_reliability":"B","license_or_terms":"unknown","name":"Railway Bridge","name_en":"","description":"","name_translated":"","description_translated":"","display_label":"Railway Bridge","asset_class":"transport","asset_type":"bridge","asset_subtype":"","domain":"transport","status":"","operator":"","product":"","country":"Russia","country_code":"","country_source":"","countries":["Russia"],"source_country":"Russia","country_match_method":"point_in_boundary","region":"","region_translated":"","subdivision":"","inn":"","is_sanctioned":"","is_mass_director":"","is_mass_founder":"","is_disqualified_persons":"","geometry_type":"Point","latitude":"58.01486700","longitude":"56.15143400","centroid_latitude":"58.01486700","centroid_longitude":"56.15143400","map_latitude":"58.01486700","map_longitude":"56.15143400","start_latitude":"58.014867","start_longitude":"56.151434","end_latitude":"58.014867","end_longitude":"56.151434","coordinate_count":"1","length_km":"","has_point_location":"true","location_quality":"exact","coordinate_precision":"exact","coordinate_source":"","entity_confidence":"high","freshness":"recent","cross_source_support":"1","review_status":"unreviewed","confidence":"A","confidence_grade":"A","confidence_score":"1.00","selectable":"true","map_layer":"transport_other","map_color":"#2a93d5","map_icon":"bridge","risk_flags":"","subcategory":"bridge","transport_functions":"","un_locode":"","locode_country":"","locode_location":"","iata":"","remarks":"","source_date":"","detected_language":"en_or_unknown","translation_source":"","derived_subcategory":"transport_bridge","derived_subcategory_label":"Bridge","derived_subcategory_confidence":"1.0","derived_subcategory_reason":"asset type","possible_duplicate_group":"","search_text":"Railway Bridge Railway Bridge transport bridge transport Russia Oil & Power Infrastructure Map custom_pins Bridge","references_json":"[{\"reference_id\":\"ref_83b42dddc8f40ab6\",\"source_id\":\"russia_oil_power_map\",\"source_name\":\"Russia Oil & Power Infrastructure Map\",\"source_type\":\"map_layer\",\"url\":\"https://russiaoilpowermap.com/data/custom_pins.json\",\"archive_url\":\"\",\"retrieved_at\":\"2026-10-10T09:58:14Z\",\"source_record_id\":\"pin_6aacb6d1d09ea8.15168621\",\"source_file\":\"data/russia_oil_power_infrastructure.csv\",\"source_line_or_record_id\":\"113740\",\"extractor_version\":\"unknown\",\"license_or_terms\":\"unknown\",\"confidence_contribution\":\"0.82\"}]","first_seen_build":"2026-10-10T09:58:14Z","last_seen_build":"2026-10-10T09:58:14Z","change_status":"new","change_types":["new"],"changed_since_previous_build":"false","new_in_latest_build":"true","removed_from_latest_build":"false","source_archive_date":"2026-10-10T09:58:14Z","generation_type":"","primary_fuel":"","secondary_fuels":"","plant_role":"","technology":"","installed_capacity_mw":"","operational_status":"","classification_confidence":"","classification_confidence_score":"","classification_method":"","classification_sources":"","classification_notes":"","alternate_names":"","name_ru":"","match_score":"","match_method":"","matched_source_record_ids":"","is_nuclear":"","nuclear_status":"","reactor_count":"","operating_reactor_count":"","reactor_types":"","nuclear_reference_ids":"","radiological_risk":"","substation_type":"","voltage_kv":"","voltage_levels_kv":"","connected_generation_type":"","ecological_risk_category":"","political_significance":"","risk_assessment_status":"","references":[{"reference_id":"ref_83b42dddc8f40ab6","source_id":"russia_oil_power_map","source_name":"Russia Oil & Power Infrastructure Map","source_type":"map_layer","url":"https://russiaoilpowermap.com/data/custom_pins.json","archive_url":"","retrieved_at":"2026-10-10T09:58:14Z","source_record_id":"pin_6aacb6d1d09ea8.15168621","source_file":"data/russia_oil_power_infrastructure.csv","source_line_or_record_id":"113740","extractor_version":"unknown","license_or_terms":"unknown","confidence_contribution":"0.82"}]}},{"type":"Feature","id":"infra_0fd62e67daef134d","geometry":{"type":"Point","coordinates":[56.802621,58.038097]},"properties":{"uid":"infra_0fd62e67daef134d","object_id":"infra_0fd62e67daef134d","source":"russia_oil_power_map","source_dataset":"Russia Oil & Power Infrastructure Map","source_id":"russia_oil_power_map","source_record_id":"pin_6aacb6e21b84b1.21533064","source_url":"https://russiaoilpowermap.com/data/custom_pins.json","source_capture_date":"2026-10-10T09:58:14Z","source_layer":"custom_pins","source_reference_id":"ref_1dcaae0357824b3f","source_name":"Russia Oil & Power Infrastructure Map","source_type":"map_layer","source_reliability":"B","license_or_terms":"unknown","name":"Railway Bridge","name_en":"","description":"","name_translated":"","description_translated":"","display_label":"Railway Bridge","asset_class":"transport","asset_type":"bridge","asset_subtype":"","domain":"transport","status":"","operator":"","product":"","country":"Russia","country_code":"","country_source":"","countries":["Russia"],"source_country":"Russia","country_match_method":"point_in_boundary","region":"","region_translated":"","subdivision":"","inn":"","is_sanctioned":"","is_mass_director":"","is_mass_founder":"","is_disqualified_persons":"","geometry_type":"Point","latitude":"58.03809700","longitude":"56.80262100","centroid_latitude":"58.03809700","centroid_longitude":"56.80262100","map_latitude":"58.03809700","map_longitude":"56.80262100","start_latitude":"58.038097","start_longitude":"56.802621","end_latitude":"58.038097","end_longitude":"56.802621","coordinate_count":"1","length_km":"","has_point_location":"true","location_quality":"exact","coordinate_precision":"exact","coordinate_source":"","entity_confidence":"high","freshness":"recent","cross_source_support":"1","review_status":"unreviewed","confidence":"A","confidence_grade":"A","confidence_score":"1.00","selectable":"true","map_layer":"transport_other","map_color":"#2a93d5","map_icon":"bridge","risk_flags":"","subcategory":"bridge","transport_functions":"","un_locode":"","locode_country":"","locode_location":"","iata":"","remarks":"","source_date":"","detected_language":"en_or_unknown","translation_source":"","derived_subcategory":"transport_bridge","derived_subcategory_label":"Bridge","derived_subcategory_confidence":"1.0","derived_subcategory_reason":"asset type","possible_duplicate_group":"","search_text":"Railway Bridge Railway Bridge transport bridge transport Russia Oil & Power Infrastructure Map custom_pins Bridge","references_json":"[{\"reference_id\":\"ref_1dcaae0357824b3f\",\"source_id\":\"russia_oil_power_map\",\"source_name\":\"Russia Oil & Power Infrastructure Map\",\"source_type\":\"map_layer\",\"url\":\"https://russiaoilpowermap.com/data/custom_pins.json\",\"archive_url\":\"\",\"retrieved_at\":\"2026-10-10T09:58:14Z\",\"source_record_id\":\"pin_6aacb6e21b84b1.21533064\",\"source_file\":\"data/russia_oil_power_infrastructure.csv\",\"source_line_or_record_id\":\"113741\",\"extractor_version\":\"unknown\",\"license_or_terms\":\"unknown\",\"confidence_contribution\":\"0.82\"}]","first_seen_build":"2026-10-10T09:58:14Z","last_seen_build":"2026-10-10T09:58:14Z","change_status":"new","change_types":["new"],"changed_since_previous_build":"false","new_in_latest_build":"true","removed_from_latest_build":"false","source_archive_date":"2026-10-10T09:58:14Z","generation_type":"","primary_fuel":"","secondary_fuels":"","plant_role":"","technology":"","installed_capacity_mw":"","operational_status":"","classification_confidence":"","classification_confidence_score":"","classification_method":"","classification_sources":"","classification_notes":"","alternate_names":"","name_ru":"","match_score":"","match_method":"","matched_source_record_ids":"","is_nuclear":"","nuclear_status":"","reactor_count":"","operating_reactor_count":"","reactor_types":"","nuclear_reference_ids":"","radiological_risk":"","substation_type":"","voltage_kv":"","voltage_levels_kv":"","connected_generation_type":"","ecological_risk_category":"","political_significance":"","risk_assessment_status":"","references":[{"reference_id":"ref_1dcaae0357824b3f","source_id":"russia_oil_power_map","source_name":"Russia Oil & Power Infrastructure Map","source_type":"map_layer","url":"https://russiaoilpowermap.com/data/custom_pins.json","archive_url":"","retrieved_at":"2026-10-10T09:58:14Z","source_record_id":"pin_6aacb6e21b84b1.21533064","source_file":"data/russia_oil_power_infrastructure.csv","source_line_or_record_id":"113741","extractor_version":"unknown","license_or_terms":"unknown","confidence_contribution":"0.82"}]}},{"type":"Feature","id":"infra_5bb212ff0aacd53c","geometry":{"type":"Point","coordinates":[48.517771,55.821477]},"properties":{"uid":"infra_5bb212ff0aacd53c","object_id":"infra_5bb212ff0aacd53c","source":"russia_oil_power_map","source_dataset":"Russia Oil & Power Infrastructure Map","source_id":"russia_oil_power_map","source_record_id":"pin_6aacb6ee78fea7.32631037","source_url":"https://russiaoilpowermap.com/data/custom_pins.json","source_capture_date":"2026-10-10T09:58:14Z","source_layer":"custom_pins","source_reference_id":"ref_39ad0dac88a867e3","source_name":"Russia Oil & Power Infrastructure Map","source_type":"map_layer","source_reliability":"B","license_or_terms":"unknown","name":"Railway Bridge","name_en":"","description":"","name_translated":"","description_translated":"","display_label":"Railway Bridge","asset_class":"transport","asset_type":"bridge","asset_subtype":"","domain":"transport","status":"","operator":"","product":"","country":"Russia","country_code":"","country_source":"","countries":["Russia"],"source_country":"Russia","country_match_method":"point_in_boundary","region":"","region_translated":"","subdivision":"","inn":"","is_sanctioned":"","is_mass_director":"","is_mass_founder":"","is_disqualified_persons":"","geometry_type":"Point","latitude":"55.82147700","longitude":"48.51777100","centroid_latitude":"55.82147700","centroid_longitude":"48.51777100","map_latitude":"55.82147700","map_longitude":"48.51777100","start_latitude":"55.821477","start_longitude":"48.517771","end_latitude":"55.821477","end_longitude":"48.517771","coordinate_count":"1","length_km":"","has_point_location":"true","location_quality":"exact","coordinate_precision":"exact","coordinate_source":"","entity_confidence":"high","freshness":"recent","cross_source_support":"1","review_status":"unreviewed","confidence":"A","confidence_grade":"A","confidence_score":"1.00","selectable":"true","map_layer":"transport_other","map_color":"#2a93d5","map_icon":"bridge","risk_flags":"","subcategory":"bridge","transport_functions":"","un_locode":"","locode_country":"","locode_location":"","iata":"","remarks":"","source_date":"","detected_language":"en_or_unknown","translation_source":"","derived_subcategory":"transport_bridge","derived_subcategory_label":"Bridge","derived_subcategory_confidence":"1.0","derived_subcategory_reason":"asset type","possible_duplicate_group":"","search_text":"Railway Bridge Railway Bridge transport bridge transport Russia Oil & Power Infrastructure Map custom_pins Bridge","references_json":"[{\"reference_id\":\"ref_39ad0dac88a867e3\",\"source_id\":\"russia_oil_power_map\",\"source_name\":\"Russia Oil & Power Infrastructure Map\",\"source_type\":\"map_layer\",\"url\":\"https://russiaoilpowermap.com/data/custom_pins.json\",\"archive_url\":\"\",\"retrieved_at\":\"2026-10-10T09:58:14Z\",\"source_record_id\":\"pin_6aacb6ee78fea7.32631037\",\"source_file\":\"data/russia_oil_power_infrastructure.csv\",\"source_line_or_record_id\":\"113742\",\"extractor_version\":\"unknown\",\"license_or_terms\":\"unknown\",\"confidence_contribution\":\"0.82\"}]","first_seen_build":"2026-10-10T09:58:14Z","last_seen_build":"2026-10-10T09:58:14Z","change_status":"new","change_types":["new"],"changed_since_previous_build":"false","new_in_latest_build":"true","removed_from_latest_build":"false","source_archive_date":"2026-10-10T09:58:14Z","generation_type":"","primary_fuel":"","secondary_fuels":"","plant_role":"","technology":"","installed_capacity_mw":"","operational_status":"","classification_confidence":"","classification_confidence_score":"","classification_method":"","classification_sources":"","classification_notes":"","alternate_names":"","name_ru":"","match_score":"","match_method":"","matched_source_record_ids":"","is_nuclear":"","nuclear_status":"","reactor_count":"","operating_reactor_count":"","reactor_types":"","nuclear_reference_ids":"","radiological_risk":"","substation_type":"","voltage_kv":"","voltage_levels_kv":"","connected_generation_type":"","ecological_risk_category":"","political_significance":"","risk_assessment_status":"","references":[{"reference_id":"ref_39ad0dac88a867e3","source_id":"russia_oil_power_map","source_name":"Russia Oil & Power Infrastructure Map","source_type":"map_layer","url":"https://russiaoilpowermap.com/data/custom_pins.json","archive_url":"","retrieved_at":"2026-10-10T09:58:14Z","source_record_id":"pin_6aacb6ee78fea7.32631037","source_file":"data/russia_oil_power_infrastructure.csv","source_line_or_record_id":"113742","extractor_version":"unknown","license_or_terms":"unknown","confidence_contribution":"0.82"}]}},{"type":"Feature","id":"infra_f42ed941dda11292","geometry":{"type":"Point","coordinates":[51.068058,56.25334]},"properties":{"uid":"infra_f42ed941dda11292","object_id":"infra_f42ed941dda11292","source":"russia_oil_power_map","source_dataset":"Russia Oil & Power Infrastructure Map","source_id":"russia_oil_power_map","source_record_id":"pin_6aacb71a52fa35.93873038","source_url":"https://russiaoilpowermap.com/data/custom_pins.json","source_capture_date":"2026-10-10T09:58:14Z","source_layer":"custom_pins","source_reference_id":"ref_4b97d6137bae18cc","source_name":"Russia Oil & Power Infrastructure Map","source_type":"map_layer","source_reliability":"B","license_or_terms":"unknown","name":"Railway Bridge","name_en":"","description":"","name_translated":"","description_translated":"","display_label":"Railway Bridge","asset_class":"transport","asset_type":"bridge","asset_subtype":"","domain":"transport","status":"","operator":"","product":"","country":"Russia","country_code":"","country_source":"","countries":["Russia"],"source_country":"Russia","country_match_method":"point_in_boundary","region":"","region_translated":"","subdivision":"","inn":"","is_sanctioned":"","is_mass_director":"","is_mass_founder":"","is_disqualified_persons":"","geometry_type":"Point","latitude":"56.25334000","longitude":"51.06805800","centroid_latitude":"56.25334000","centroid_longitude":"51.06805800","map_latitude":"56.25334000","map_longitude":"51.06805800","start_latitude":"56.25334","start_longitude":"51.068058","end_latitude":"56.25334","end_longitude":"51.068058","coordinate_count":"1","length_km":"","has_point_location":"true","location_quality":"exact","coordinate_precision":"exact","coordinate_source":"","entity_confidence":"high","freshness":"recent","cross_source_support":"1","review_status":"unreviewed","confidence":"A","confidence_grade":"A","confidence_score":"1.00","selectable":"true","map_layer":"transport_other","map_color":"#2a93d5","map_icon":"bridge","risk_flags":"","subcategory":"bridge","transport_functions":"","un_locode":"","locode_country":"","locode_location":"","iata":"","remarks":"","source_date":"","detected_language":"en_or_unknown","translation_source":"","derived_subcategory":"transport_bridge","derived_subcategory_label":"Bridge","derived_subcategory_confidence":"1.0","derived_subcategory_reason":"asset type","possible_duplicate_group":"","search_text":"Railway Bridge Railway Bridge transport bridge transport Russia Oil & Power Infrastructure Map custom_pins Bridge","references_json":"[{\"reference_id\":\"ref_4b97d6137bae18cc\",\"source_id\":\"russia_oil_power_map\",\"source_name\":\"Russia Oil & Power Infrastructure Map\",\"source_type\":\"map_layer\",\"url\":\"https://russiaoilpowermap.com/data/custom_pins.json\",\"archive_url\":\"\",\"retrieved_at\":\"2026-10-10T09:58:14Z\",\"source_record_id\":\"pin_6aacb71a52fa35.93873038\",\"source_file\":\"data/russia_oil_power_infrastructure.csv\",\"source_line_or_record_id\":\"113743\",\"extractor_version\":\"unknown\",\"license_or_terms\":\"unknown\",\"confidence_contribution\":\"0.82\"}]","first_seen_build":"2026-10-10T09:58:14Z","last_seen_build":"2026-10-10T09:58:14Z","change_status":"new","change_types":["new"],"changed_since_previous_build":"false","new_in_latest_build":"true","removed_from_latest_build":"false","source_archive_date":"2026-10-10T09:58:14Z","generation_type":"","primary_fuel":"","secondary_fuels":"","plant_role":"","technology":"","installed_capacity_mw":"","operational_status":"","classification_confidence":"","classification_confidence_score":"","classification_method":"","classification_sources":"","classification_notes":"","alternate_names":"","name_ru":"","match_score":"","match_method":"","matched_source_record_ids":"","is_nuclear":"","nuclear_status":"","reactor_count":"","operating_reactor_count":"","reactor_types":"","nuclear_reference_ids":"","radiological_risk":"","substation_type":"","voltage_kv":"","voltage_levels_kv":"","connected_generation_type":"","ecological_risk_category":"","political_significance":"","risk_assessment_status":"","references":[{"reference_id":"ref_4b97d6137bae18cc","source_id":"russia_oil_power_map","source_name":"Russia Oil & Power Infrastructure Map","source_type":"map_layer","url":"https://russiaoilpowermap.com/data/custom_pins.json","archive_url":"","retrieved_at":"2026-10-10T09:58:14Z","source_record_id":"pin_6aacb71a52fa35.93873038","source_file":"data/russia_oil_power_infrastructure.csv","source_line_or_record_id":"113743","extractor_version":"unknown","license_or_terms":"unknown","confidence_contribution":"0.82"}]}},{"type":"Feature","id":"infra_ba646d41df96a1fe","geometry":{"type":"Point","coordinates":[53.86219,56.423491]},"properties":{"uid":"infra_ba646d41df96a1fe","object_id":"infra_ba646d41df96a1fe","source":"russia_oil_power_map","source_dataset":"Russia Oil & Power Infrastructure Map","source_id":"russia_oil_power_map","source_record_id":"pin_6aacb72b98bcc4.55864205","source_url":"https://russiaoilpowermap.com/data/custom_pins.json","source_capture_date":"2026-10-10T09:58:14Z","source_layer":"custom_pins","source_reference_id":"ref_a999f66163871ba9","source_name":"Russia Oil & Power Infrastructure Map","source_type":"map_layer","source_reliability":"B","license_or_terms":"unknown","name":"Railway Bridge","name_en":"","description":"","name_translated":"","description_translated":"","display_label":"Railway Bridge","asset_class":"transport","asset_type":"bridge","asset_subtype":"","domain":"transport","status":"","operator":"","product":"","country":"Russia","country_code":"","country_source":"","countries":["Russia"],"source_country":"Russia","country_match_method":"point_in_boundary","region":"","region_translated":"","subdivision":"","inn":"","is_sanctioned":"","is_mass_director":"","is_mass_founder":"","is_disqualified_persons":"","geometry_type":"Point","latitude":"56.42349100","longitude":"53.86219000","centroid_latitude":"56.42349100","centroid_longitude":"53.86219000","map_latitude":"56.42349100","map_longitude":"53.86219000","start_latitude":"56.423491","start_longitude":"53.86219","end_latitude":"56.423491","end_longitude":"53.86219","coordinate_count":"1","length_km":"","has_point_location":"true","location_quality":"exact","coordinate_precision":"exact","coordinate_source":"","entity_confidence":"high","freshness":"recent","cross_source_support":"1","review_status":"unreviewed","confidence":"A","confidence_grade":"A","confidence_score":"1.00","selectable":"true","map_layer":"transport_other","map_color":"#2a93d5","map_icon":"bridge","risk_flags":"","subcategory":"bridge","transport_functions":"","un_locode":"","locode_country":"","locode_location":"","iata":"","remarks":"","source_date":"","detected_language":"en_or_unknown","translation_source":"","derived_subcategory":"transport_bridge","derived_subcategory_label":"Bridge","derived_subcategory_confidence":"1.0","derived_subcategory_reason":"asset type","possible_duplicate_group":"","search_text":"Railway Bridge Railway Bridge transport bridge transport Russia Oil & Power Infrastructure Map custom_pins Bridge","references_json":"[{\"reference_id\":\"ref_a999f66163871ba9\",\"source_id\":\"russia_oil_power_map\",\"source_name\":\"Russia Oil & Power Infrastructure Map\",\"source_type\":\"map_layer\",\"url\":\"https://russiaoilpowermap.com/data/custom_pins.json\",\"archive_url\":\"\",\"retrieved_at\":\"2026-10-10T09:58:14Z\",\"source_record_id\":\"pin_6aacb72b98bcc4.55864205\",\"source_file\":\"data/russia_oil_power_infrastructure.csv\",\"source_line_or_record_id\":\"113744\",\"extractor_version\":\"unknown\",\"license_or_terms\":\"unknown\",\"confidence_contribution\":\"0.82\"}]","first_seen_build":"2026-10-10T09:58:14Z","last_seen_build":"2026-10-10T09:58:14Z","change_status":"new","change_types":["new"],"changed_since_previous_build":"false","new_in_latest_build":"true","removed_from_latest_build":"false","source_archive_date":"2026-10-10T09:58:14Z","generation_type":"","primary_fuel":"","secondary_fuels":"","plant_role":"","technology":"","installed_capacity_mw":"","operational_status":"","classification_confidence":"","classification_confidence_score":"","classification_method":"","classification_sources":"","classification_notes":"","alternate_names":"","name_ru":"","match_score":"","match_method":"","matched_source_record_ids":"","is_nuclear":"","nuclear_status":"","reactor_count":"","operating_reactor_count":"","reactor_types":"","nuclear_reference_ids":"","radiological_risk":"","substation_type":"","voltage_kv":"","voltage_levels_kv":"","connected_generation_type":"","ecological_risk_category":"","political_significance":"","risk_assessment_status":"","references":[{"reference_id":"ref_a999f66163871ba9","source_id":"russia_oil_power_map","source_name":"Russia Oil & Power Infrastructure Map","source_type":"map_layer","url":"https://russiaoilpowermap.com/data/custom_pins.json","archive_url":"","retrieved_at":"2026-10-10T09:58:14Z","source_record_id":"pin_6aacb72b98bcc4.55864205","source_file":"data/russia_oil_power_infrastructure.csv","source_line_or_record_id":"113744","extractor_version":"unknown","license_or_terms":"unknown","confidence_contribution":"0.82"}]}},{"type":"Feature","id":"infra_19f4f3bb72ac768b","geometry":{"type":"Point","coordinates":[55.908072,54.718461]},"properties":{"uid":"infra_19f4f3bb72ac768b","object_id":"infra_19f4f3bb72ac768b","source":"russia_oil_power_map","source_dataset":"Russia Oil & Power Infrastructure Map","source_id":"russia_oil_power_map","source_record_id":"pin_6aacb7464493e9.70723394","source_url":"https://russiaoilpowermap.com/data/custom_pins.json","source_capture_date":"2026-10-10T09:58:14Z","source_layer":"custom_pins","source_reference_id":"ref_bc8dfd06412b37fe","source_name":"Russia Oil & Power Infrastructure Map","source_type":"map_layer","source_reliability":"B","license_or_terms":"unknown","name":"Railway Bridge","name_en":"","description":"","name_translated":"","description_translated":"","display_label":"Railway Bridge","asset_class":"transport","asset_type":"bridge","asset_subtype":"","domain":"transport","status":"","operator":"","product":"","country":"Russia","country_code":"","country_source":"","countries":["Russia"],"source_country":"Russia","country_match_method":"point_in_boundary","region":"","region_translated":"","subdivision":"","inn":"","is_sanctioned":"","is_mass_director":"","is_mass_founder":"","is_disqualified_persons":"","geometry_type":"Point","latitude":"54.71846100","longitude":"55.90807200","centroid_latitude":"54.71846100","centroid_longitude":"55.90807200","map_latitude":"54.71846100","map_longitude":"55.90807200","start_latitude":"54.718461","start_longitude":"55.908072","end_latitude":"54.718461","end_longitude":"55.908072","coordinate_count":"1","length_km":"","has_point_location":"true","location_quality":"exact","coordinate_precision":"exact","coordinate_source":"","entity_confidence":"high","freshness":"recent","cross_source_support":"1","review_status":"unreviewed","confidence":"A","confidence_grade":"A","confidence_score":"1.00","selectable":"true","map_layer":"transport_other","map_color":"#2a93d5","map_icon":"bridge","risk_flags":"","subcategory":"bridge","transport_functions":"","un_locode":"","locode_country":"","locode_location":"","iata":"","remarks":"","source_date":"","detected_language":"en_or_unknown","translation_source":"","derived_subcategory":"transport_bridge","derived_subcategory_label":"Bridge","derived_subcategory_confidence":"1.0","derived_subcategory_reason":"asset type","possible_duplicate_group":"","search_text":"Railway Bridge Railway Bridge transport bridge transport Russia Oil & Power Infrastructure Map custom_pins Bridge","references_json":"[{\"reference_id\":\"ref_bc8dfd06412b37fe\",\"source_id\":\"russia_oil_power_map\",\"source_name\":\"Russia Oil & Power Infrastructure Map\",\"source_type\":\"map_layer\",\"url\":\"https://russiaoilpowermap.com/data/custom_pins.json\",\"archive_url\":\"\",\"retrieved_at\":\"2026-10-10T09:58:14Z\",\"source_record_id\":\"pin_6aacb7464493e9.70723394\",\"source_file\":\"data/russia_oil_power_infrastructure.csv\",\"source_line_or_record_id\":\"113745\",\"extractor_version\":\"unknown\",\"license_or_terms\":\"unknown\",\"confidence_contribution\":\"0.82\"}]","first_seen_build":"2026-10-10T09:58:14Z","last_seen_build":"2026-10-10T09:58:14Z","change_status":"new","change_types":["new"],"changed_since_previous_build":"false","new_in_latest_build":"true","removed_from_latest_build":"false","source_archive_date":"2026-10-10T09:58:14Z","generation_type":"","primary_fuel":"","secondary_fuels":"","plant_role":"","technology":"","installed_capacity_mw":"","operational_status":"","classification_confidence":"","classification_confidence_score":"","classification_method":"","classification_sources":"","classification_notes":"","alternate_names":"","name_ru":"","match_score":"","match_method":"","matched_source_record_ids":"","is_nuclear":"","nuclear_status":"","reactor_count":"","operating_reactor_count":"","reactor_types":"","nuclear_reference_ids":"","radiological_risk":"","substation_type":"","voltage_kv":"","voltage_levels_kv":"","connected_generation_type":"","ecological_risk_category":"","political_significance":"","risk_assessment_status":"","references":[{"reference_id":"ref_bc8dfd06412b37fe","source_id":"russia_oil_power_map","source_name":"Russia Oil & Power Infrastructure Map","source_type":"map_layer","url":"https://russiaoilpowermap.com/data/custom_pins.json","archive_url":"","retrieved_at":"2026-10-10T09:58:14Z","source_record_id":"pin_6aacb7464493e9.70723394","source_file":"data/russia_oil_power_infrastructure.csv","source_line_or_record_id":"113745","extractor_version":"unknown","license_or_terms":"unknown","confidence_contribution":"0.82"}]}},{"type":"Feature","id":"infra_87d3df8b4fe8db6e","geometry":{"type":"Point","coordinates":[40.099154,59.465462]},"properties":{"uid":"infra_87d3df8b4fe8db6e","object_id":"infra_87d3df8b4fe8db6e","source":"russia_oil_power_map","source_dataset":"Russia Oil & Power Infrastructure Map","source_id":"russia_oil_power_map","source_record_id":"pin_6aacd3a769b227.45822534","source_url":"https://russiaoilpowermap.com/data/custom_pins.json","source_capture_date":"2026-10-10T09:58:14Z","source_layer":"custom_pins","source_reference_id":"ref_d61a2e1004162756","source_name":"Russia Oil & Power Infrastructure Map","source_type":"map_layer","source_reliability":"B","license_or_terms":"unknown","name":"Railway Bridge","name_en":"","description":"","name_translated":"","description_translated":"","display_label":"Railway Bridge","asset_class":"transport","asset_type":"bridge","asset_subtype":"","domain":"transport","status":"","operator":"","product":"","country":"Russia","country_code":"","country_source":"","countries":["Russia"],"source_country":"Russia","country_match_method":"point_in_boundary","region":"","region_translated":"","subdivision":"","inn":"","is_sanctioned":"","is_mass_director":"","is_mass_founder":"","is_disqualified_persons":"","geometry_type":"Point","latitude":"59.46546200","longitude":"40.09915400","centroid_latitude":"59.46546200","centroid_longitude":"40.09915400","map_latitude":"59.46546200","map_longitude":"40.09915400","start_latitude":"59.465462","start_longitude":"40.099154","end_latitude":"59.465462","end_longitude":"40.099154","coordinate_count":"1","length_km":"","has_point_location":"true","location_quality":"exact","coordinate_precision":"exact","coordinate_source":"","entity_confidence":"high","freshness":"recent","cross_source_support":"1","review_status":"unreviewed","confidence":"A","confidence_grade":"A","confidence_score":"1.00","selectable":"true","map_layer":"transport_other","map_color":"#2a93d5","map_icon":"bridge","risk_flags":"","subcategory":"bridge","transport_functions":"","un_locode":"","locode_country":"","locode_location":"","iata":"","remarks":"","source_date":"","detected_language":"en_or_unknown","translation_source":"","derived_subcategory":"transport_bridge","derived_subcategory_label":"Bridge","derived_subcategory_confidence":"1.0","derived_subcategory_reason":"asset type","possible_duplicate_group":"","search_text":"Railway Bridge Railway Bridge transport bridge transport Russia Oil & Power Infrastructure Map custom_pins Bridge","references_json":"[{\"reference_id\":\"ref_d61a2e1004162756\",\"source_id\":\"russia_oil_power_map\",\"source_name\":\"Russia Oil & Power Infrastructure Map\",\"source_type\":\"map_layer\",\"url\":\"https://russiaoilpowermap.com/data/custom_pins.json\",\"archive_url\":\"\",\"retrieved_at\":\"2026-10-10T09:58:14Z\",\"source_record_id\":\"pin_6aacd3a769b227.45822534\",\"source_file\":\"data/russia_oil_power_infrastructure.csv\",\"source_line_or_record_id\":\"113746\",\"extractor_version\":\"unknown\",\"license_or_terms\":\"unknown\",\"confidence_contribution\":\"0.82\"}]","first_seen_build":"2026-10-10T09:58:14Z","last_seen_build":"2026-10-10T09:58:14Z","change_status":"new","change_types":["new"],"changed_since_previous_build":"false","new_in_latest_build":"true","removed_from_latest_build":"false","source_archive_date":"2026-10-10T09:58:14Z","generation_type":"","primary_fuel":"","secondary_fuels":"","plant_role":"","technology":"","installed_capacity_mw":"","operational_status":"","classification_confidence":"","classification_confidence_score":"","classification_method":"","classification_sources":"","classification_notes":"","alternate_names":"","name_ru":"","match_score":"","match_method":"","matched_source_record_ids":"","is_nuclear":"","nuclear_status":"","reactor_count":"","operating_reactor_count":"","reactor_types":"","nuclear_reference_ids":"","radiological_risk":"","substation_type":"","voltage_kv":"","voltage_levels_kv":"","connected_generation_type":"","ecological_risk_category":"","political_significance":"","risk_assessment_status":"","references":[{"reference_id":"ref_d61a2e1004162756","source_id":"russia_oil_power_map","source_name":"Russia Oil & Power Infrastructure Map","source_type":"map_layer","url":"https://russiaoilpowermap.com/data/custom_pins.json","archive_url":"","retrieved_at":"2026-10-10T09:58:14Z","source_record_id":"pin_6aacd3a769b227.45822534","source_file":"data/russia_oil_power_infrastructure.csv","source_line_or_record_id":"113746","extractor_version":"unknown","license_or_terms":"unknown","confidence_contribution":"0.82"}]}},{"type":"Feature","id":"infra_3d138c03ea5e4cb3","geometry":{"type":"Point","coordinates":[40.178665,59.974729]},"properties":{"uid":"infra_3d138c03ea5e4cb3","object_id":"infra_3d138c03ea5e4cb3","source":"russia_oil_power_map","source_dataset":"Russia Oil & Power Infrastructure Map","source_id":"russia_oil_power_map","source_record_id":"pin_6aacd3b361a844.19182358","source_url":"https://russiaoilpowermap.com/data/custom_pins.json","source_capture_date":"2026-10-10T09:58:14Z","source_layer":"custom_pins","source_reference_id":"ref_45792ade81e9e13c","source_name":"Russia Oil & Power Infrastructure Map","source_type":"map_layer","source_reliability":"B","license_or_terms":"unknown","name":"Railway Bridge","name_en":"","description":"","name_translated":"","description_translated":"","display_label":"Railway Bridge","asset_class":"transport","asset_type":"bridge","asset_subtype":"","domain":"transport","status":"","operator":"","product":"","country":"Russia","country_code":"","country_source":"","countries":["Russia"],"source_country":"Russia","country_match_method":"point_in_boundary","region":"","region_translated":"","subdivision":"","inn":"","is_sanctioned":"","is_mass_director":"","is_mass_founder":"","is_disqualified_persons":"","geometry_type":"Point","latitude":"59.97472900","longitude":"40.17866500","centroid_latitude":"59.97472900","centroid_longitude":"40.17866500","map_latitude":"59.97472900","map_longitude":"40.17866500","start_latitude":"59.974729","start_longitude":"40.178665","end_latitude":"59.974729","end_longitude":"40.178665","coordinate_count":"1","length_km":"","has_point_location":"true","location_quality":"exact","coordinate_precision":"exact","coordinate_source":"","entity_confidence":"high","freshness":"recent","cross_source_support":"1","review_status":"unreviewed","confidence":"A","confidence_grade":"A","confidence_score":"1.00","selectable":"true","map_layer":"transport_other","map_color":"#2a93d5","map_icon":"bridge","risk_flags":"","subcategory":"bridge","transport_functions":"","un_locode":"","locode_country":"","locode_location":"","iata":"","remarks":"","source_date":"","detected_language":"en_or_unknown","translation_source":"","derived_subcategory":"transport_bridge","derived_subcategory_label":"Bridge","derived_subcategory_confidence":"1.0","derived_subcategory_reason":"asset type","possible_duplicate_group":"","search_text":"Railway Bridge Railway Bridge transport bridge transport Russia Oil & Power Infrastructure Map custom_pins Bridge","references_json":"[{\"reference_id\":\"ref_45792ade81e9e13c\",\"source_id\":\"russia_oil_power_map\",\"source_name\":\"Russia Oil & Power Infrastructure Map\",\"source_type\":\"map_layer\",\"url\":\"https://russiaoilpowermap.com/data/custom_pins.json\",\"archive_url\":\"\",\"retrieved_at\":\"2026-10-10T09:58:14Z\",\"source_record_id\":\"pin_6aacd3b361a844.19182358\",\"source_file\":\"data/russia_oil_power_infrastructure.csv\",\"source_line_or_record_id\":\"113747\",\"extractor_version\":\"unknown\",\"license_or_terms\":\"unknown\",\"confidence_contribution\":\"0.82\"}]","first_seen_build":"2026-10-10T09:58:14Z","last_seen_build":"2026-10-10T09:58:14Z","change_status":"new","change_types":["new"],"changed_since_previous_build":"false","new_in_latest_build":"true","removed_from_latest_build":"false","source_archive_date":"2026-10-10T09:58:14Z","generation_type":"","primary_fuel":"","secondary_fuels":"","plant_role":"","technology":"","installed_capacity_mw":"","operational_status":"","classification_confidence":"","classification_confidence_score":"","classification_method":"","classification_sources":"","classification_notes":"","alternate_names":"","name_ru":"","match_score":"","match_method":"","matched_source_record_ids":"","is_nuclear":"","nuclear_status":"","reactor_count":"","operating_reactor_count":"","reactor_types":"","nuclear_reference_ids":"","radiological_risk":"","substation_type":"","voltage_kv":"","voltage_levels_kv":"","connected_generation_type":"","ecological_risk_category":"","political_significance":"","risk_assessment_status":"","references":[{"reference_id":"ref_45792ade81e9e13c","source_id":"russia_oil_power_map","source_name":"Russia Oil & Power Infrastructure Map","source_type":"map_layer","url":"https://russiaoilpowermap.com/data/custom_pins.json","archive_url":"","retrieved_at":"2026-10-10T09:58:14Z","source_record_id":"pin_6aacd3b361a844.19182358","source_file":"data/russia_oil_power_infrastructure.csv","source_line_or_record_id":"113747","extractor_version":"unknown","license_or_terms":"unknown","confidence_contribution":"0.82"}]}},{"type":"Feature","id":"infra_99c82b738dcee34c","geometry":{"type":"Point","coordinates":[42.131957,61.056022]},"properties":{"uid":"infra_99c82b738dcee34c","object_id":"infra_99c82b738dcee34c","source":"russia_oil_power_map","source_dataset":"Russia Oil & Power Infrastructure Map","source_id":"russia_oil_power_map","source_record_id":"pin_6aacd3d9ab6ac3.93881012","source_url":"https://russiaoilpowermap.com/data/custom_pins.json","source_capture_date":"2026-10-10T09:58:14Z","source_layer":"custom_pins","source_reference_id":"ref_2daa82584693f62a","source_name":"Russia Oil & Power Infrastructure Map","source_type":"map_layer","source_reliability":"B","license_or_terms":"unknown","name":"Railway Bridge","name_en":"","description":"","name_translated":"","description_translated":"","display_label":"Railway Bridge","asset_class":"transport","asset_type":"bridge","asset_subtype":"","domain":"transport","status":"","operator":"","product":"","country":"Russia","country_code":"","country_source":"","countries":["Russia"],"source_country":"Russia","country_match_method":"point_in_boundary","region":"","region_translated":"","subdivision":"","inn":"","is_sanctioned":"","is_mass_director":"","is_mass_founder":"","is_disqualified_persons":"","geometry_type":"Point","latitude":"61.05602200","longitude":"42.13195700","centroid_latitude":"61.05602200","centroid_longitude":"42.13195700","map_latitude":"61.05602200","map_longitude":"42.13195700","start_latitude":"61.056022","start_longitude":"42.131957","end_latitude":"61.056022","end_longitude":"42.131957","coordinate_count":"1","length_km":"","has_point_location":"true","location_quality":"exact","coordinate_precision":"exact","coordinate_source":"","entity_confidence":"high","freshness":"recent","cross_source_support":"1","review_status":"unreviewed","confidence":"A","confidence_grade":"A","confidence_score":"1.00","selectable":"true","map_layer":"transport_other","map_color":"#2a93d5","map_icon":"bridge","risk_flags":"","subcategory":"bridge","transport_functions":"","un_locode":"","locode_country":"","locode_location":"","iata":"","remarks":"","source_date":"","detected_language":"en_or_unknown","translation_source":"","derived_subcategory":"transport_bridge","derived_subcategory_label":"Bridge","derived_subcategory_confidence":"1.0","derived_subcategory_reason":"asset type","possible_duplicate_group":"","search_text":"Railway Bridge Railway Bridge transport bridge transport Russia Oil & Power Infrastructure Map custom_pins Bridge","references_json":"[{\"reference_id\":\"ref_2daa82584693f62a\",\"source_id\":\"russia_oil_power_map\",\"source_name\":\"Russia Oil & Power Infrastructure Map\",\"source_type\":\"map_layer\",\"url\":\"https://russiaoilpowermap.com/data/custom_pins.json\",\"archive_url\":\"\",\"retrieved_at\":\"2026-10-10T09:58:14Z\",\"source_record_id\":\"pin_6aacd3d9ab6ac3.93881012\",\"source_file\":\"data/russia_oil_power_infrastructure.csv\",\"source_line_or_record_id\":\"113748\",\"extractor_version\":\"unknown\",\"license_or_terms\":\"unknown\",\"confidence_contribution\":\"0.82\"}]","first_seen_build":"2026-10-10T09:58:14Z","last_seen_build":"2026-10-10T09:58:14Z","change_status":"new","change_types":["new"],"changed_since_previous_build":"false","new_in_latest_build":"true","removed_from_latest_build":"false","source_archive_date":"2026-10-10T09:58:14Z","generation_type":"","primary_fuel":"","secondary_fuels":"","plant_role":"","technology":"","installed_capacity_mw":"","operational_status":"","classification_confidence":"","classification_confidence_score":"","classification_method":"","classification_sources":"","classification_notes":"","alternate_names":"","name_ru":"","match_score":"","match_method":"","matched_source_record_ids":"","is_nuclear":"","nuclear_status":"","reactor_count":"","operating_reactor_count":"","reactor_types":"","nuclear_reference_ids":"","radiological_risk":"","substation_type":"","voltage_kv":"","voltage_levels_kv":"","connected_generation_type":"","ecological_risk_category":"","political_significance":"","risk_assessment_status":"","references":[{"reference_id":"ref_2daa82584693f62a","source_id":"russia_oil_power_map","source_name":"Russia Oil & Power Infrastructure Map","source_type":"map_layer","url":"https://russiaoilpowermap.com/data/custom_pins.json","archive_url":"","retrieved_at":"2026-10-10T09:58:14Z","source_record_id":"pin_6aacd3d9ab6ac3.93881012","source_file":"data/russia_oil_power_infrastructure.csv","source_line_or_record_id":"113748","extractor_version":"unknown","license_or_terms":"unknown","confidence_contribution":"0.82"}]}},{"type":"Feature","id":"infra_1a5c6c7b60b391be","geometry":{"type":"Point","coordinates":[46.61587,61.204948]},"properties":{"uid":"infra_1a5c6c7b60b391be","object_id":"infra_1a5c6c7b60b391be","source":"russia_oil_power_map","source_dataset":"Russia Oil & Power Infrastructure Map","source_id":"russia_oil_power_map","source_record_id":"pin_6aacd3f6520e40.79568554","source_url":"https://russiaoilpowermap.com/data/custom_pins.json","source_capture_date":"2026-10-10T09:58:14Z","source_layer":"custom_pins","source_reference_id":"ref_9207e7607301acd7","source_name":"Russia Oil & Power Infrastructure Map","source_type":"map_layer","source_reliability":"B","license_or_terms":"unknown","name":"Railway Bridge","name_en":"","description":"","name_translated":"","description_translated":"","display_label":"Railway Bridge","asset_class":"transport","asset_type":"bridge","asset_subtype":"","domain":"transport","status":"","operator":"","product":"","country":"Russia","country_code":"","country_source":"","countries":["Russia"],"source_country":"Russia","country_match_method":"point_in_boundary","region":"","region_translated":"","subdivision":"","inn":"","is_sanctioned":"","is_mass_director":"","is_mass_founder":"","is_disqualified_persons":"","geometry_type":"Point","latitude":"61.20494800","longitude":"46.61587000","centroid_latitude":"61.20494800","centroid_longitude":"46.61587000","map_latitude":"61.20494800","map_longitude":"46.61587000","start_latitude":"61.204948","start_longitude":"46.61587","end_latitude":"61.204948","end_longitude":"46.61587","coordinate_count":"1","length_km":"","has_point_location":"true","location_quality":"exact","coordinate_precision":"exact","coordinate_source":"","entity_confidence":"high","freshness":"recent","cross_source_support":"1","review_status":"unreviewed","confidence":"A","confidence_grade":"A","confidence_score":"1.00","selectable":"true","map_layer":"transport_other","map_color":"#2a93d5","map_icon":"bridge","risk_flags":"","subcategory":"bridge","transport_functions":"","un_locode":"","locode_country":"","locode_location":"","iata":"","remarks":"","source_date":"","detected_language":"en_or_unknown","translation_source":"","derived_subcategory":"transport_bridge","derived_subcategory_label":"Bridge","derived_subcategory_confidence":"1.0","derived_subcategory_reason":"asset type","possible_duplicate_group":"","search_text":"Railway Bridge Railway Bridge transport bridge transport Russia Oil & Power Infrastructure Map custom_pins Bridge","references_json":"[{\"reference_id\":\"ref_9207e7607301acd7\",\"source_id\":\"russia_oil_power_map\",\"source_name\":\"Russia Oil & Power Infrastructure Map\",\"source_type\":\"map_layer\",\"url\":\"https://russiaoilpowermap.com/data/custom_pins.json\",\"archive_url\":\"\",\"retrieved_at\":\"2026-10-10T09:58:14Z\",\"source_record_id\":\"pin_6aacd3f6520e40.79568554\",\"source_file\":\"data/russia_oil_power_infrastructure.csv\",\"source_line_or_record_id\":\"113749\",\"extractor_version\":\"unknown\",\"license_or_terms\":\"unknown\",\"confidence_contribution\":\"0.82\"}]","first_seen_build":"2026-10-10T09:58:14Z","last_seen_build":"2026-10-10T09:58:14Z","change_status":"new","change_types":["new"],"changed_since_previous_build":"false","new_in_latest_build":"true","removed_from_latest_build":"false","source_archive_date":"2026-10-10T09:58:14Z","generation_type":"","primary_fuel":"","secondary_fuels":"","plant_role":"","technology":"","installed_capacity_mw":"","operational_status":"","classification_confidence":"","classification_confidence_score":"","classification_method":"","classification_sources":"","classification_notes":"","alternate_names":"","name_ru":"","match_score":"","match_method":"","matched_source_record_ids":"","is_nuclear":"","nuclear_status":"","reactor_count":"","operating_reactor_count":"","reactor_types":"","nuclear_reference_ids":"","radiological_risk":"","substation_type":"","voltage_kv":"","voltage_levels_kv":"","connected_generation_type":"","ecological_risk_category":"","political_significance":"","risk_assessment_status":"","references":[{"reference_id":"ref_9207e7607301acd7","source_id":"russia_oil_power_map","source_name":"Russia Oil & Power Infrastructure Map","source_type":"map_layer","url":"https://russiaoilpowermap.com/data/custom_pins.json","archive_url":"","retrieved_at":"2026-10-10T09:58:14Z","source_record_id":"pin_6aacd3f6520e40.79568554","source_file":"data/russia_oil_power_infrastructure.csv","source_line_or_record_id":"113749","extractor_version":"unknown","license_or_terms":"unknown","confidence_contribution":"0.82"}]}},{"type":"Feature","id":"infra_185434581e538637","geometry":{"type":"Point","coordinates":[49.366593,62.072604]},"properties":{"uid":"infra_185434581e538637","object_id":"infra_185434581e538637","source":"russia_oil_power_map","source_dataset":"Russia Oil & Power Infrastructure Map","source_id":"russia_oil_power_map","source_record_id":"pin_6aacd404188db1.22284034","source_url":"https://russiaoilpowermap.com/data/custom_pins.json","source_capture_date":"2026-10-10T09:58:14Z","source_layer":"custom_pins","source_reference_id":"ref_6aa2c45546bd9258","source_name":"Russia Oil & Power Infrastructure Map","source_type":"map_layer","source_reliability":"B","license_or_terms":"unknown","name":"Railway Bridge","name_en":"","description":"","name_translated":"","description_translated":"","display_label":"Railway Bridge","asset_class":"transport","asset_type":"bridge","asset_subtype":"","domain":"transport","status":"","operator":"","product":"","country":"Russia","country_code":"","country_source":"","countries":["Russia"],"source_country":"Russia","country_match_method":"point_in_boundary","region":"","region_translated":"","subdivision":"","inn":"","is_sanctioned":"","is_mass_director":"","is_mass_founder":"","is_disqualified_persons":"","geometry_type":"Point","latitude":"62.07260400","longitude":"49.36659300","centroid_latitude":"62.07260400","centroid_longitude":"49.36659300","map_latitude":"62.07260400","map_longitude":"49.36659300","start_latitude":"62.072604","start_longitude":"49.366593","end_latitude":"62.072604","end_longitude":"49.366593","coordinate_count":"1","length_km":"","has_point_location":"true","location_quality":"exact","coordinate_precision":"exact","coordinate_source":"","entity_confidence":"high","freshness":"recent","cross_source_support":"1","review_status":"unreviewed","confidence":"A","confidence_grade":"A","confidence_score":"1.00","selectable":"true","map_layer":"transport_other","map_color":"#2a93d5","map_icon":"bridge","risk_flags":"","subcategory":"bridge","transport_functions":"","un_locode":"","locode_country":"","locode_location":"","iata":"","remarks":"","source_date":"","detected_language":"en_or_unknown","translation_source":"","derived_subcategory":"transport_bridge","derived_subcategory_label":"Bridge","derived_subcategory_confidence":"1.0","derived_subcategory_reason":"asset type","possible_duplicate_group":"","search_text":"Railway Bridge Railway Bridge transport bridge transport Russia Oil & Power Infrastructure Map custom_pins Bridge","references_json":"[{\"reference_id\":\"ref_6aa2c45546bd9258\",\"source_id\":\"russia_oil_power_map\",\"source_name\":\"Russia Oil & Power Infrastructure Map\",\"source_type\":\"map_layer\",\"url\":\"https://russiaoilpowermap.com/data/custom_pins.json\",\"archive_url\":\"\",\"retrieved_at\":\"2026-10-10T09:58:14Z\",\"source_record_id\":\"pin_6aacd404188db1.22284034\",\"source_file\":\"data/russia_oil_power_infrastructure.csv\",\"source_line_or_record_id\":\"113750\",\"extractor_version\":\"unknown\",\"license_or_terms\":\"unknown\",\"confidence_contribution\":\"0.82\"}]","first_seen_build":"2026-10-10T09:58:14Z","last_seen_build":"2026-10-10T09:58:14Z","change_status":"new","change_types":["new"],"changed_since_previous_build":"false","new_in_latest_build":"true","removed_from_latest_build":"false","source_archive_date":"2026-10-10T09:58:14Z","generation_type":"","primary_fuel":"","secondary_fuels":"","plant_role":"","technology":"","installed_capacity_mw":"","operational_status":"","classification_confidence":"","classification_confidence_score":"","classification_method":"","classification_sources":"","classification_notes":"","alternate_names":"","name_ru":"","match_score":"","match_method":"","matched_source_record_ids":"","is_nuclear":"","nuclear_status":"","reactor_count":"","operating_reactor_count":"","reactor_types":"","nuclear_reference_ids":"","radiological_risk":"","substation_type":"","voltage_kv":"","voltage_levels_kv":"","connected_generation_type":"","ecological_risk_category":"","political_significance":"","risk_assessment_status":"","references":[{"reference_id":"ref_6aa2c45546bd9258","source_id":"russia_oil_power_map","source_name":"Russia Oil & Power Infrastructure Map","source_type":"map_layer","url":"https://russiaoilpowermap.com/data/custom_pins.json","archive_url":"","retrieved_at":"2026-10-10T09:58:14Z","source_record_id":"pin_6aacd404188db1.22284034","source_file":"data/russia_oil_power_infrastructure.csv","source_line_or_record_id":"113750","extractor_version":"unknown","license_or_terms":"unknown","confidence_contribution":"0.82"}]}},{"type":"Feature","id":"infra_01a18c434ba5a043","geometry":{"type":"Point","coordinates":[50.828805,62.563596]},"properties":{"uid":"infra_01a18c434ba5a043","object_id":"infra_01a18c434ba5a043","source":"russia_oil_power_map","source_dataset":"Russia Oil & Power Infrastructure Map","source_id":"russia_oil_power_map","source_record_id":"pin_6aacd41584d385.61858945","source_url":"https://russiaoilpowermap.com/data/custom_pins.json","source_capture_date":"2026-10-10T09:58:14Z","source_layer":"custom_pins","source_reference_id":"ref_12cef165afe6fcc7","source_name":"Russia Oil & Power Infrastructure Map","source_type":"map_layer","source_reliability":"B","license_or_terms":"unknown","name":"Railway Bridge","name_en":"","description":"","name_translated":"","description_translated":"","display_label":"Railway Bridge","asset_class":"transport","asset_type":"bridge","asset_subtype":"","domain":"transport","status":"","operator":"","product":"","country":"Russia","country_code":"","country_source":"","countries":["Russia"],"source_country":"Russia","country_match_method":"point_in_boundary","region":"","region_translated":"","subdivision":"","inn":"","is_sanctioned":"","is_mass_director":"","is_mass_founder":"","is_disqualified_persons":"","geometry_type":"Point","latitude":"62.56359600","longitude":"50.82880500","centroid_latitude":"62.56359600","centroid_longitude":"50.82880500","map_latitude":"62.56359600","map_longitude":"50.82880500","start_latitude":"62.563596","start_longitude":"50.828805","end_latitude":"62.563596","end_longitude":"50.828805","coordinate_count":"1","length_km":"","has_point_location":"true","location_quality":"exact","coordinate_precision":"exact","coordinate_source":"","entity_confidence":"high","freshness":"recent","cross_source_support":"1","review_status":"unreviewed","confidence":"A","confidence_grade":"A","confidence_score":"1.00","selectable":"true","map_layer":"transport_other","map_color":"#2a93d5","map_icon":"bridge","risk_flags":"","subcategory":"bridge","transport_functions":"","un_locode":"","locode_country":"","locode_location":"","iata":"","remarks":"","source_date":"","detected_language":"en_or_unknown","translation_source":"","derived_subcategory":"transport_bridge","derived_subcategory_label":"Bridge","derived_subcategory_confidence":"1.0","derived_subcategory_reason":"asset type","possible_duplicate_group":"","search_text":"Railway Bridge Railway Bridge transport bridge transport Russia Oil & Power Infrastructure Map custom_pins Bridge","references_json":"[{\"reference_id\":\"ref_12cef165afe6fcc7\",\"source_id\":\"russia_oil_power_map\",\"source_name\":\"Russia Oil & Power Infrastructure Map\",\"source_type\":\"map_layer\",\"url\":\"https://russiaoilpowermap.com/data/custom_pins.json\",\"archive_url\":\"\",\"retrieved_at\":\"2026-10-10T09:58:14Z\",\"source_record_id\":\"pin_6aacd41584d385.61858945\",\"source_file\":\"data/russia_oil_power_infrastructure.csv\",\"source_line_or_record_id\":\"113751\",\"extractor_version\":\"unknown\",\"license_or_terms\":\"unknown\",\"confidence_contribution\":\"0.82\"}]","first_seen_build":"2026-10-10T09:58:14Z","last_seen_build":"2026-10-10T09:58:14Z","change_status":"new","change_types":["new"],"changed_since_previous_build":"false","new_in_latest_build":"true","removed_from_latest_build":"false","source_archive_date":"2026-10-10T09:58:14Z","generation_type":"","primary_fuel":"","secondary_fuels":"","plant_role":"","technology":"","installed_capacity_mw":"","operational_status":"","classification_confidence":"","classification_confidence_score":"","classification_method":"","classification_sources":"","classification_notes":"","alternate_names":"","name_ru":"","match_score":"","match_method":"","matched_source_record_ids":"","is_nuclear":"","nuclear_status":"","reactor_count":"","operating_reactor_count":"","reactor_types":"","nuclear_reference_ids":"","radiological_risk":"","substation_type":"","voltage_kv":"","voltage_levels_kv":"","connected_generation_type":"","ecological_risk_category":"","political_significance":"","risk_assessment_status":"","references":[{"reference_id":"ref_12cef165afe6fcc7","source_id":"russia_oil_power_map","source_name":"Russia Oil & Power Infrastructure Map","source_type":"map_layer","url":"https://russiaoilpowermap.com/data/custom_pins.json","archive_url":"","retrieved_at":"2026-10-10T09:58:14Z","source_record_id":"pin_6aacd41584d385.61858945","source_file":"data/russia_oil_power_infrastructure.csv","source_line_or_record_id":"113751","extractor_version":"unknown","license_or_terms":"unknown","confidence_contribution":"0.82"}]}},{"type":"Feature","id":"infra_5f3ca36536e8cb47","geometry":{"type":"Point","coordinates":[47.26077,60.620834]},"properties":{"uid":"infra_5f3ca36536e8cb47","object_id":"infra_5f3ca36536e8cb47","source":"russia_oil_power_map","source_dataset":"Russia Oil & Power Infrastructure Map","source_id":"russia_oil_power_map","source_record_id":"pin_6aacd42085b105.79438422","source_url":"https://russiaoilpowermap.com/data/custom_pins.json","source_capture_date":"2026-10-10T09:58:14Z","source_layer":"custom_pins","source_reference_id":"ref_1a6f9307a37cf442","source_name":"Russia Oil & Power Infrastructure Map","source_type":"map_layer","source_reliability":"B","license_or_terms":"unknown","name":"Railway Bridge","name_en":"","description":"","name_translated":"","description_translated":"","display_label":"Railway Bridge","asset_class":"transport","asset_type":"bridge","asset_subtype":"","domain":"transport","status":"","operator":"","product":"","country":"Russia","country_code":"","country_source":"","countries":["Russia"],"source_country":"Russia","country_match_method":"point_in_boundary","region":"","region_translated":"","subdivision":"","inn":"","is_sanctioned":"","is_mass_director":"","is_mass_founder":"","is_disqualified_persons":"","geometry_type":"Point","latitude":"60.62083400","longitude":"47.26077000","centroid_latitude":"60.62083400","centroid_longitude":"47.26077000","map_latitude":"60.62083400","map_longitude":"47.26077000","start_latitude":"60.620834","start_longitude":"47.26077","end_latitude":"60.620834","end_longitude":"47.26077","coordinate_count":"1","length_km":"","has_point_location":"true","location_quality":"exact","coordinate_precision":"exact","coordinate_source":"","entity_confidence":"high","freshness":"recent","cross_source_support":"1","review_status":"unreviewed","confidence":"A","confidence_grade":"A","confidence_score":"1.00","selectable":"true","map_layer":"transport_other","map_color":"#2a93d5","map_icon":"bridge","risk_flags":"","subcategory":"bridge","transport_functions":"","un_locode":"","locode_country":"","locode_location":"","iata":"","remarks":"","source_date":"","detected_language":"en_or_unknown","translation_source":"","derived_subcategory":"transport_bridge","derived_subcategory_label":"Bridge","derived_subcategory_confidence":"1.0","derived_subcategory_reason":"asset type","possible_duplicate_group":"","search_text":"Railway Bridge Railway Bridge transport bridge transport Russia Oil & Power Infrastructure Map custom_pins Bridge","references_json":"[{\"reference_id\":\"ref_1a6f9307a37cf442\",\"source_id\":\"russia_oil_power_map\",\"source_name\":\"Russia Oil & Power Infrastructure Map\",\"source_type\":\"map_layer\",\"url\":\"https://russiaoilpowermap.com/data/custom_pins.json\",\"archive_url\":\"\",\"retrieved_at\":\"2026-10-10T09:58:14Z\",\"source_record_id\":\"pin_6aacd42085b105.79438422\",\"source_file\":\"data/russia_oil_power_infrastructure.csv\",\"source_line_or_record_id\":\"113752\",\"extractor_version\":\"unknown\",\"license_or_terms\":\"unknown\",\"confidence_contribution\":\"0.82\"}]","first_seen_build":"2026-10-10T09:58:14Z","last_seen_build":"2026-10-10T09:58:14Z","change_status":"new","change_types":["new"],"changed_since_previous_build":"false","new_in_latest_build":"true","removed_from_latest_build":"false","source_archive_date":"2026-10-10T09:58:14Z","generation_type":"","primary_fuel":"","secondary_fuels":"","plant_role":"","technology":"","installed_capacity_mw":"","operational_status":"","classification_confidence":"","classification_confidence_score":"","classification_method":"","classification_sources":"","classification_notes":"","alternate_names":"","name_ru":"","match_score":"","match_method":"","matched_source_record_ids":"","is_nuclear":"","nuclear_status":"","reactor_count":"","operating_reactor_count":"","reactor_types":"","nuclear_reference_ids":"","radiological_risk":"","substation_type":"","voltage_kv":"","voltage_levels_kv":"","connected_generation_type":"","ecological_risk_category":"","political_significance":"","risk_assessment_status":"","references":[{"reference_id":"ref_1a6f9307a37cf442","source_id":"russia_oil_power_map","source_name":"Russia Oil & Power Infrastructure Map","source_type":"map_layer","url":"https://russiaoilpowermap.com/data/custom_pins.json","archive_url":"","retrieved_at":"2026-10-10T09:58:14Z","source_record_id":"pin_6aacd42085b105.79438422","source_file":"data/russia_oil_power_infrastructure.csv","source_line_or_record_id":"113752","extractor_version":"unknown","license_or_terms":"unknown","confidence_contribution":"0.82"}]}},{"type":"Feature","id":"infra_d877aac0f1a70205","geometry":{"type":"Point","coordinates":[49.552932,58.718432]},"properties":{"uid":"infra_d877aac0f1a70205","object_id":"infra_d877aac0f1a70205","source":"russia_oil_power_map","source_dataset":"Russia Oil & Power Infrastructure Map","source_id":"russia_oil_power_map","source_record_id":"pin_6aacd43768bc66.54828613","source_url":"https://russiaoilpowermap.com/data/custom_pins.json","source_capture_date":"2026-10-10T09:58:14Z","source_layer":"custom_pins","source_reference_id":"ref_4f4ffc4e14d837cc","source_name":"Russia Oil & Power Infrastructure Map","source_type":"map_layer","source_reliability":"B","license_or_terms":"unknown","name":"Railway Bridge","name_en":"","description":"","name_translated":"","description_translated":"","display_label":"Railway Bridge","asset_class":"transport","asset_type":"bridge","asset_subtype":"","domain":"transport","status":"","operator":"","product":"","country":"Russia","country_code":"","country_source":"","countries":["Russia"],"source_country":"Russia","country_match_method":"point_in_boundary","region":"","region_translated":"","subdivision":"","inn":"","is_sanctioned":"","is_mass_director":"","is_mass_founder":"","is_disqualified_persons":"","geometry_type":"Point","latitude":"58.71843200","longitude":"49.55293200","centroid_latitude":"58.71843200","centroid_longitude":"49.55293200","map_latitude":"58.71843200","map_longitude":"49.55293200","start_latitude":"58.718432","start_longitude":"49.552932","end_latitude":"58.718432","end_longitude":"49.552932","coordinate_count":"1","length_km":"","has_point_location":"true","location_quality":"exact","coordinate_precision":"exact","coordinate_source":"","entity_confidence":"high","freshness":"recent","cross_source_support":"1","review_status":"unreviewed","confidence":"A","confidence_grade":"A","confidence_score":"1.00","selectable":"true","map_layer":"transport_other","map_color":"#2a93d5","map_icon":"bridge","risk_flags":"","subcategory":"bridge","transport_functions":"","un_locode":"","locode_country":"","locode_location":"","iata":"","remarks":"","source_date":"","detected_language":"en_or_unknown","translation_source":"","derived_subcategory":"transport_bridge","derived_subcategory_label":"Bridge","derived_subcategory_confidence":"1.0","derived_subcategory_reason":"asset type","possible_duplicate_group":"","search_text":"Railway Bridge Railway Bridge transport bridge transport Russia Oil & Power Infrastructure Map custom_pins Bridge","references_json":"[{\"reference_id\":\"ref_4f4ffc4e14d837cc\",\"source_id\":\"russia_oil_power_map\",\"source_name\":\"Russia Oil & Power Infrastructure Map\",\"source_type\":\"map_layer\",\"url\":\"https://russiaoilpowermap.com/data/custom_pins.json\",\"archive_url\":\"\",\"retrieved_at\":\"2026-10-10T09:58:14Z\",\"source_record_id\":\"pin_6aacd43768bc66.54828613\",\"source_file\":\"data/russia_oil_power_infrastructure.csv\",\"source_line_or_record_id\":\"113753\",\"extractor_version\":\"unknown\",\"license_or_terms\":\"unknown\",\"confidence_contribution\":\"0.82\"}]","first_seen_build":"2026-10-10T09:58:14Z","last_seen_build":"2026-10-10T09:58:14Z","change_status":"new","change_types":["new"],"changed_since_previous_build":"false","new_in_latest_build":"true","removed_from_latest_build":"false","source_archive_date":"2026-10-10T09:58:14Z","generation_type":"","primary_fuel":"","secondary_fuels":"","plant_role":"","technology":"","installed_capacity_mw":"","operational_status":"","classification_confidence":"","classification_confidence_score":"","classification_method":"","classification_sources":"","classification_notes":"","alternate_names":"","name_ru":"","match_score":"","match_method":"","matched_source_record_ids":"","is_nuclear":"","nuclear_status":"","reactor_count":"","operating_reactor_count":"","reactor_types":"","nuclear_reference_ids":"","radiological_risk":"","substation_type":"","voltage_kv":"","voltage_levels_kv":"","connected_generation_type":"","ecological_risk_category":"","political_significance":"","risk_assessment_status":"","references":[{"reference_id":"ref_4f4ffc4e14d837cc","source_id":"russia_oil_power_map","source_name":"Russia Oil & Power Infrastructure Map","source_type":"map_layer","url":"https://russiaoilpowermap.com/data/custom_pins.json","archive_url":"","retrieved_at":"2026-10-10T09:58:14Z","source_record_id":"pin_6aacd43768bc66.54828613","source_file":"data/russia_oil_power_infrastructure.csv","source_line_or_record_id":"113753","extractor_version":"unknown","license_or_terms":"unknown","confidence_contribution":"0.82"}]}},{"type":"Feature","id":"infra_46e9b03cd6e494ac","geometry":{"type":"Point","coordinates":[48.34774,58.296681]},"properties":{"uid":"infra_46e9b03cd6e494ac","object_id":"infra_46e9b03cd6e494ac","source":"russia_oil_power_map","source_dataset":"Russia Oil & Power Infrastructure Map","source_id":"russia_oil_power_map","source_record_id":"pin_6aacd4511c3ac0.06095847","source_url":"https://russiaoilpowermap.com/data/custom_pins.json","source_capture_date":"2026-10-10T09:58:14Z","source_layer":"custom_pins","source_reference_id":"ref_8106c7faa7a5be83","source_name":"Russia Oil & Power Infrastructure Map","source_type":"map_layer","source_reliability":"B","license_or_terms":"unknown","name":"Railway Bridge","name_en":"","description":"","name_translated":"","description_translated":"","display_label":"Railway Bridge","asset_class":"transport","asset_type":"bridge","asset_subtype":"","domain":"transport","status":"","operator":"","product":"","country":"Russia","country_code":"","country_source":"","countries":["Russia"],"source_country":"Russia","country_match_method":"point_in_boundary","region":"","region_translated":"","subdivision":"","inn":"","is_sanctioned":"","is_mass_director":"","is_mass_founder":"","is_disqualified_persons":"","geometry_type":"Point","latitude":"58.29668100","longitude":"48.34774000","centroid_latitude":"58.29668100","centroid_longitude":"48.34774000","map_latitude":"58.29668100","map_longitude":"48.34774000","start_latitude":"58.296681","start_longitude":"48.34774","end_latitude":"58.296681","end_longitude":"48.34774","coordinate_count":"1","length_km":"","has_point_location":"true","location_quality":"exact","coordinate_precision":"exact","coordinate_source":"","entity_confidence":"high","freshness":"recent","cross_source_support":"1","review_status":"unreviewed","confidence":"A","confidence_grade":"A","confidence_score":"1.00","selectable":"true","map_layer":"transport_other","map_color":"#2a93d5","map_icon":"bridge","risk_flags":"","subcategory":"bridge","transport_functions":"","un_locode":"","locode_country":"","locode_location":"","iata":"","remarks":"","source_date":"","detected_language":"en_or_unknown","translation_source":"","derived_subcategory":"transport_bridge","derived_subcategory_label":"Bridge","derived_subcategory_confidence":"1.0","derived_subcategory_reason":"asset type","possible_duplicate_group":"","search_text":"Railway Bridge Railway Bridge transport bridge transport Russia Oil & Power Infrastructure Map custom_pins Bridge","references_json":"[{\"reference_id\":\"ref_8106c7faa7a5be83\",\"source_id\":\"russia_oil_power_map\",\"source_name\":\"Russia Oil & Power Infrastructure Map\",\"source_type\":\"map_layer\",\"url\":\"https://russiaoilpowermap.com/data/custom_pins.json\",\"archive_url\":\"\",\"retrieved_at\":\"2026-10-10T09:58:14Z\",\"source_record_id\":\"pin_6aacd4511c3ac0.06095847\",\"source_file\":\"data/russia_oil_power_infrastructure.csv\",\"source_line_or_record_id\":\"113754\",\"extractor_version\":\"unknown\",\"license_or_terms\":\"unknown\",\"confidence_contribution\":\"0.82\"}]","first_seen_build":"2026-10-10T09:58:14Z","last_seen_build":"2026-10-10T09:58:14Z","change_status":"new","change_types":["new"],"changed_since_previous_build":"false","new_in_latest_build":"true","removed_from_latest_build":"false","source_archive_date":"2026-10-10T09:58:14Z","generation_type":"","primary_fuel":"","secondary_fuels":"","plant_role":"","technology":"","installed_capacity_mw":"","operational_status":"","classification_confidence":"","classification_confidence_score":"","classification_method":"","classification_sources":"","classification_notes":"","alternate_names":"","name_ru":"","match_score":"","match_method":"","matched_source_record_ids":"","is_nuclear":"","nuclear_status":"","reactor_count":"","operating_reactor_count":"","reactor_types":"","nuclear_reference_ids":"","radiological_risk":"","substation_type":"","voltage_kv":"","voltage_levels_kv":"","connected_generation_type":"","ecological_risk_category":"","political_significance":"","risk_assessment_status":"","references":[{"reference_id":"ref_8106c7faa7a5be83","source_id":"russia_oil_power_map","source_name":"Russia Oil & Power Infrastructure Map","source_type":"map_layer","url":"https://russiaoilpowermap.com/data/custom_pins.json","archive_url":"","retrieved_at":"2026-10-10T09:58:14Z","source_record_id":"pin_6aacd4511c3ac0.06095847","source_file":"data/russia_oil_power_infrastructure.csv","source_line_or_record_id":"113754","extractor_version":"unknown","license_or_terms":"unknown","confidence_contribution":"0.82"}]}},{"type":"Feature","id":"infra_556404199536922f","geometry":{"type":"Point","coordinates":[44.788406,58.342592]},"properties":{"uid":"infra_556404199536922f","object_id":"infra_556404199536922f","source":"russia_oil_power_map","source_dataset":"Russia Oil & Power Infrastructure Map","source_id":"russia_oil_power_map","source_record_id":"pin_6aacd45c3daaf4.16502411","source_url":"https://russiaoilpowermap.com/data/custom_pins.json","source_capture_date":"2026-10-10T09:58:14Z","source_layer":"custom_pins","source_reference_id":"ref_67a8054e5fa2bdac","source_name":"Russia Oil & Power Infrastructure Map","source_type":"map_layer","source_reliability":"B","license_or_terms":"unknown","name":"Railway Bridge","name_en":"","description":"","name_translated":"","description_translated":"","display_label":"Railway Bridge","asset_class":"transport","asset_type":"bridge","asset_subtype":"","domain":"transport","status":"","operator":"","product":"","country":"Russia","country_code":"","country_source":"","countries":["Russia"],"source_country":"Russia","country_match_method":"point_in_boundary","region":"","region_translated":"","subdivision":"","inn":"","is_sanctioned":"","is_mass_director":"","is_mass_founder":"","is_disqualified_persons":"","geometry_type":"Point","latitude":"58.34259200","longitude":"44.78840600","centroid_latitude":"58.34259200","centroid_longitude":"44.78840600","map_latitude":"58.34259200","map_longitude":"44.78840600","start_latitude":"58.342592","start_longitude":"44.788406","end_latitude":"58.342592","end_longitude":"44.788406","coordinate_count":"1","length_km":"","has_point_location":"true","location_quality":"exact","coordinate_precision":"exact","coordinate_source":"","entity_confidence":"high","freshness":"recent","cross_source_support":"1","review_status":"unreviewed","confidence":"A","confidence_grade":"A","confidence_score":"1.00","selectable":"true","map_layer":"transport_other","map_color":"#2a93d5","map_icon":"bridge","risk_flags":"","subcategory":"bridge","transport_functions":"","un_locode":"","locode_country":"","locode_location":"","iata":"","remarks":"","source_date":"","detected_language":"en_or_unknown","translation_source":"","derived_subcategory":"transport_bridge","derived_subcategory_label":"Bridge","derived_subcategory_confidence":"1.0","derived_subcategory_reason":"asset type","possible_duplicate_group":"","search_text":"Railway Bridge Railway Bridge transport bridge transport Russia Oil & Power Infrastructure Map custom_pins Bridge","references_json":"[{\"reference_id\":\"ref_67a8054e5fa2bdac\",\"source_id\":\"russia_oil_power_map\",\"source_name\":\"Russia Oil & Power Infrastructure Map\",\"source_type\":\"map_layer\",\"url\":\"https://russiaoilpowermap.com/data/custom_pins.json\",\"archive_url\":\"\",\"retrieved_at\":\"2026-10-10T09:58:14Z\",\"source_record_id\":\"pin_6aacd45c3daaf4.16502411\",\"source_file\":\"data/russia_oil_power_infrastructure.csv\",\"source_line_or_record_id\":\"113755\",\"extractor_version\":\"unknown\",\"license_or_terms\":\"unknown\",\"confidence_contribution\":\"0.82\"}]","first_seen_build":"2026-10-10T09:58:14Z","last_seen_build":"2026-10-10T09:58:14Z","change_status":"new","change_types":["new"],"changed_since_previous_build":"false","new_in_latest_build":"true","removed_from_latest_build":"false","source_archive_date":"2026-10-10T09:58:14Z","generation_type":"","primary_fuel":"","secondary_fuels":"","plant_role":"","technology":"","installed_capacity_mw":"","operational_status":"","classification_confidence":"","classification_confidence_score":"","classification_method":"","classification_sources":"","classification_notes":"","alternate_names":"","name_ru":"","match_score":"","match_method":"","matched_source_record_ids":"","is_nuclear":"","nuclear_status":"","reactor_count":"","operating_reactor_count":"","reactor_types":"","nuclear_reference_ids":"","radiological_risk":"","substation_type":"","voltage_kv":"","voltage_levels_kv":"","connected_generation_type":"","ecological_risk_category":"","political_significance":"","risk_assessment_status":"","references":[{"reference_id":"ref_67a8054e5fa2bdac","source_id":"russia_oil_power_map","source_name":"Russia Oil & Power Infrastructure Map","source_type":"map_layer","url":"https://russiaoilpowermap.com/data/custom_pins.json","archive_url":"","retrieved_at":"2026-10-10T09:58:14Z","source_record_id":"pin_6aacd45c3daaf4.16502411","source_file":"data/russia_oil_power_infrastructure.csv","source_line_or_record_id":"113755","extractor_version":"unknown","license_or_terms":"unknown","confidence_contribution":"0.82"}]}},{"type":"Feature","id":"infra_abab5471b1db9edd","geometry":{"type":"Point","coordinates":[61.709899,57.854371]},"properties":{"uid":"infra_abab5471b1db9edd","object_id":"infra_abab5471b1db9edd","source":"russia_oil_power_map","source_dataset":"Russia Oil & Power Infrastructure Map","source_id":"russia_oil_power_map","source_record_id":"pin_6aacd4c10b1872.03355035","source_url":"https://russiaoilpowermap.com/data/custom_pins.json","source_capture_date":"2026-10-10T09:58:14Z","source_layer":"custom_pins","source_reference_id":"ref_c29466deb2048d72","source_name":"Russia Oil & Power Infrastructure Map","source_type":"map_layer","source_reliability":"B","license_or_terms":"unknown","name":"Railway Bridge","name_en":"","description":"","name_translated":"","description_translated":"","display_label":"Railway Bridge","asset_class":"transport","asset_type":"bridge","asset_subtype":"","domain":"transport","status":"","operator":"","product":"","country":"Russia","country_code":"","country_source":"","countries":["Russia"],"source_country":"Russia","country_match_method":"point_in_boundary","region":"","region_translated":"","subdivision":"","inn":"","is_sanctioned":"","is_mass_director":"","is_mass_founder":"","is_disqualified_persons":"","geometry_type":"Point","latitude":"57.85437100","longitude":"61.70989900","centroid_latitude":"57.85437100","centroid_longitude":"61.70989900","map_latitude":"57.85437100","map_longitude":"61.70989900","start_latitude":"57.854371","start_longitude":"61.709899","end_latitude":"57.854371","end_longitude":"61.709899","coordinate_count":"1","length_km":"","has_point_location":"true","location_quality":"exact","coordinate_precision":"exact","coordinate_source":"","entity_confidence":"high","freshness":"recent","cross_source_support":"1","review_status":"unreviewed","confidence":"A","confidence_grade":"A","confidence_score":"1.00","selectable":"true","map_layer":"transport_other","map_color":"#2a93d5","map_icon":"bridge","risk_flags":"","subcategory":"bridge","transport_functions":"","un_locode":"","locode_country":"","locode_location":"","iata":"","remarks":"","source_date":"","detected_language":"en_or_unknown","translation_source":"","derived_subcategory":"transport_bridge","derived_subcategory_label":"Bridge","derived_subcategory_confidence":"1.0","derived_subcategory_reason":"asset type","possible_duplicate_group":"","search_text":"Railway Bridge Railway Bridge transport bridge transport Russia Oil & Power Infrastructure Map custom_pins Bridge","references_json":"[{\"reference_id\":\"ref_c29466deb2048d72\",\"source_id\":\"russia_oil_power_map\",\"source_name\":\"Russia Oil & Power Infrastructure Map\",\"source_type\":\"map_layer\",\"url\":\"https://russiaoilpowermap.com/data/custom_pins.json\",\"archive_url\":\"\",\"retrieved_at\":\"2026-10-10T09:58:14Z\",\"source_record_id\":\"pin_6aacd4c10b1872.03355035\",\"source_file\":\"data/russia_oil_power_infrastructure.csv\",\"source_line_or_record_id\":\"113756\",\"extractor_version\":\"unknown\",\"license_or_terms\":\"unknown\",\"confidence_contribution\":\"0.82\"}]","first_seen_build":"2026-10-10T09:58:14Z","last_seen_build":"2026-10-10T09:58:14Z","change_status":"new","change_types":["new"],"changed_since_previous_build":"false","new_in_latest_build":"true","removed_from_latest_build":"false","source_archive_date":"2026-10-10T09:58:14Z","generation_type":"","primary_fuel":"","secondary_fuels":"","plant_role":"","technology":"","installed_capacity_mw":"","operational_status":"","classification_confidence":"","classification_confidence_score":"","classification_method":"","classification_sources":"","classification_notes":"","alternate_names":"","name_ru":"","match_score":"","match_method":"","matched_source_record_ids":"","is_nuclear":"","nuclear_status":"","reactor_count":"","operating_reactor_count":"","reactor_types":"","nuclear_reference_ids":"","radiological_risk":"","substation_type":"","voltage_kv":"","voltage_levels_kv":"","connected_generation_type":"","ecological_risk_category":"","political_significance":"","risk_assessment_status":"","references":[{"reference_id":"ref_c29466deb2048d72","source_id":"russia_oil_power_map","source_name":"Russia Oil & Power Infrastructure Map","source_type":"map_layer","url":"https://russiaoilpowermap.com/data/custom_pins.json","archive_url":"","retrieved_at":"2026-10-10T09:58:14Z","source_record_id":"pin_6aacd4c10b1872.03355035","source_file":"data/russia_oil_power_infrastructure.csv","source_line_or_record_id":"113756","extractor_version":"unknown","license_or_terms":"unknown","confidence_contribution":"0.82"}]}},{"type":"Feature","id":"infra_690dd23321e62b07","geometry":{"type":"Point","coordinates":[48.796635,53.173634]},"properties":{"uid":"infra_690dd23321e62b07","object_id":"infra_690dd23321e62b07","source":"russia_oil_power_map","source_dataset":"Russia Oil & Power Infrastructure Map","source_id":"russia_oil_power_map","source_record_id":"pin_6aacd5092ba850.36477421","source_url":"https://russiaoilpowermap.com/data/custom_pins.json","source_capture_date":"2026-10-10T09:58:14Z","source_layer":"custom_pins","source_reference_id":"ref_0491da01b49af52b","source_name":"Russia Oil & Power Infrastructure Map","source_type":"map_layer","source_reliability":"B","license_or_terms":"unknown","name":"Railway Bridge","name_en":"","description":"","name_translated":"","description_translated":"","display_label":"Railway Bridge","asset_class":"transport","asset_type":"bridge","asset_subtype":"","domain":"transport","status":"","operator":"","product":"","country":"Russia","country_code":"","country_source":"","countries":["Russia"],"source_country":"Russia","country_match_method":"point_in_boundary","region":"","region_translated":"","subdivision":"","inn":"","is_sanctioned":"","is_mass_director":"","is_mass_founder":"","is_disqualified_persons":"","geometry_type":"Point","latitude":"53.17363400","longitude":"48.79663500","centroid_latitude":"53.17363400","centroid_longitude":"48.79663500","map_latitude":"53.17363400","map_longitude":"48.79663500","start_latitude":"53.173634","start_longitude":"48.796635","end_latitude":"53.173634","end_longitude":"48.796635","coordinate_count":"1","length_km":"","has_point_location":"true","location_quality":"exact","coordinate_precision":"exact","coordinate_source":"","entity_confidence":"high","freshness":"recent","cross_source_support":"1","review_status":"unreviewed","confidence":"A","confidence_grade":"A","confidence_score":"1.00","selectable":"true","map_layer":"transport_other","map_color":"#2a93d5","map_icon":"bridge","risk_flags":"","subcategory":"bridge","transport_functions":"","un_locode":"","locode_country":"","locode_location":"","iata":"","remarks":"","source_date":"","detected_language":"en_or_unknown","translation_source":"","derived_subcategory":"transport_bridge","derived_subcategory_label":"Bridge","derived_subcategory_confidence":"1.0","derived_subcategory_reason":"asset type","possible_duplicate_group":"","search_text":"Railway Bridge Railway Bridge transport bridge transport Russia Oil & Power Infrastructure Map custom_pins Bridge","references_json":"[{\"reference_id\":\"ref_0491da01b49af52b\",\"source_id\":\"russia_oil_power_map\",\"source_name\":\"Russia Oil & Power Infrastructure Map\",\"source_type\":\"map_layer\",\"url\":\"https://russiaoilpowermap.com/data/custom_pins.json\",\"archive_url\":\"\",\"retrieved_at\":\"2026-10-10T09:58:14Z\",\"source_record_id\":\"pin_6aacd5092ba850.36477421\",\"source_file\":\"data/russia_oil_power_infrastructure.csv\",\"source_line_or_record_id\":\"113757\",\"extractor_version\":\"unknown\",\"license_or_terms\":\"unknown\",\"confidence_contribution\":\"0.82\"}]","first_seen_build":"2026-10-10T09:58:14Z","last_seen_build":"2026-10-10T09:58:14Z","change_status":"new","change_types":["new"],"changed_since_previous_build":"false","new_in_latest_build":"true","removed_from_latest_build":"false","source_archive_date":"2026-10-10T09:58:14Z","generation_type":"","primary_fuel":"","secondary_fuels":"","plant_role":"","technology":"","installed_capacity_mw":"","operational_status":"","classification_confidence":"","classification_confidence_score":"","classification_method":"","classification_sources":"","classification_notes":"","alternate_names":"","name_ru":"","match_score":"","match_method":"","matched_source_record_ids":"","is_nuclear":"","nuclear_status":"","reactor_count":"","operating_reactor_count":"","reactor_types":"","nuclear_reference_ids":"","radiological_risk":"","substation_type":"","voltage_kv":"","voltage_levels_kv":"","connected_generation_type":"","ecological_risk_category":"","political_significance":"","risk_assessment_status":"","references":[{"reference_id":"ref_0491da01b49af52b","source_id":"russia_oil_power_map","source_name":"Russia Oil & Power Infrastructure Map","source_type":"map_layer","url":"https://russiaoilpowermap.com/data/custom_pins.json","archive_url":"","retrieved_at":"2026-10-10T09:58:14Z","source_record_id":"pin_6aacd5092ba850.36477421","source_file":"data/russia_oil_power_infrastructure.csv","source_line_or_record_id":"113757","extractor_version":"unknown","license_or_terms":"unknown","confidence_contribution":"0.82"}]}},{"type":"Feature","id":"infra_eeb5f4bd317dd28b","geometry":{"type":"Point","coordinates":[38.158243,45.253191]},"properties":{"uid":"infra_eeb5f4bd317dd28b","object_id":"infra_eeb5f4bd317dd28b","source":"russia_oil_power_map","source_dataset":"Russia Oil & Power Infrastructure Map","source_id":"russia_oil_power_map","source_record_id":"pin_6aacd7f33e6b70.50695175","source_url":"https://russiaoilpowermap.com/data/custom_pins.json","source_capture_date":"2026-10-10T09:58:14Z","source_layer":"custom_pins","source_reference_id":"ref_5a872058d6413480","source_name":"Russia Oil & Power Infrastructure Map","source_type":"map_layer","source_reliability":"B","license_or_terms":"unknown","name":"Railway Bridge","name_en":"","description":"","name_translated":"","description_translated":"","display_label":"Railway Bridge","asset_class":"transport","asset_type":"bridge","asset_subtype":"","domain":"transport","status":"","operator":"","product":"","country":"Russia","country_code":"","country_source":"","countries":["Russia"],"source_country":"Russia","country_match_method":"point_in_boundary","region":"","region_translated":"","subdivision":"","inn":"","is_sanctioned":"","is_mass_director":"","is_mass_founder":"","is_disqualified_persons":"","geometry_type":"Point","latitude":"45.25319100","longitude":"38.15824300","centroid_latitude":"45.25319100","centroid_longitude":"38.15824300","map_latitude":"45.25319100","map_longitude":"38.15824300","start_latitude":"45.253191","start_longitude":"38.158243","end_latitude":"45.253191","end_longitude":"38.158243","coordinate_count":"1","length_km":"","has_point_location":"true","location_quality":"exact","coordinate_precision":"exact","coordinate_source":"","entity_confidence":"high","freshness":"recent","cross_source_support":"1","review_status":"unreviewed","confidence":"A","confidence_grade":"A","confidence_score":"1.00","selectable":"true","map_layer":"transport_other","map_color":"#2a93d5","map_icon":"bridge","risk_flags":"","subcategory":"bridge","transport_functions":"","un_locode":"","locode_country":"","locode_location":"","iata":"","remarks":"","source_date":"","detected_language":"en_or_unknown","translation_source":"","derived_subcategory":"transport_bridge","derived_subcategory_label":"Bridge","derived_subcategory_confidence":"1.0","derived_subcategory_reason":"asset type","possible_duplicate_group":"","search_text":"Railway Bridge Railway Bridge transport bridge transport Russia Oil & Power Infrastructure Map custom_pins Bridge","references_json":"[{\"reference_id\":\"ref_5a872058d6413480\",\"source_id\":\"russia_oil_power_map\",\"source_name\":\"Russia Oil & Power Infrastructure Map\",\"source_type\":\"map_layer\",\"url\":\"https://russiaoilpowermap.com/data/custom_pins.json\",\"archive_url\":\"\",\"retrieved_at\":\"2026-10-10T09:58:14Z\",\"source_record_id\":\"pin_6aacd7f33e6b70.50695175\",\"source_file\":\"data/russia_oil_power_infrastructure.csv\",\"source_line_or_record_id\":\"113763\",\"extractor_version\":\"unknown\",\"license_or_terms\":\"unknown\",\"confidence_contribution\":\"0.82\"}]","first_seen_build":"2026-10-10T09:58:14Z","last_seen_build":"2026-10-10T09:58:14Z","change_status":"new","change_types":["new"],"changed_since_previous_build":"false","new_in_latest_build":"true","removed_from_latest_build":"false","source_archive_date":"2026-10-10T09:58:14Z","generation_type":"","primary_fuel":"","secondary_fuels":"","plant_role":"","technology":"","installed_capacity_mw":"","operational_status":"","classification_confidence":"","classification_confidence_score":"","classification_method":"","classification_sources":"","classification_notes":"","alternate_names":"","name_ru":"","match_score":"","match_method":"","matched_source_record_ids":"","is_nuclear":"","nuclear_status":"","reactor_count":"","operating_reactor_count":"","reactor_types":"","nuclear_reference_ids":"","radiological_risk":"","substation_type":"","voltage_kv":"","voltage_levels_kv":"","connected_generation_type":"","ecological_risk_category":"","political_significance":"","risk_assessment_status":"","references":[{"reference_id":"ref_5a872058d6413480","source_id":"russia_oil_power_map","source_name":"Russia Oil & Power Infrastructure Map","source_type":"map_layer","url":"https://russiaoilpowermap.com/data/custom_pins.json","archive_url":"","retrieved_at":"2026-10-10T09:58:14Z","source_record_id":"pin_6aacd7f33e6b70.50695175","source_file":"data/russia_oil_power_infrastructure.csv","source_line_or_record_id":"113763","extractor_version":"unknown","license_or_terms":"unknown","confidence_contribution":"0.82"}]}},{"type":"Feature","id":"infra_9af5b83b8ad21c99","geometry":{"type":"Point","coordinates":[40.688236,45.969262]},"properties":{"uid":"infra_9af5b83b8ad21c99","object_id":"infra_9af5b83b8ad21c99","source":"russia_oil_power_map","source_dataset":"Russia Oil & Power Infrastructure Map","source_id":"russia_oil_power_map","source_record_id":"pin_6aacd81ae7ac42.80683958","source_url":"https://russiaoilpowermap.com/data/custom_pins.json","source_capture_date":"2026-10-10T09:58:14Z","source_layer":"custom_pins","source_reference_id":"ref_99a0eaa0b8d33fb1","source_name":"Russia Oil & Power Infrastructure Map","source_type":"map_layer","source_reliability":"B","license_or_terms":"unknown","name":"Railway Bridge","name_en":"","description":"","name_translated":"","description_translated":"","display_label":"Railway Bridge","asset_class":"transport","asset_type":"bridge","asset_subtype":"","domain":"transport","status":"","operator":"","product":"","country":"Russia","country_code":"","country_source":"","countries":["Russia"],"source_country":"Russia","country_match_method":"point_in_boundary","region":"","region_translated":"","subdivision":"","inn":"","is_sanctioned":"","is_mass_director":"","is_mass_founder":"","is_disqualified_persons":"","geometry_type":"Point","latitude":"45.96926200","longitude":"40.68823600","centroid_latitude":"45.96926200","centroid_longitude":"40.68823600","map_latitude":"45.96926200","map_longitude":"40.68823600","start_latitude":"45.969262","start_longitude":"40.688236","end_latitude":"45.969262","end_longitude":"40.688236","coordinate_count":"1","length_km":"","has_point_location":"true","location_quality":"exact","coordinate_precision":"exact","coordinate_source":"","entity_confidence":"high","freshness":"recent","cross_source_support":"1","review_status":"unreviewed","confidence":"A","confidence_grade":"A","confidence_score":"1.00","selectable":"true","map_layer":"transport_other","map_color":"#2a93d5","map_icon":"bridge","risk_flags":"","subcategory":"bridge","transport_functions":"","un_locode":"","locode_country":"","locode_location":"","iata":"","remarks":"","source_date":"","detected_language":"en_or_unknown","translation_source":"","derived_subcategory":"transport_bridge","derived_subcategory_label":"Bridge","derived_subcategory_confidence":"1.0","derived_subcategory_reason":"asset type","possible_duplicate_group":"","search_text":"Railway Bridge Railway Bridge transport bridge transport Russia Oil & Power Infrastructure Map custom_pins Bridge","references_json":"[{\"reference_id\":\"ref_99a0eaa0b8d33fb1\",\"source_id\":\"russia_oil_power_map\",\"source_name\":\"Russia Oil & Power Infrastructure Map\",\"source_type\":\"map_layer\",\"url\":\"https://russiaoilpowermap.com/data/custom_pins.json\",\"archive_url\":\"\",\"retrieved_at\":\"2026-10-10T09:58:14Z\",\"source_record_id\":\"pin_6aacd81ae7ac42.80683958\",\"source_file\":\"data/russia_oil_power_infrastructure.csv\",\"source_line_or_record_id\":\"113764\",\"extractor_version\":\"unknown\",\"license_or_terms\":\"unknown\",\"confidence_contribution\":\"0.82\"}]","first_seen_build":"2026-10-10T09:58:14Z","last_seen_build":"2026-10-10T09:58:14Z","change_status":"new","change_types":["new"],"changed_since_previous_build":"false","new_in_latest_build":"true","removed_from_latest_build":"false","source_archive_date":"2026-10-10T09:58:14Z","generation_type":"","primary_fuel":"","secondary_fuels":"","plant_role":"","technology":"","installed_capacity_mw":"","operational_status":"","classification_confidence":"","classification_confidence_score":"","classification_method":"","classification_sources":"","classification_notes":"","alternate_names":"","name_ru":"","match_score":"","match_method":"","matched_source_record_ids":"","is_nuclear":"","nuclear_status":"","reactor_count":"","operating_reactor_count":"","reactor_types":"","nuclear_reference_ids":"","radiological_risk":"","substation_type":"","voltage_kv":"","voltage_levels_kv":"","connected_generation_type":"","ecological_risk_category":"","political_significance":"","risk_assessment_status":"","references":[{"reference_id":"ref_99a0eaa0b8d33fb1","source_id":"russia_oil_power_map","source_name":"Russia Oil & Power Infrastructure Map","source_type":"map_layer","url":"https://russiaoilpowermap.com/data/custom_pins.json","archive_url":"","retrieved_at":"2026-10-10T09:58:14Z","source_record_id":"pin_6aacd81ae7ac42.80683958","source_file":"data/russia_oil_power_infrastructure.csv","source_line_or_record_id":"113764","extractor_version":"unknown","license_or_terms":"unknown","confidence_contribution":"0.82"}]}},{"type":"Feature","id":"infra_29901b97756cdd9d","geometry":{"type":"Point","coordinates":[95.732245,56.209711]},"properties":{"uid":"infra_29901b97756cdd9d","object_id":"infra_29901b97756cdd9d","source":"russia_oil_power_map","source_dataset":"Russia Oil & Power Infrastructure Map","source_id":"russia_oil_power_map","source_record_id":"pin_6aae0f203e2125.89272647","source_url":"https://russiaoilpowermap.com/data/custom_pins.json","source_capture_date":"2026-10-10T09:58:14Z","source_layer":"custom_pins","source_reference_id":"ref_201d2d838e59b291","source_name":"Russia Oil & Power Infrastructure Map","source_type":"map_layer","source_reliability":"B","license_or_terms":"unknown","name":"Railway Bridge","name_en":"","description":"","name_translated":"","description_translated":"","display_label":"Railway Bridge","asset_class":"transport","asset_type":"bridge","asset_subtype":"","domain":"transport","status":"","operator":"","product":"","country":"Russia","country_code":"","country_source":"","countries":["Russia"],"source_country":"Russia","country_match_method":"point_in_boundary","region":"","region_translated":"","subdivision":"","inn":"","is_sanctioned":"","is_mass_director":"","is_mass_founder":"","is_disqualified_persons":"","geometry_type":"Point","latitude":"56.20971100","longitude":"95.73224500","centroid_latitude":"56.20971100","centroid_longitude":"95.73224500","map_latitude":"56.20971100","map_longitude":"95.73224500","start_latitude":"56.209711","start_longitude":"95.732245","end_latitude":"56.209711","end_longitude":"95.732245","coordinate_count":"1","length_km":"","has_point_location":"true","location_quality":"exact","coordinate_precision":"exact","coordinate_source":"","entity_confidence":"high","freshness":"recent","cross_source_support":"1","review_status":"unreviewed","confidence":"A","confidence_grade":"A","confidence_score":"1.00","selectable":"true","map_layer":"transport_other","map_color":"#2a93d5","map_icon":"bridge","risk_flags":"","subcategory":"bridge","transport_functions":"","un_locode":"","locode_country":"","locode_location":"","iata":"","remarks":"","source_date":"","detected_language":"en_or_unknown","translation_source":"","derived_subcategory":"transport_bridge","derived_subcategory_label":"Bridge","derived_subcategory_confidence":"1.0","derived_subcategory_reason":"asset type","possible_duplicate_group":"","search_text":"Railway Bridge Railway Bridge transport bridge transport Russia Oil & Power Infrastructure Map custom_pins Bridge","references_json":"[{\"reference_id\":\"ref_201d2d838e59b291\",\"source_id\":\"russia_oil_power_map\",\"source_name\":\"Russia Oil & Power Infrastructure Map\",\"source_type\":\"map_layer\",\"url\":\"https://russiaoilpowermap.com/data/custom_pins.json\",\"archive_url\":\"\",\"retrieved_at\":\"2026-10-10T09:58:14Z\",\"source_record_id\":\"pin_6aae0f203e2125.89272647\",\"source_file\":\"data/russia_oil_power_infrastructure.csv\",\"source_line_or_record_id\":\"113802\",\"extractor_version\":\"unknown\",\"license_or_terms\":\"unknown\",\"confidence_contribution\":\"0.82\"}]","first_seen_build":"2026-10-10T09:58:14Z","last_seen_build":"2026-10-10T09:58:14Z","change_status":"new","change_types":["new"],"changed_since_previous_build":"false","new_in_latest_build":"true","removed_from_latest_build":"false","source_archive_date":"2026-10-10T09:58:14Z","generation_type":"","primary_fuel":"","secondary_fuels":"","plant_role":"","technology":"","installed_capacity_mw":"","operational_status":"","classification_confidence":"","classification_confidence_score":"","classification_method":"","classification_sources":"","classification_notes":"","alternate_names":"","name_ru":"","match_score":"","match_method":"","matched_source_record_ids":"","is_nuclear":"","nuclear_status":"","reactor_count":"","operating_reactor_count":"","reactor_types":"","nuclear_reference_ids":"","radiological_risk":"","substation_type":"","voltage_kv":"","voltage_levels_kv":"","connected_generation_type":"","ecological_risk_category":"","political_significance":"","risk_assessment_status":"","references":[{"reference_id":"ref_201d2d838e59b291","source_id":"russia_oil_power_map","source_name":"Russia Oil & Power Infrastructure Map","source_type":"map_layer","url":"https://russiaoilpowermap.com/data/custom_pins.json","archive_url":"","retrieved_at":"2026-10-10T09:58:14Z","source_record_id":"pin_6aae0f203e2125.89272647","source_file":"data/russia_oil_power_infrastructure.csv","source_line_or_record_id":"113802","extractor_version":"unknown","license_or_terms":"unknown","confidence_contribution":"0.82"}]}},{"type":"Feature","id":"infra_b7d38d94f12b06f8","geometry":{"type":"Point","coordinates":[93.009374,56.065891]},"properties":{"uid":"infra_b7d38d94f12b06f8","object_id":"infra_b7d38d94f12b06f8","source":"russia_oil_power_map","source_dataset":"Russia Oil & Power Infrastructure Map","source_id":"russia_oil_power_map","source_record_id":"pin_6aae0f3c060747.70697795","source_url":"https://russiaoilpowermap.com/data/custom_pins.json","source_capture_date":"2026-10-10T09:58:14Z","source_layer":"custom_pins","source_reference_id":"ref_fc61da7ca9023e50","source_name":"Russia Oil & Power Infrastructure Map","source_type":"map_layer","source_reliability":"B","license_or_terms":"unknown","name":"Railway Bridge","name_en":"","description":"","name_translated":"","description_translated":"","display_label":"Railway Bridge","asset_class":"transport","asset_type":"bridge","asset_subtype":"","domain":"transport","status":"","operator":"","product":"","country":"Russia","country_code":"","country_source":"","countries":["Russia"],"source_country":"Russia","country_match_method":"point_in_boundary","region":"","region_translated":"","subdivision":"","inn":"","is_sanctioned":"","is_mass_director":"","is_mass_founder":"","is_disqualified_persons":"","geometry_type":"Point","latitude":"56.06589100","longitude":"93.00937400","centroid_latitude":"56.06589100","centroid_longitude":"93.00937400","map_latitude":"56.06589100","map_longitude":"93.00937400","start_latitude":"56.065891","start_longitude":"93.009374","end_latitude":"56.065891","end_longitude":"93.009374","coordinate_count":"1","length_km":"","has_point_location":"true","location_quality":"exact","coordinate_precision":"exact","coordinate_source":"","entity_confidence":"high","freshness":"recent","cross_source_support":"1","review_status":"unreviewed","confidence":"A","confidence_grade":"A","confidence_score":"1.00","selectable":"true","map_layer":"transport_other","map_color":"#2a93d5","map_icon":"bridge","risk_flags":"","subcategory":"bridge","transport_functions":"","un_locode":"","locode_country":"","locode_location":"","iata":"","remarks":"","source_date":"","detected_language":"en_or_unknown","translation_source":"","derived_subcategory":"transport_bridge","derived_subcategory_label":"Bridge","derived_subcategory_confidence":"1.0","derived_subcategory_reason":"asset type","possible_duplicate_group":"","search_text":"Railway Bridge Railway Bridge transport bridge transport Russia Oil & Power Infrastructure Map custom_pins Bridge","references_json":"[{\"reference_id\":\"ref_fc61da7ca9023e50\",\"source_id\":\"russia_oil_power_map\",\"source_name\":\"Russia Oil & Power Infrastructure Map\",\"source_type\":\"map_layer\",\"url\":\"https://russiaoilpowermap.com/data/custom_pins.json\",\"archive_url\":\"\",\"retrieved_at\":\"2026-10-10T09:58:14Z\",\"source_record_id\":\"pin_6aae0f3c060747.70697795\",\"source_file\":\"data/russia_oil_power_infrastructure.csv\",\"source_line_or_record_id\":\"113803\",\"extractor_version\":\"unknown\",\"license_or_terms\":\"unknown\",\"confidence_contribution\":\"0.82\"}]","first_seen_build":"2026-10-10T09:58:14Z","last_seen_build":"2026-10-10T09:58:14Z","change_status":"new","change_types":["new"],"changed_since_previous_build":"false","new_in_latest_build":"true","removed_from_latest_build":"false","source_archive_date":"2026-10-10T09:58:14Z","generation_type":"","primary_fuel":"","secondary_fuels":"","plant_role":"","technology":"","installed_capacity_mw":"","operational_status":"","classification_confidence":"","classification_confidence_score":"","classification_method":"","classification_sources":"","classification_notes":"","alternate_names":"","name_ru":"","match_score":"","match_method":"","matched_source_record_ids":"","is_nuclear":"","nuclear_status":"","reactor_count":"","operating_reactor_count":"","reactor_types":"","nuclear_reference_ids":"","radiological_risk":"","substation_type":"","voltage_kv":"","voltage_levels_kv":"","connected_generation_type":"","ecological_risk_category":"","political_significance":"","risk_assessment_status":"","references":[{"reference_id":"ref_fc61da7ca9023e50","source_id":"russia_oil_power_map","source_name":"Russia Oil & Power Infrastructure Map","source_type":"map_layer","url":"https://russiaoilpowermap.com/data/custom_pins.json","archive_url":"","retrieved_at":"2026-10-10T09:58:14Z","source_record_id":"pin_6aae0f3c060747.70697795","source_file":"data/russia_oil_power_infrastructure.csv","source_line_or_record_id":"113803","extractor_version":"unknown","license_or_terms":"unknown","confidence_contribution":"0.82"}]}},{"type":"Feature","id":"infra_b66635d445059c1e","geometry":{"type":"Point","coordinates":[92.812607,55.988948]},"properties":{"uid":"infra_b66635d445059c1e","object_id":"infra_b66635d445059c1e","source":"russia_oil_power_map","source_dataset":"Russia Oil & Power Infrastructure Map","source_id":"russia_oil_power_map","source_record_id":"pin_6aae0f43375818.21512392","source_url":"https://russiaoilpowermap.com/data/custom_pins.json","source_capture_date":"2026-10-10T09:58:14Z","source_layer":"custom_pins","source_reference_id":"ref_badb62ce8df0fb60","source_name":"Russia Oil & Power Infrastructure Map","source_type":"map_layer","source_reliability":"B","license_or_terms":"unknown","name":"Railway Bridge","name_en":"","description":"","name_translated":"","description_translated":"","display_label":"Railway Bridge","asset_class":"transport","asset_type":"bridge","asset_subtype":"","domain":"transport","status":"","operator":"","product":"","country":"Russia","country_code":"","country_source":"","countries":["Russia"],"source_country":"Russia","country_match_method":"point_in_boundary","region":"","region_translated":"","subdivision":"","inn":"","is_sanctioned":"","is_mass_director":"","is_mass_founder":"","is_disqualified_persons":"","geometry_type":"Point","latitude":"55.98894800","longitude":"92.81260700","centroid_latitude":"55.98894800","centroid_longitude":"92.81260700","map_latitude":"55.98894800","map_longitude":"92.81260700","start_latitude":"55.988948","start_longitude":"92.812607","end_latitude":"55.988948","end_longitude":"92.812607","coordinate_count":"1","length_km":"","has_point_location":"true","location_quality":"exact","coordinate_precision":"exact","coordinate_source":"","entity_confidence":"high","freshness":"recent","cross_source_support":"1","review_status":"unreviewed","confidence":"A","confidence_grade":"A","confidence_score":"1.00","selectable":"true","map_layer":"transport_other","map_color":"#2a93d5","map_icon":"bridge","risk_flags":"","subcategory":"bridge","transport_functions":"","un_locode":"","locode_country":"","locode_location":"","iata":"","remarks":"","source_date":"","detected_language":"en_or_unknown","translation_source":"","derived_subcategory":"transport_bridge","derived_subcategory_label":"Bridge","derived_subcategory_confidence":"1.0","derived_subcategory_reason":"asset type","possible_duplicate_group":"","search_text":"Railway Bridge Railway Bridge transport bridge transport Russia Oil & Power Infrastructure Map custom_pins Bridge","references_json":"[{\"reference_id\":\"ref_badb62ce8df0fb60\",\"source_id\":\"russia_oil_power_map\",\"source_name\":\"Russia Oil & Power Infrastructure Map\",\"source_type\":\"map_layer\",\"url\":\"https://russiaoilpowermap.com/data/custom_pins.json\",\"archive_url\":\"\",\"retrieved_at\":\"2026-10-10T09:58:14Z\",\"source_record_id\":\"pin_6aae0f43375818.21512392\",\"source_file\":\"data/russia_oil_power_infrastructure.csv\",\"source_line_or_record_id\":\"113804\",\"extractor_version\":\"unknown\",\"license_or_terms\":\"unknown\",\"confidence_contribution\":\"0.82\"}]","first_seen_build":"2026-10-10T09:58:14Z","last_seen_build":"2026-10-10T09:58:14Z","change_status":"new","change_types":["new"],"changed_since_previous_build":"false","new_in_latest_build":"true","removed_from_latest_build":"false","source_archive_date":"2026-10-10T09:58:14Z","generation_type":"","primary_fuel":"","secondary_fuels":"","plant_role":"","technology":"","installed_capacity_mw":"","operational_status":"","classification_confidence":"","classification_confidence_score":"","classification_method":"","classification_sources":"","classification_notes":"","alternate_names":"","name_ru":"","match_score":"","match_method":"","matched_source_record_ids":"","is_nuclear":"","nuclear_status":"","reactor_count":"","operating_reactor_count":"","reactor_types":"","nuclear_reference_ids":"","radiological_risk":"","substation_type":"","voltage_kv":"","voltage_levels_kv":"","connected_generation_type":"","ecological_risk_category":"","political_significance":"","risk_assessment_status":"","references":[{"reference_id":"ref_badb62ce8df0fb60","source_id":"russia_oil_power_map","source_name":"Russia Oil & Power Infrastructure Map","source_type":"map_layer","url":"https://russiaoilpowermap.com/data/custom_pins.json","archive_url":"","retrieved_at":"2026-10-10T09:58:14Z","source_record_id":"pin_6aae0f43375818.21512392","source_file":"data/russia_oil_power_infrastructure.csv","source_line_or_record_id":"113804","extractor_version":"unknown","license_or_terms":"unknown","confidence_contribution":"0.82"}]}},{"type":"Feature","id":"infra_b527bd28c19ff92e","geometry":{"type":"Point","coordinates":[91.545382,53.65026]},"properties":{"uid":"infra_b527bd28c19ff92e","object_id":"infra_b527bd28c19ff92e","source":"russia_oil_power_map","source_dataset":"Russia Oil & Power Infrastructure Map","source_id":"russia_oil_power_map","source_record_id":"pin_6aae11355034c7.99414282","source_url":"https://russiaoilpowermap.com/data/custom_pins.json","source_capture_date":"2026-10-10T09:58:14Z","source_layer":"custom_pins","source_reference_id":"ref_d1a8c0456ff78dfc","source_name":"Russia Oil & Power Infrastructure Map","source_type":"map_layer","source_reliability":"B","license_or_terms":"unknown","name":"Railway Bridge","name_en":"","description":"","name_translated":"","description_translated":"","display_label":"Railway Bridge","asset_class":"transport","asset_type":"bridge","asset_subtype":"","domain":"transport","status":"","operator":"","product":"","country":"Russia","country_code":"","country_source":"","countries":["Russia"],"source_country":"Russia","country_match_method":"point_in_boundary","region":"","region_translated":"","subdivision":"","inn":"","is_sanctioned":"","is_mass_director":"","is_mass_founder":"","is_disqualified_persons":"","geometry_type":"Point","latitude":"53.65026000","longitude":"91.54538200","centroid_latitude":"53.65026000","centroid_longitude":"91.54538200","map_latitude":"53.65026000","map_longitude":"91.54538200","start_latitude":"53.65026","start_longitude":"91.545382","end_latitude":"53.65026","end_longitude":"91.545382","coordinate_count":"1","length_km":"","has_point_location":"true","location_quality":"exact","coordinate_precision":"exact","coordinate_source":"","entity_confidence":"high","freshness":"recent","cross_source_support":"1","review_status":"unreviewed","confidence":"A","confidence_grade":"A","confidence_score":"1.00","selectable":"true","map_layer":"transport_other","map_color":"#2a93d5","map_icon":"bridge","risk_flags":"","subcategory":"bridge","transport_functions":"","un_locode":"","locode_country":"","locode_location":"","iata":"","remarks":"","source_date":"","detected_language":"en_or_unknown","translation_source":"","derived_subcategory":"transport_bridge","derived_subcategory_label":"Bridge","derived_subcategory_confidence":"1.0","derived_subcategory_reason":"asset type","possible_duplicate_group":"","search_text":"Railway Bridge Railway Bridge transport bridge transport Russia Oil & Power Infrastructure Map custom_pins Bridge","references_json":"[{\"reference_id\":\"ref_d1a8c0456ff78dfc\",\"source_id\":\"russia_oil_power_map\",\"source_name\":\"Russia Oil & Power Infrastructure Map\",\"source_type\":\"map_layer\",\"url\":\"https://russiaoilpowermap.com/data/custom_pins.json\",\"archive_url\":\"\",\"retrieved_at\":\"2026-10-10T09:58:14Z\",\"source_record_id\":\"pin_6aae11355034c7.99414282\",\"source_file\":\"data/russia_oil_power_infrastructure.csv\",\"source_line_or_record_id\":\"113816\",\"extractor_version\":\"unknown\",\"license_or_terms\":\"unknown\",\"confidence_contribution\":\"0.82\"}]","first_seen_build":"2026-10-10T09:58:14Z","last_seen_build":"2026-10-10T09:58:14Z","change_status":"new","change_types":["new"],"changed_since_previous_build":"false","new_in_latest_build":"true","removed_from_latest_build":"false","source_archive_date":"2026-10-10T09:58:14Z","generation_type":"","primary_fuel":"","secondary_fuels":"","plant_role":"","technology":"","installed_capacity_mw":"","operational_status":"","classification_confidence":"","classification_confidence_score":"","classification_method":"","classification_sources":"","classification_notes":"","alternate_names":"","name_ru":"","match_score":"","match_method":"","matched_source_record_ids":"","is_nuclear":"","nuclear_status":"","reactor_count":"","operating_reactor_count":"","reactor_types":"","nuclear_reference_ids":"","radiological_risk":"","substation_type":"","voltage_kv":"","voltage_levels_kv":"","connected_generation_type":"","ecological_risk_category":"","political_significance":"","risk_assessment_status":"","references":[{"reference_id":"ref_d1a8c0456ff78dfc","source_id":"russia_oil_power_map","source_name":"Russia Oil & Power Infrastructure Map","source_type":"map_layer","url":"https://russiaoilpowermap.com/data/custom_pins.json","archive_url":"","retrieved_at":"2026-10-10T09:58:14Z","source_record_id":"pin_6aae11355034c7.99414282","source_file":"data/russia_oil_power_infrastructure.csv","source_line_or_record_id":"113816","extractor_version":"unknown","license_or_terms":"unknown","confidence_contribution":"0.82"}]}},{"type":"Feature","id":"infra_9b957cef85b4ddd7","geometry":{"type":"Point","coordinates":[87.182999,53.759387]},"properties":{"uid":"infra_9b957cef85b4ddd7","object_id":"infra_9b957cef85b4ddd7","source":"russia_oil_power_map","source_dataset":"Russia Oil & Power Infrastructure Map","source_id":"russia_oil_power_map","source_record_id":"pin_6aae114e677f47.56714331","source_url":"https://russiaoilpowermap.com/data/custom_pins.json","source_capture_date":"2026-10-10T09:58:14Z","source_layer":"custom_pins","source_reference_id":"ref_4f7ebf91abb9b693","source_name":"Russia Oil & Power Infrastructure Map","source_type":"map_layer","source_reliability":"B","license_or_terms":"unknown","name":"Railway Bridge","name_en":"","description":"","name_translated":"","description_translated":"","display_label":"Railway Bridge","asset_class":"transport","asset_type":"bridge","asset_subtype":"","domain":"transport","status":"","operator":"","product":"","country":"Russia","country_code":"","country_source":"","countries":["Russia"],"source_country":"Russia","country_match_method":"point_in_boundary","region":"","region_translated":"","subdivision":"","inn":"","is_sanctioned":"","is_mass_director":"","is_mass_founder":"","is_disqualified_persons":"","geometry_type":"Point","latitude":"53.75938700","longitude":"87.18299900","centroid_latitude":"53.75938700","centroid_longitude":"87.18299900","map_latitude":"53.75938700","map_longitude":"87.18299900","start_latitude":"53.759387","start_longitude":"87.182999","end_latitude":"53.759387","end_longitude":"87.182999","coordinate_count":"1","length_km":"","has_point_location":"true","location_quality":"exact","coordinate_precision":"exact","coordinate_source":"","entity_confidence":"high","freshness":"recent","cross_source_support":"1","review_status":"unreviewed","confidence":"A","confidence_grade":"A","confidence_score":"1.00","selectable":"true","map_layer":"transport_other","map_color":"#2a93d5","map_icon":"bridge","risk_flags":"","subcategory":"bridge","transport_functions":"","un_locode":"","locode_country":"","locode_location":"","iata":"","remarks":"","source_date":"","detected_language":"en_or_unknown","translation_source":"","derived_subcategory":"transport_bridge","derived_subcategory_label":"Bridge","derived_subcategory_confidence":"1.0","derived_subcategory_reason":"asset type","possible_duplicate_group":"","search_text":"Railway Bridge Railway Bridge transport bridge transport Russia Oil & Power Infrastructure Map custom_pins Bridge","references_json":"[{\"reference_id\":\"ref_4f7ebf91abb9b693\",\"source_id\":\"russia_oil_power_map\",\"source_name\":\"Russia Oil & Power Infrastructure Map\",\"source_type\":\"map_layer\",\"url\":\"https://russiaoilpowermap.com/data/custom_pins.json\",\"archive_url\":\"\",\"retrieved_at\":\"2026-10-10T09:58:14Z\",\"source_record_id\":\"pin_6aae114e677f47.56714331\",\"source_file\":\"data/russia_oil_power_infrastructure.csv\",\"source_line_or_record_id\":\"113817\",\"extractor_version\":\"unknown\",\"license_or_terms\":\"unknown\",\"confidence_contribution\":\"0.82\"}]","first_seen_build":"2026-10-10T09:58:14Z","last_seen_build":"2026-10-10T09:58:14Z","change_status":"new","change_types":["new"],"changed_since_previous_build":"false","new_in_latest_build":"true","removed_from_latest_build":"false","source_archive_date":"2026-10-10T09:58:14Z","generation_type":"","primary_fuel":"","secondary_fuels":"","plant_role":"","technology":"","installed_capacity_mw":"","operational_status":"","classification_confidence":"","classification_confidence_score":"","classification_method":"","classification_sources":"","classification_notes":"","alternate_names":"","name_ru":"","match_score":"","match_method":"","matched_source_record_ids":"","is_nuclear":"","nuclear_status":"","reactor_count":"","operating_reactor_count":"","reactor_types":"","nuclear_reference_ids":"","radiological_risk":"","substation_type":"","voltage_kv":"","voltage_levels_kv":"","connected_generation_type":"","ecological_risk_category":"","political_significance":"","risk_assessment_status":"","references":[{"reference_id":"ref_4f7ebf91abb9b693","source_id":"russia_oil_power_map","source_name":"Russia Oil & Power Infrastructure Map","source_type":"map_layer","url":"https://russiaoilpowermap.com/data/custom_pins.json","archive_url":"","retrieved_at":"2026-10-10T09:58:14Z","source_record_id":"pin_6aae114e677f47.56714331","source_file":"data/russia_oil_power_infrastructure.csv","source_line_or_record_id":"113817","extractor_version":"unknown","license_or_terms":"unknown","confidence_contribution":"0.82"}]}},{"type":"Feature","id":"infra_c97c1226f425673c","geometry":{"type":"Point","coordinates":[87.277923,53.977569]},"properties":{"uid":"infra_c97c1226f425673c","object_id":"infra_c97c1226f425673c","source":"russia_oil_power_map","source_dataset":"Russia Oil & Power Infrastructure Map","source_id":"russia_oil_power_map","source_record_id":"pin_6aae1159956864.17666213","source_url":"https://russiaoilpowermap.com/data/custom_pins.json","source_capture_date":"2026-10-10T09:58:14Z","source_layer":"custom_pins","source_reference_id":"ref_9c178d37743e6b8a","source_name":"Russia Oil & Power Infrastructure Map","source_type":"map_layer","source_reliability":"B","license_or_terms":"unknown","name":"Railway Bridge","name_en":"","description":"","name_translated":"","description_translated":"","display_label":"Railway Bridge","asset_class":"transport","asset_type":"bridge","asset_subtype":"","domain":"transport","status":"","operator":"","product":"","country":"Russia","country_code":"","country_source":"","countries":["Russia"],"source_country":"Russia","country_match_method":"point_in_boundary","region":"","region_translated":"","subdivision":"","inn":"","is_sanctioned":"","is_mass_director":"","is_mass_founder":"","is_disqualified_persons":"","geometry_type":"Point","latitude":"53.97756900","longitude":"87.27792300","centroid_latitude":"53.97756900","centroid_longitude":"87.27792300","map_latitude":"53.97756900","map_longitude":"87.27792300","start_latitude":"53.977569","start_longitude":"87.277923","end_latitude":"53.977569","end_longitude":"87.277923","coordinate_count":"1","length_km":"","has_point_location":"true","location_quality":"exact","coordinate_precision":"exact","coordinate_source":"","entity_confidence":"high","freshness":"recent","cross_source_support":"1","review_status":"unreviewed","confidence":"A","confidence_grade":"A","confidence_score":"1.00","selectable":"true","map_layer":"transport_other","map_color":"#2a93d5","map_icon":"bridge","risk_flags":"","subcategory":"bridge","transport_functions":"","un_locode":"","locode_country":"","locode_location":"","iata":"","remarks":"","source_date":"","detected_language":"en_or_unknown","translation_source":"","derived_subcategory":"transport_bridge","derived_subcategory_label":"Bridge","derived_subcategory_confidence":"1.0","derived_subcategory_reason":"asset type","possible_duplicate_group":"","search_text":"Railway Bridge Railway Bridge transport bridge transport Russia Oil & Power Infrastructure Map custom_pins Bridge","references_json":"[{\"reference_id\":\"ref_9c178d37743e6b8a\",\"source_id\":\"russia_oil_power_map\",\"source_name\":\"Russia Oil & Power Infrastructure Map\",\"source_type\":\"map_layer\",\"url\":\"https://russiaoilpowermap.com/data/custom_pins.json\",\"archive_url\":\"\",\"retrieved_at\":\"2026-10-10T09:58:14Z\",\"source_record_id\":\"pin_6aae1159956864.17666213\",\"source_file\":\"data/russia_oil_power_infrastructure.csv\",\"source_line_or_record_id\":\"113818\",\"extractor_version\":\"unknown\",\"license_or_terms\":\"unknown\",\"confidence_contribution\":\"0.82\"}]","first_seen_build":"2026-10-10T09:58:14Z","last_seen_build":"2026-10-10T09:58:14Z","change_status":"new","change_types":["new"],"changed_since_previous_build":"false","new_in_latest_build":"true","removed_from_latest_build":"false","source_archive_date":"2026-10-10T09:58:14Z","generation_type":"","primary_fuel":"","secondary_fuels":"","plant_role":"","technology":"","installed_capacity_mw":"","operational_status":"","classification_confidence":"","classification_confidence_score":"","classification_method":"","classification_sources":"","classification_notes":"","alternate_names":"","name_ru":"","match_score":"","match_method":"","matched_source_record_ids":"","is_nuclear":"","nuclear_status":"","reactor_count":"","operating_reactor_count":"","reactor_types":"","nuclear_reference_ids":"","radiological_risk":"","substation_type":"","voltage_kv":"","voltage_levels_kv":"","connected_generation_type":"","ecological_risk_category":"","political_significance":"","risk_assessment_status":"","references":[{"reference_id":"ref_9c178d37743e6b8a","source_id":"russia_oil_power_map","source_name":"Russia Oil & Power Infrastructure Map","source_type":"map_layer","url":"https://russiaoilpowermap.com/data/custom_pins.json","archive_url":"","retrieved_at":"2026-10-10T09:58:14Z","source_record_id":"pin_6aae1159956864.17666213","source_file":"data/russia_oil_power_infrastructure.csv","source_line_or_record_id":"113818","extractor_version":"unknown","license_or_terms":"unknown","confidence_contribution":"0.82"}]}},{"type":"Feature","id":"infra_ed0febf1b2ba2ef3","geometry":{"type":"Point","coordinates":[81.362965,53.7924]},"properties":{"uid":"infra_ed0febf1b2ba2ef3","object_id":"infra_ed0febf1b2ba2ef3","source":"russia_oil_power_map","source_dataset":"Russia Oil & Power Infrastructure Map","source_id":"russia_oil_power_map","source_record_id":"pin_6aae11ebb64889.65001597","source_url":"https://russiaoilpowermap.com/data/custom_pins.json","source_capture_date":"2026-10-10T09:58:14Z","source_layer":"custom_pins","source_reference_id":"ref_4c26e4ebab2a580c","source_name":"Russia Oil & Power Infrastructure Map","source_type":"map_layer","source_reliability":"B","license_or_terms":"unknown","name":"Railway Bridge","name_en":"","description":"","name_translated":"","description_translated":"","display_label":"Railway Bridge","asset_class":"transport","asset_type":"bridge","asset_subtype":"","domain":"transport","status":"","operator":"","product":"","country":"Russia","country_code":"","country_source":"","countries":["Russia"],"source_country":"Russia","country_match_method":"point_in_boundary","region":"","region_translated":"","subdivision":"","inn":"","is_sanctioned":"","is_mass_director":"","is_mass_founder":"","is_disqualified_persons":"","geometry_type":"Point","latitude":"53.79240000","longitude":"81.36296500","centroid_latitude":"53.79240000","centroid_longitude":"81.36296500","map_latitude":"53.79240000","map_longitude":"81.36296500","start_latitude":"53.7924","start_longitude":"81.362965","end_latitude":"53.7924","end_longitude":"81.362965","coordinate_count":"1","length_km":"","has_point_location":"true","location_quality":"exact","coordinate_precision":"exact","coordinate_source":"","entity_confidence":"high","freshness":"recent","cross_source_support":"1","review_status":"unreviewed","confidence":"A","confidence_grade":"A","confidence_score":"1.00","selectable":"true","map_layer":"transport_other","map_color":"#2a93d5","map_icon":"bridge","risk_flags":"","subcategory":"bridge","transport_functions":"","un_locode":"","locode_country":"","locode_location":"","iata":"","remarks":"","source_date":"","detected_language":"en_or_unknown","translation_source":"","derived_subcategory":"transport_bridge","derived_subcategory_label":"Bridge","derived_subcategory_confidence":"1.0","derived_subcategory_reason":"asset type","possible_duplicate_group":"","search_text":"Railway Bridge Railway Bridge transport bridge transport Russia Oil & Power Infrastructure Map custom_pins Bridge","references_json":"[{\"reference_id\":\"ref_4c26e4ebab2a580c\",\"source_id\":\"russia_oil_power_map\",\"source_name\":\"Russia Oil & Power Infrastructure Map\",\"source_type\":\"map_layer\",\"url\":\"https://russiaoilpowermap.com/data/custom_pins.json\",\"archive_url\":\"\",\"retrieved_at\":\"2026-10-10T09:58:14Z\",\"source_record_id\":\"pin_6aae11ebb64889.65001597\",\"source_file\":\"data/russia_oil_power_infrastructure.csv\",\"source_line_or_record_id\":\"113820\",\"extractor_version\":\"unknown\",\"license_or_terms\":\"unknown\",\"confidence_contribution\":\"0.82\"}]","first_seen_build":"2026-10-10T09:58:14Z","last_seen_build":"2026-10-10T09:58:14Z","change_status":"new","change_types":["new"],"changed_since_previous_build":"false","new_in_latest_build":"true","removed_from_latest_build":"false","source_archive_date":"2026-10-10T09:58:14Z","generation_type":"","primary_fuel":"","secondary_fuels":"","plant_role":"","technology":"","installed_capacity_mw":"","operational_status":"","classification_confidence":"","classification_confidence_score":"","classification_method":"","classification_sources":"","classification_notes":"","alternate_names":"","name_ru":"","match_score":"","match_method":"","matched_source_record_ids":"","is_nuclear":"","nuclear_status":"","reactor_count":"","operating_reactor_count":"","reactor_types":"","nuclear_reference_ids":"","radiological_risk":"","substation_type":"","voltage_kv":"","voltage_levels_kv":"","connected_generation_type":"","ecological_risk_category":"","political_significance":"","risk_assessment_status":"","references":[{"reference_id":"ref_4c26e4ebab2a580c","source_id":"russia_oil_power_map","source_name":"Russia Oil & Power Infrastructure Map","source_type":"map_layer","url":"https://russiaoilpowermap.com/data/custom_pins.json","archive_url":"","retrieved_at":"2026-10-10T09:58:14Z","source_record_id":"pin_6aae11ebb64889.65001597","source_file":"data/russia_oil_power_infrastructure.csv","source_line_or_record_id":"113820","extractor_version":"unknown","license_or_terms":"unknown","confidence_contribution":"0.82"}]}},{"type":"Feature","id":"infra_f6059daf718b9723","geometry":{"type":"Point","coordinates":[78.020284,53.758391]},"properties":{"uid":"infra_f6059daf718b9723","object_id":"infra_f6059daf718b9723","source":"russia_oil_power_map","source_dataset":"Russia Oil & Power Infrastructure Map","source_id":"russia_oil_power_map","source_record_id":"pin_6aae1200d4d491.53105164","source_url":"https://russiaoilpowermap.com/data/custom_pins.json","source_capture_date":"2026-10-10T09:58:14Z","source_layer":"custom_pins","source_reference_id":"ref_d5b0a3607e223215","source_name":"Russia Oil & Power Infrastructure Map","source_type":"map_layer","source_reliability":"B","license_or_terms":"unknown","name":"Railway Bridge","name_en":"","description":"","name_translated":"","description_translated":"","display_label":"Railway Bridge","asset_class":"transport","asset_type":"bridge","asset_subtype":"","domain":"transport","status":"","operator":"","product":"","country":"Russia","country_code":"","country_source":"","countries":["Russia"],"source_country":"Russia","country_match_method":"point_in_boundary","region":"","region_translated":"","subdivision":"","inn":"","is_sanctioned":"","is_mass_director":"","is_mass_founder":"","is_disqualified_persons":"","geometry_type":"Point","latitude":"53.75839100","longitude":"78.02028400","centroid_latitude":"53.75839100","centroid_longitude":"78.02028400","map_latitude":"53.75839100","map_longitude":"78.02028400","start_latitude":"53.758391","start_longitude":"78.020284","end_latitude":"53.758391","end_longitude":"78.020284","coordinate_count":"1","length_km":"","has_point_location":"true","location_quality":"exact","coordinate_precision":"exact","coordinate_source":"","entity_confidence":"high","freshness":"recent","cross_source_support":"1","review_status":"unreviewed","confidence":"A","confidence_grade":"A","confidence_score":"1.00","selectable":"true","map_layer":"transport_other","map_color":"#2a93d5","map_icon":"bridge","risk_flags":"","subcategory":"bridge","transport_functions":"","un_locode":"","locode_country":"","locode_location":"","iata":"","remarks":"","source_date":"","detected_language":"en_or_unknown","translation_source":"","derived_subcategory":"transport_bridge","derived_subcategory_label":"Bridge","derived_subcategory_confidence":"1.0","derived_subcategory_reason":"asset type","possible_duplicate_group":"","search_text":"Railway Bridge Railway Bridge transport bridge transport Russia Oil & Power Infrastructure Map custom_pins Bridge","references_json":"[{\"reference_id\":\"ref_d5b0a3607e223215\",\"source_id\":\"russia_oil_power_map\",\"source_name\":\"Russia Oil & Power Infrastructure Map\",\"source_type\":\"map_layer\",\"url\":\"https://russiaoilpowermap.com/data/custom_pins.json\",\"archive_url\":\"\",\"retrieved_at\":\"2026-10-10T09:58:14Z\",\"source_record_id\":\"pin_6aae1200d4d491.53105164\",\"source_file\":\"data/russia_oil_power_infrastructure.csv\",\"source_line_or_record_id\":\"113821\",\"extractor_version\":\"unknown\",\"license_or_terms\":\"unknown\",\"confidence_contribution\":\"0.82\"}]","first_seen_build":"2026-10-10T09:58:14Z","last_seen_build":"2026-10-10T09:58:14Z","change_status":"new","change_types":["new"],"changed_since_previous_build":"false","new_in_latest_build":"true","removed_from_latest_build":"false","source_archive_date":"2026-10-10T09:58:14Z","generation_type":"","primary_fuel":"","secondary_fuels":"","plant_role":"","technology":"","installed_capacity_mw":"","operational_status":"","classification_confidence":"","classification_confidence_score":"","classification_method":"","classification_sources":"","classification_notes":"","alternate_names":"","name_ru":"","match_score":"","match_method":"","matched_source_record_ids":"","is_nuclear":"","nuclear_status":"","reactor_count":"","operating_reactor_count":"","reactor_types":"","nuclear_reference_ids":"","radiological_risk":"","substation_type":"","voltage_kv":"","voltage_levels_kv":"","connected_generation_type":"","ecological_risk_category":"","political_significance":"","risk_assessment_status":"","references":[{"reference_id":"ref_d5b0a3607e223215","source_id":"russia_oil_power_map","source_name":"Russia Oil & Power Infrastructure Map","source_type":"map_layer","url":"https://russiaoilpowermap.com/data/custom_pins.json","archive_url":"","retrieved_at":"2026-10-10T09:58:14Z","source_record_id":"pin_6aae1200d4d491.53105164","source_file":"data/russia_oil_power_infrastructure.csv","source_line_or_record_id":"113821","extractor_version":"unknown","license_or_terms":"unknown","confidence_contribution":"0.82"}]}},{"type":"Feature","id":"infra_777d59192021d0f2","geometry":{"type":"Point","coordinates":[82.982225,54.959581]},"properties":{"uid":"infra_777d59192021d0f2","object_id":"infra_777d59192021d0f2","source":"russia_oil_power_map","source_dataset":"Russia Oil & Power Infrastructure Map","source_id":"russia_oil_power_map","source_record_id":"pin_6aae1216281607.23588533","source_url":"https://russiaoilpowermap.com/data/custom_pins.json","source_capture_date":"2026-10-10T09:58:14Z","source_layer":"custom_pins","source_reference_id":"ref_3cd344e097c02cef","source_name":"Russia Oil & Power Infrastructure Map","source_type":"map_layer","source_reliability":"B","license_or_terms":"unknown","name":"Railway Bridge","name_en":"","description":"","name_translated":"","description_translated":"","display_label":"Railway Bridge","asset_class":"transport","asset_type":"bridge","asset_subtype":"","domain":"transport","status":"","operator":"","product":"","country":"Russia","country_code":"","country_source":"","countries":["Russia"],"source_country":"Russia","country_match_method":"point_in_boundary","region":"","region_translated":"","subdivision":"","inn":"","is_sanctioned":"","is_mass_director":"","is_mass_founder":"","is_disqualified_persons":"","geometry_type":"Point","latitude":"54.95958100","longitude":"82.98222500","centroid_latitude":"54.95958100","centroid_longitude":"82.98222500","map_latitude":"54.95958100","map_longitude":"82.98222500","start_latitude":"54.959581","start_longitude":"82.982225","end_latitude":"54.959581","end_longitude":"82.982225","coordinate_count":"1","length_km":"","has_point_location":"true","location_quality":"exact","coordinate_precision":"exact","coordinate_source":"","entity_confidence":"high","freshness":"recent","cross_source_support":"1","review_status":"unreviewed","confidence":"A","confidence_grade":"A","confidence_score":"1.00","selectable":"true","map_layer":"transport_other","map_color":"#2a93d5","map_icon":"bridge","risk_flags":"","subcategory":"bridge","transport_functions":"","un_locode":"","locode_country":"","locode_location":"","iata":"","remarks":"","source_date":"","detected_language":"en_or_unknown","translation_source":"","derived_subcategory":"transport_bridge","derived_subcategory_label":"Bridge","derived_subcategory_confidence":"1.0","derived_subcategory_reason":"asset type","possible_duplicate_group":"","search_text":"Railway Bridge Railway Bridge transport bridge transport Russia Oil & Power Infrastructure Map custom_pins Bridge","references_json":"[{\"reference_id\":\"ref_3cd344e097c02cef\",\"source_id\":\"russia_oil_power_map\",\"source_name\":\"Russia Oil & Power Infrastructure Map\",\"source_type\":\"map_layer\",\"url\":\"https://russiaoilpowermap.com/data/custom_pins.json\",\"archive_url\":\"\",\"retrieved_at\":\"2026-10-10T09:58:14Z\",\"source_record_id\":\"pin_6aae1216281607.23588533\",\"source_file\":\"data/russia_oil_power_infrastructure.csv\",\"source_line_or_record_id\":\"113822\",\"extractor_version\":\"unknown\",\"license_or_terms\":\"unknown\",\"confidence_contribution\":\"0.82\"}]","first_seen_build":"2026-10-10T09:58:14Z","last_seen_build":"2026-10-10T09:58:14Z","change_status":"new","change_types":["new"],"changed_since_previous_build":"false","new_in_latest_build":"true","removed_from_latest_build":"false","source_archive_date":"2026-10-10T09:58:14Z","generation_type":"","primary_fuel":"","secondary_fuels":"","plant_role":"","technology":"","installed_capacity_mw":"","operational_status":"","classification_confidence":"","classification_confidence_score":"","classification_method":"","classification_sources":"","classification_notes":"","alternate_names":"","name_ru":"","match_score":"","match_method":"","matched_source_record_ids":"","is_nuclear":"","nuclear_status":"","reactor_count":"","operating_reactor_count":"","reactor_types":"","nuclear_reference_ids":"","radiological_risk":"","substation_type":"","voltage_kv":"","voltage_levels_kv":"","connected_generation_type":"","ecological_risk_category":"","political_significance":"","risk_assessment_status":"","references":[{"reference_id":"ref_3cd344e097c02cef","source_id":"russia_oil_power_map","source_name":"Russia Oil & Power Infrastructure Map","source_type":"map_layer","url":"https://russiaoilpowermap.com/data/custom_pins.json","archive_url":"","retrieved_at":"2026-10-10T09:58:14Z","source_record_id":"pin_6aae1216281607.23588533","source_file":"data/russia_oil_power_infrastructure.csv","source_line_or_record_id":"113822","extractor_version":"unknown","license_or_terms":"unknown","confidence_contribution":"0.82"}]}},{"type":"Feature","id":"infra_fc92c2a8e5f1ff67","geometry":{"type":"Point","coordinates":[82.918453,55.010308]},"properties":{"uid":"infra_fc92c2a8e5f1ff67","object_id":"infra_fc92c2a8e5f1ff67","source":"russia_oil_power_map","source_dataset":"Russia Oil & Power Infrastructure Map","source_id":"russia_oil_power_map","source_record_id":"pin_6aae121c37ef57.77709861","source_url":"https://russiaoilpowermap.com/data/custom_pins.json","source_capture_date":"2026-10-10T09:58:14Z","source_layer":"custom_pins","source_reference_id":"ref_dc5db9d8ff088cbc","source_name":"Russia Oil & Power Infrastructure Map","source_type":"map_layer","source_reliability":"B","license_or_terms":"unknown","name":"Railway Bridge","name_en":"","description":"","name_translated":"","description_translated":"","display_label":"Railway Bridge","asset_class":"transport","asset_type":"bridge","asset_subtype":"","domain":"transport","status":"","operator":"","product":"","country":"Russia","country_code":"","country_source":"","countries":["Russia"],"source_country":"Russia","country_match_method":"point_in_boundary","region":"","region_translated":"","subdivision":"","inn":"","is_sanctioned":"","is_mass_director":"","is_mass_founder":"","is_disqualified_persons":"","geometry_type":"Point","latitude":"55.01030800","longitude":"82.91845300","centroid_latitude":"55.01030800","centroid_longitude":"82.91845300","map_latitude":"55.01030800","map_longitude":"82.91845300","start_latitude":"55.010308","start_longitude":"82.918453","end_latitude":"55.010308","end_longitude":"82.918453","coordinate_count":"1","length_km":"","has_point_location":"true","location_quality":"exact","coordinate_precision":"exact","coordinate_source":"","entity_confidence":"high","freshness":"recent","cross_source_support":"1","review_status":"unreviewed","confidence":"A","confidence_grade":"A","confidence_score":"1.00","selectable":"true","map_layer":"transport_other","map_color":"#2a93d5","map_icon":"bridge","risk_flags":"","subcategory":"bridge","transport_functions":"","un_locode":"","locode_country":"","locode_location":"","iata":"","remarks":"","source_date":"","detected_language":"en_or_unknown","translation_source":"","derived_subcategory":"transport_bridge","derived_subcategory_label":"Bridge","derived_subcategory_confidence":"1.0","derived_subcategory_reason":"asset type","possible_duplicate_group":"","search_text":"Railway Bridge Railway Bridge transport bridge transport Russia Oil & Power Infrastructure Map custom_pins Bridge","references_json":"[{\"reference_id\":\"ref_dc5db9d8ff088cbc\",\"source_id\":\"russia_oil_power_map\",\"source_name\":\"Russia Oil & Power Infrastructure Map\",\"source_type\":\"map_layer\",\"url\":\"https://russiaoilpowermap.com/data/custom_pins.json\",\"archive_url\":\"\",\"retrieved_at\":\"2026-10-10T09:58:14Z\",\"source_record_id\":\"pin_6aae121c37ef57.77709861\",\"source_file\":\"data/russia_oil_power_infrastructure.csv\",\"source_line_or_record_id\":\"113823\",\"extractor_version\":\"unknown\",\"license_or_terms\":\"unknown\",\"confidence_contribution\":\"0.82\"}]","first_seen_build":"2026-10-10T09:58:14Z","last_seen_build":"2026-10-10T09:58:14Z","change_status":"new","change_types":["new"],"changed_since_previous_build":"false","new_in_latest_build":"true","removed_from_latest_build":"false","source_archive_date":"2026-10-10T09:58:14Z","generation_type":"","primary_fuel":"","secondary_fuels":"","plant_role":"","technology":"","installed_capacity_mw":"","operational_status":"","classification_confidence":"","classification_confidence_score":"","classification_method":"","classification_sources":"","classification_notes":"","alternate_names":"","name_ru":"","match_score":"","match_method":"","matched_source_record_ids":"","is_nuclear":"","nuclear_status":"","reactor_count":"","operating_reactor_count":"","reactor_types":"","nuclear_reference_ids":"","radiological_risk":"","substation_type":"","voltage_kv":"","voltage_levels_kv":"","connected_generation_type":"","ecological_risk_category":"","political_significance":"","risk_assessment_status":"","references":[{"reference_id":"ref_dc5db9d8ff088cbc","source_id":"russia_oil_power_map","source_name":"Russia Oil & Power Infrastructure Map","source_type":"map_layer","url":"https://russiaoilpowermap.com/data/custom_pins.json","archive_url":"","retrieved_at":"2026-10-10T09:58:14Z","source_record_id":"pin_6aae121c37ef57.77709861","source_file":"data/russia_oil_power_infrastructure.csv","source_line_or_record_id":"113823","extractor_version":"unknown","license_or_terms":"unknown","confidence_contribution":"0.82"}]}},{"type":"Feature","id":"infra_cd53b730321cce96","geometry":{"type":"Point","coordinates":[73.350735,54.933158]},"properties":{"uid":"infra_cd53b730321cce96","object_id":"infra_cd53b730321cce96","source":"russia_oil_power_map","source_dataset":"Russia Oil & Power Infrastructure Map","source_id":"russia_oil_power_map","source_record_id":"pin_6aae125a317a97.82381874","source_url":"https://russiaoilpowermap.com/data/custom_pins.json","source_capture_date":"2026-10-10T09:58:14Z","source_layer":"custom_pins","source_reference_id":"ref_b3c57f971eaa4519","source_name":"Russia Oil & Power Infrastructure Map","source_type":"map_layer","source_reliability":"B","license_or_terms":"unknown","name":"Railway Bridge","name_en":"","description":"","name_translated":"","description_translated":"","display_label":"Railway Bridge","asset_class":"transport","asset_type":"bridge","asset_subtype":"","domain":"transport","status":"","operator":"","product":"","country":"Russia","country_code":"","country_source":"","countries":["Russia"],"source_country":"Russia","country_match_method":"point_in_boundary","region":"","region_translated":"","subdivision":"","inn":"","is_sanctioned":"","is_mass_director":"","is_mass_founder":"","is_disqualified_persons":"","geometry_type":"Point","latitude":"54.93315800","longitude":"73.35073500","centroid_latitude":"54.93315800","centroid_longitude":"73.35073500","map_latitude":"54.93315800","map_longitude":"73.35073500","start_latitude":"54.933158","start_longitude":"73.350735","end_latitude":"54.933158","end_longitude":"73.350735","coordinate_count":"1","length_km":"","has_point_location":"true","location_quality":"exact","coordinate_precision":"exact","coordinate_source":"","entity_confidence":"high","freshness":"recent","cross_source_support":"1","review_status":"unreviewed","confidence":"A","confidence_grade":"A","confidence_score":"1.00","selectable":"true","map_layer":"transport_other","map_color":"#2a93d5","map_icon":"bridge","risk_flags":"","subcategory":"bridge","transport_functions":"","un_locode":"","locode_country":"","locode_location":"","iata":"","remarks":"","source_date":"","detected_language":"en_or_unknown","translation_source":"","derived_subcategory":"transport_bridge","derived_subcategory_label":"Bridge","derived_subcategory_confidence":"1.0","derived_subcategory_reason":"asset type","possible_duplicate_group":"","search_text":"Railway Bridge Railway Bridge transport bridge transport Russia Oil & Power Infrastructure Map custom_pins Bridge","references_json":"[{\"reference_id\":\"ref_b3c57f971eaa4519\",\"source_id\":\"russia_oil_power_map\",\"source_name\":\"Russia Oil & Power Infrastructure Map\",\"source_type\":\"map_layer\",\"url\":\"https://russiaoilpowermap.com/data/custom_pins.json\",\"archive_url\":\"\",\"retrieved_at\":\"2026-10-10T09:58:14Z\",\"source_record_id\":\"pin_6aae125a317a97.82381874\",\"source_file\":\"data/russia_oil_power_infrastructure.csv\",\"source_line_or_record_id\":\"113824\",\"extractor_version\":\"unknown\",\"license_or_terms\":\"unknown\",\"confidence_contribution\":\"0.82\"}]","first_seen_build":"2026-10-10T09:58:14Z","last_seen_build":"2026-10-10T09:58:14Z","change_status":"new","change_types":["new"],"changed_since_previous_build":"false","new_in_latest_build":"true","removed_from_latest_build":"false","source_archive_date":"2026-10-10T09:58:14Z","generation_type":"","primary_fuel":"","secondary_fuels":"","plant_role":"","technology":"","installed_capacity_mw":"","operational_status":"","classification_confidence":"","classification_confidence_score":"","classification_method":"","classification_sources":"","classification_notes":"","alternate_names":"","name_ru":"","match_score":"","match_method":"","matched_source_record_ids":"","is_nuclear":"","nuclear_status":"","reactor_count":"","operating_reactor_count":"","reactor_types":"","nuclear_reference_ids":"","radiological_risk":"","substation_type":"","voltage_kv":"","voltage_levels_kv":"","connected_generation_type":"","ecological_risk_category":"","political_significance":"","risk_assessment_status":"","references":[{"reference_id":"ref_b3c57f971eaa4519","source_id":"russia_oil_power_map","source_name":"Russia Oil & Power Infrastructure Map","source_type":"map_layer","url":"https://russiaoilpowermap.com/data/custom_pins.json","archive_url":"","retrieved_at":"2026-10-10T09:58:14Z","source_record_id":"pin_6aae125a317a97.82381874","source_file":"data/russia_oil_power_infrastructure.csv","source_line_or_record_id":"113824","extractor_version":"unknown","license_or_terms":"unknown","confidence_contribution":"0.82"}]}},{"type":"Feature","id":"infra_6eeb8e41da3e3c41","geometry":{"type":"Point","coordinates":[75.045569,53.88976]},"properties":{"uid":"infra_6eeb8e41da3e3c41","object_id":"infra_6eeb8e41da3e3c41","source":"russia_oil_power_map","source_dataset":"Russia Oil & Power Infrastructure Map","source_id":"russia_oil_power_map","source_record_id":"pin_6aae126db10635.89566999","source_url":"https://russiaoilpowermap.com/data/custom_pins.json","source_capture_date":"2026-10-10T09:58:14Z","source_layer":"custom_pins","source_reference_id":"ref_a48a443a0a1252f7","source_name":"Russia Oil & Power Infrastructure Map","source_type":"map_layer","source_reliability":"B","license_or_terms":"unknown","name":"Railway Bridge","name_en":"","description":"","name_translated":"","description_translated":"","display_label":"Railway Bridge","asset_class":"transport","asset_type":"bridge","asset_subtype":"","domain":"transport","status":"","operator":"","product":"","country":"Russia","country_code":"","country_source":"","countries":["Russia"],"source_country":"Russia","country_match_method":"point_in_boundary","region":"","region_translated":"","subdivision":"","inn":"","is_sanctioned":"","is_mass_director":"","is_mass_founder":"","is_disqualified_persons":"","geometry_type":"Point","latitude":"53.88976000","longitude":"75.04556900","centroid_latitude":"53.88976000","centroid_longitude":"75.04556900","map_latitude":"53.88976000","map_longitude":"75.04556900","start_latitude":"53.88976","start_longitude":"75.045569","end_latitude":"53.88976","end_longitude":"75.045569","coordinate_count":"1","length_km":"","has_point_location":"true","location_quality":"exact","coordinate_precision":"exact","coordinate_source":"","entity_confidence":"high","freshness":"recent","cross_source_support":"1","review_status":"unreviewed","confidence":"A","confidence_grade":"A","confidence_score":"1.00","selectable":"true","map_layer":"transport_other","map_color":"#2a93d5","map_icon":"bridge","risk_flags":"","subcategory":"bridge","transport_functions":"","un_locode":"","locode_country":"","locode_location":"","iata":"","remarks":"","source_date":"","detected_language":"en_or_unknown","translation_source":"","derived_subcategory":"transport_bridge","derived_subcategory_label":"Bridge","derived_subcategory_confidence":"1.0","derived_subcategory_reason":"asset type","possible_duplicate_group":"","search_text":"Railway Bridge Railway Bridge transport bridge transport Russia Oil & Power Infrastructure Map custom_pins Bridge","references_json":"[{\"reference_id\":\"ref_a48a443a0a1252f7\",\"source_id\":\"russia_oil_power_map\",\"source_name\":\"Russia Oil & Power Infrastructure Map\",\"source_type\":\"map_layer\",\"url\":\"https://russiaoilpowermap.com/data/custom_pins.json\",\"archive_url\":\"\",\"retrieved_at\":\"2026-10-10T09:58:14Z\",\"source_record_id\":\"pin_6aae126db10635.89566999\",\"source_file\":\"data/russia_oil_power_infrastructure.csv\",\"source_line_or_record_id\":\"113825\",\"extractor_version\":\"unknown\",\"license_or_terms\":\"unknown\",\"confidence_contribution\":\"0.82\"}]","first_seen_build":"2026-10-10T09:58:14Z","last_seen_build":"2026-10-10T09:58:14Z","change_status":"new","change_types":["new"],"changed_since_previous_build":"false","new_in_latest_build":"true","removed_from_latest_build":"false","source_archive_date":"2026-10-10T09:58:14Z","generation_type":"","primary_fuel":"","secondary_fuels":"","plant_role":"","technology":"","installed_capacity_mw":"","operational_status":"","classification_confidence":"","classification_confidence_score":"","classification_method":"","classification_sources":"","classification_notes":"","alternate_names":"","name_ru":"","match_score":"","match_method":"","matched_source_record_ids":"","is_nuclear":"","nuclear_status":"","reactor_count":"","operating_reactor_count":"","reactor_types":"","nuclear_reference_ids":"","radiological_risk":"","substation_type":"","voltage_kv":"","voltage_levels_kv":"","connected_generation_type":"","ecological_risk_category":"","political_significance":"","risk_assessment_status":"","references":[{"reference_id":"ref_a48a443a0a1252f7","source_id":"russia_oil_power_map","source_name":"Russia Oil & Power Infrastructure Map","source_type":"map_layer","url":"https://russiaoilpowermap.com/data/custom_pins.json","archive_url":"","retrieved_at":"2026-10-10T09:58:14Z","source_record_id":"pin_6aae126db10635.89566999","source_file":"data/russia_oil_power_infrastructure.csv","source_line_or_record_id":"113825","extractor_version":"unknown","license_or_terms":"unknown","confidence_contribution":"0.82"}]}},{"type":"Feature","id":"infra_4e28f916ec7cb917","geometry":{"type":"Point","coordinates":[66.344354,56.654375]},"properties":{"uid":"infra_4e28f916ec7cb917","object_id":"infra_4e28f916ec7cb917","source":"russia_oil_power_map","source_dataset":"Russia Oil & Power Infrastructure Map","source_id":"russia_oil_power_map","source_record_id":"pin_6aae1282ad6214.39183654","source_url":"https://russiaoilpowermap.com/data/custom_pins.json","source_capture_date":"2026-10-10T09:58:14Z","source_layer":"custom_pins","source_reference_id":"ref_ce51af19164c1d5d","source_name":"Russia Oil & Power Infrastructure Map","source_type":"map_layer","source_reliability":"B","license_or_terms":"unknown","name":"Railway Bridge","name_en":"","description":"","name_translated":"","description_translated":"","display_label":"Railway Bridge","asset_class":"transport","asset_type":"bridge","asset_subtype":"","domain":"transport","status":"","operator":"","product":"","country":"Russia","country_code":"","country_source":"","countries":["Russia"],"source_country":"Russia","country_match_method":"point_in_boundary","region":"","region_translated":"","subdivision":"","inn":"","is_sanctioned":"","is_mass_director":"","is_mass_founder":"","is_disqualified_persons":"","geometry_type":"Point","latitude":"56.65437500","longitude":"66.34435400","centroid_latitude":"56.65437500","centroid_longitude":"66.34435400","map_latitude":"56.65437500","map_longitude":"66.34435400","start_latitude":"56.654375","start_longitude":"66.344354","end_latitude":"56.654375","end_longitude":"66.344354","coordinate_count":"1","length_km":"","has_point_location":"true","location_quality":"exact","coordinate_precision":"exact","coordinate_source":"","entity_confidence":"high","freshness":"recent","cross_source_support":"1","review_status":"unreviewed","confidence":"A","confidence_grade":"A","confidence_score":"1.00","selectable":"true","map_layer":"transport_other","map_color":"#2a93d5","map_icon":"bridge","risk_flags":"","subcategory":"bridge","transport_functions":"","un_locode":"","locode_country":"","locode_location":"","iata":"","remarks":"","source_date":"","detected_language":"en_or_unknown","translation_source":"","derived_subcategory":"transport_bridge","derived_subcategory_label":"Bridge","derived_subcategory_confidence":"1.0","derived_subcategory_reason":"asset type","possible_duplicate_group":"","search_text":"Railway Bridge Railway Bridge transport bridge transport Russia Oil & Power Infrastructure Map custom_pins Bridge","references_json":"[{\"reference_id\":\"ref_ce51af19164c1d5d\",\"source_id\":\"russia_oil_power_map\",\"source_name\":\"Russia Oil & Power Infrastructure Map\",\"source_type\":\"map_layer\",\"url\":\"https://russiaoilpowermap.com/data/custom_pins.json\",\"archive_url\":\"\",\"retrieved_at\":\"2026-10-10T09:58:14Z\",\"source_record_id\":\"pin_6aae1282ad6214.39183654\",\"source_file\":\"data/russia_oil_power_infrastructure.csv\",\"source_line_or_record_id\":\"113826\",\"extractor_version\":\"unknown\",\"license_or_terms\":\"unknown\",\"confidence_contribution\":\"0.82\"}]","first_seen_build":"2026-10-10T09:58:14Z","last_seen_build":"2026-10-10T09:58:14Z","change_status":"new","change_types":["new"],"changed_since_previous_build":"false","new_in_latest_build":"true","removed_from_latest_build":"false","source_archive_date":"2026-10-10T09:58:14Z","generation_type":"","primary_fuel":"","secondary_fuels":"","plant_role":"","technology":"","installed_capacity_mw":"","operational_status":"","classification_confidence":"","classification_confidence_score":"","classification_method":"","classification_sources":"","classification_notes":"","alternate_names":"","name_ru":"","match_score":"","match_method":"","matched_source_record_ids":"","is_nuclear":"","nuclear_status":"","reactor_count":"","operating_reactor_count":"","reactor_types":"","nuclear_reference_ids":"","radiological_risk":"","substation_type":"","voltage_kv":"","voltage_levels_kv":"","connected_generation_type":"","ecological_risk_category":"","political_significance":"","risk_assessment_status":"","references":[{"reference_id":"ref_ce51af19164c1d5d","source_id":"russia_oil_power_map","source_name":"Russia Oil & Power Infrastructure Map","source_type":"map_layer","url":"https://russiaoilpowermap.com/data/custom_pins.json","archive_url":"","retrieved_at":"2026-10-10T09:58:14Z","source_record_id":"pin_6aae1282ad6214.39183654","source_file":"data/russia_oil_power_infrastructure.csv","source_line_or_record_id":"113826","extractor_version":"unknown","license_or_terms":"unknown","confidence_contribution":"0.82"}]}},{"type":"Feature","id":"infra_5dbf8d45ba6501ed","geometry":{"type":"Point","coordinates":[67.203037,57.807159]},"properties":{"uid":"infra_5dbf8d45ba6501ed","object_id":"infra_5dbf8d45ba6501ed","source":"russia_oil_power_map","source_dataset":"Russia Oil & Power Infrastructure Map","source_id":"russia_oil_power_map","source_record_id":"pin_6aae1293d70d89.75914412","source_url":"https://russiaoilpowermap.com/data/custom_pins.json","source_capture_date":"2026-10-10T09:58:14Z","source_layer":"custom_pins","source_reference_id":"ref_8fae59737eec37b4","source_name":"Russia Oil & Power Infrastructure Map","source_type":"map_layer","source_reliability":"B","license_or_terms":"unknown","name":"Railway Bridge","name_en":"","description":"","name_translated":"","description_translated":"","display_label":"Railway Bridge","asset_class":"transport","asset_type":"bridge","asset_subtype":"","domain":"transport","status":"","operator":"","product":"","country":"Russia","country_code":"","country_source":"","countries":["Russia"],"source_country":"Russia","country_match_method":"point_in_boundary","region":"","region_translated":"","subdivision":"","inn":"","is_sanctioned":"","is_mass_director":"","is_mass_founder":"","is_disqualified_persons":"","geometry_type":"Point","latitude":"57.80715900","longitude":"67.20303700","centroid_latitude":"57.80715900","centroid_longitude":"67.20303700","map_latitude":"57.80715900","map_longitude":"67.20303700","start_latitude":"57.807159","start_longitude":"67.203037","end_latitude":"57.807159","end_longitude":"67.203037","coordinate_count":"1","length_km":"","has_point_location":"true","location_quality":"exact","coordinate_precision":"exact","coordinate_source":"","entity_confidence":"high","freshness":"recent","cross_source_support":"1","review_status":"unreviewed","confidence":"A","confidence_grade":"A","confidence_score":"1.00","selectable":"true","map_layer":"transport_other","map_color":"#2a93d5","map_icon":"bridge","risk_flags":"","subcategory":"bridge","transport_functions":"","un_locode":"","locode_country":"","locode_location":"","iata":"","remarks":"","source_date":"","detected_language":"en_or_unknown","translation_source":"","derived_subcategory":"transport_bridge","derived_subcategory_label":"Bridge","derived_subcategory_confidence":"1.0","derived_subcategory_reason":"asset type","possible_duplicate_group":"","search_text":"Railway Bridge Railway Bridge transport bridge transport Russia Oil & Power Infrastructure Map custom_pins Bridge","references_json":"[{\"reference_id\":\"ref_8fae59737eec37b4\",\"source_id\":\"russia_oil_power_map\",\"source_name\":\"Russia Oil & Power Infrastructure Map\",\"source_type\":\"map_layer\",\"url\":\"https://russiaoilpowermap.com/data/custom_pins.json\",\"archive_url\":\"\",\"retrieved_at\":\"2026-10-10T09:58:14Z\",\"source_record_id\":\"pin_6aae1293d70d89.75914412\",\"source_file\":\"data/russia_oil_power_infrastructure.csv\",\"source_line_or_record_id\":\"113827\",\"extractor_version\":\"unknown\",\"license_or_terms\":\"unknown\",\"confidence_contribution\":\"0.82\"}]","first_seen_build":"2026-10-10T09:58:14Z","last_seen_build":"2026-10-10T09:58:14Z","change_status":"new","change_types":["new"],"changed_since_previous_build":"false","new_in_latest_build":"true","removed_from_latest_build":"false","source_archive_date":"2026-10-10T09:58:14Z","generation_type":"","primary_fuel":"","secondary_fuels":"","plant_role":"","technology":"","installed_capacity_mw":"","operational_status":"","classification_confidence":"","classification_confidence_score":"","classification_method":"","classification_sources":"","classification_notes":"","alternate_names":"","name_ru":"","match_score":"","match_method":"","matched_source_record_ids":"","is_nuclear":"","nuclear_status":"","reactor_count":"","operating_reactor_count":"","reactor_types":"","nuclear_reference_ids":"","radiological_risk":"","substation_type":"","voltage_kv":"","voltage_levels_kv":"","connected_generation_type":"","ecological_risk_category":"","political_significance":"","risk_assessment_status":"","references":[{"reference_id":"ref_8fae59737eec37b4","source_id":"russia_oil_power_map","source_name":"Russia Oil & Power Infrastructure Map","source_type":"map_layer","url":"https://russiaoilpowermap.com/data/custom_pins.json","archive_url":"","retrieved_at":"2026-10-10T09:58:14Z","source_record_id":"pin_6aae1293d70d89.75914412","source_file":"data/russia_oil_power_infrastructure.csv","source_line_or_record_id":"113827","extractor_version":"unknown","license_or_terms":"unknown","confidence_contribution":"0.82"}]}},{"type":"Feature","id":"infra_af47e218d8bdeca4","geometry":{"type":"Point","coordinates":[37.509878,56.259646]},"properties":{"uid":"infra_af47e218d8bdeca4","object_id":"infra_af47e218d8bdeca4","source":"russia_oil_power_map","source_dataset":"Russia Oil & Power Infrastructure Map","source_id":"russia_oil_power_map","source_record_id":"pin_6aaeedd8343487.98622282","source_url":"https://russiaoilpowermap.com/data/custom_pins.json","source_capture_date":"2026-10-10T09:58:14Z","source_layer":"custom_pins","source_reference_id":"ref_d7e041b5500387b3","source_name":"Russia Oil & Power Infrastructure Map","source_type":"map_layer","source_reliability":"B","license_or_terms":"unknown","name":"Railway Bridge","name_en":"","description":"","name_translated":"","description_translated":"","display_label":"Railway Bridge","asset_class":"transport","asset_type":"bridge","asset_subtype":"","domain":"transport","status":"","operator":"","product":"","country":"Russia","country_code":"","country_source":"","countries":["Russia"],"source_country":"Russia","country_match_method":"point_in_boundary","region":"","region_translated":"","subdivision":"","inn":"","is_sanctioned":"","is_mass_director":"","is_mass_founder":"","is_disqualified_persons":"","geometry_type":"Point","latitude":"56.25964600","longitude":"37.50987800","centroid_latitude":"56.25964600","centroid_longitude":"37.50987800","map_latitude":"56.25964600","map_longitude":"37.50987800","start_latitude":"56.259646","start_longitude":"37.509878","end_latitude":"56.259646","end_longitude":"37.509878","coordinate_count":"1","length_km":"","has_point_location":"true","location_quality":"exact","coordinate_precision":"exact","coordinate_source":"","entity_confidence":"high","freshness":"recent","cross_source_support":"1","review_status":"unreviewed","confidence":"A","confidence_grade":"A","confidence_score":"1.00","selectable":"true","map_layer":"transport_other","map_color":"#2a93d5","map_icon":"bridge","risk_flags":"","subcategory":"bridge","transport_functions":"","un_locode":"","locode_country":"","locode_location":"","iata":"","remarks":"","source_date":"","detected_language":"en_or_unknown","translation_source":"","derived_subcategory":"transport_bridge","derived_subcategory_label":"Bridge","derived_subcategory_confidence":"1.0","derived_subcategory_reason":"asset type","possible_duplicate_group":"","search_text":"Railway Bridge Railway Bridge transport bridge transport Russia Oil & Power Infrastructure Map custom_pins Bridge","references_json":"[{\"reference_id\":\"ref_d7e041b5500387b3\",\"source_id\":\"russia_oil_power_map\",\"source_name\":\"Russia Oil & Power Infrastructure Map\",\"source_type\":\"map_layer\",\"url\":\"https://russiaoilpowermap.com/data/custom_pins.json\",\"archive_url\":\"\",\"retrieved_at\":\"2026-10-10T09:58:14Z\",\"source_record_id\":\"pin_6aaeedd8343487.98622282\",\"source_file\":\"data/russia_oil_power_infrastructure.csv\",\"source_line_or_record_id\":\"113828\",\"extractor_version\":\"unknown\",\"license_or_terms\":\"unknown\",\"confidence_contribution\":\"0.82\"}]","first_seen_build":"2026-10-10T09:58:14Z","last_seen_build":"2026-10-10T09:58:14Z","change_status":"new","change_types":["new"],"changed_since_previous_build":"false","new_in_latest_build":"true","removed_from_latest_build":"false","source_archive_date":"2026-10-10T09:58:14Z","generation_type":"","primary_fuel":"","secondary_fuels":"","plant_role":"","technology":"","installed_capacity_mw":"","operational_status":"","classification_confidence":"","classification_confidence_score":"","classification_method":"","classification_sources":"","classification_notes":"","alternate_names":"","name_ru":"","match_score":"","match_method":"","matched_source_record_ids":"","is_nuclear":"","nuclear_status":"","reactor_count":"","operating_reactor_count":"","reactor_types":"","nuclear_reference_ids":"","radiological_risk":"","substation_type":"","voltage_kv":"","voltage_levels_kv":"","connected_generation_type":"","ecological_risk_category":"","political_significance":"","risk_assessment_status":"","references":[{"reference_id":"ref_d7e041b5500387b3","source_id":"russia_oil_power_map","source_name":"Russia Oil & Power Infrastructure Map","source_type":"map_layer","url":"https://russiaoilpowermap.com/data/custom_pins.json","archive_url":"","retrieved_at":"2026-10-10T09:58:14Z","source_record_id":"pin_6aaeedd8343487.98622282","source_file":"data/russia_oil_power_infrastructure.csv","source_line_or_record_id":"113828","extractor_version":"unknown","license_or_terms":"unknown","confidence_contribution":"0.82"}]}},{"type":"Feature","id":"infra_6827a54092c66ce3","geometry":{"type":"Point","coordinates":[36.566572,54.149756]},"properties":{"uid":"infra_6827a54092c66ce3","object_id":"infra_6827a54092c66ce3","source":"russia_oil_power_map","source_dataset":"Russia Oil & Power Infrastructure Map","source_id":"russia_oil_power_map","source_record_id":"pin_6aaeef3c1a8cb0.25472637","source_url":"https://russiaoilpowermap.com/data/custom_pins.json","source_capture_date":"2026-10-10T09:58:14Z","source_layer":"custom_pins","source_reference_id":"ref_3e3bd834cb120066","source_name":"Russia Oil & Power Infrastructure Map","source_type":"map_layer","source_reliability":"B","license_or_terms":"unknown","name":"Railway Bridge","name_en":"","description":"","name_translated":"","description_translated":"","display_label":"Railway Bridge","asset_class":"transport","asset_type":"bridge","asset_subtype":"","domain":"transport","status":"","operator":"","product":"","country":"Russia","country_code":"","country_source":"","countries":["Russia"],"source_country":"Russia","country_match_method":"point_in_boundary","region":"","region_translated":"","subdivision":"","inn":"","is_sanctioned":"","is_mass_director":"","is_mass_founder":"","is_disqualified_persons":"","geometry_type":"Point","latitude":"54.14975600","longitude":"36.56657200","centroid_latitude":"54.14975600","centroid_longitude":"36.56657200","map_latitude":"54.14975600","map_longitude":"36.56657200","start_latitude":"54.149756","start_longitude":"36.566572","end_latitude":"54.149756","end_longitude":"36.566572","coordinate_count":"1","length_km":"","has_point_location":"true","location_quality":"exact","coordinate_precision":"exact","coordinate_source":"","entity_confidence":"high","freshness":"recent","cross_source_support":"1","review_status":"unreviewed","confidence":"A","confidence_grade":"A","confidence_score":"1.00","selectable":"true","map_layer":"transport_other","map_color":"#2a93d5","map_icon":"bridge","risk_flags":"","subcategory":"bridge","transport_functions":"","un_locode":"","locode_country":"","locode_location":"","iata":"","remarks":"","source_date":"","detected_language":"en_or_unknown","translation_source":"","derived_subcategory":"transport_bridge","derived_subcategory_label":"Bridge","derived_subcategory_confidence":"1.0","derived_subcategory_reason":"asset type","possible_duplicate_group":"","search_text":"Railway Bridge Railway Bridge transport bridge transport Russia Oil & Power Infrastructure Map custom_pins Bridge","references_json":"[{\"reference_id\":\"ref_3e3bd834cb120066\",\"source_id\":\"russia_oil_power_map\",\"source_name\":\"Russia Oil & Power Infrastructure Map\",\"source_type\":\"map_layer\",\"url\":\"https://russiaoilpowermap.com/data/custom_pins.json\",\"archive_url\":\"\",\"retrieved_at\":\"2026-10-10T09:58:14Z\",\"source_record_id\":\"pin_6aaeef3c1a8cb0.25472637\",\"source_file\":\"data/russia_oil_power_infrastructure.csv\",\"source_line_or_record_id\":\"113829\",\"extractor_version\":\"unknown\",\"license_or_terms\":\"unknown\",\"confidence_contribution\":\"0.82\"}]","first_seen_build":"2026-10-10T09:58:14Z","last_seen_build":"2026-10-10T09:58:14Z","change_status":"new","change_types":["new"],"changed_since_previous_build":"false","new_in_latest_build":"true","removed_from_latest_build":"false","source_archive_date":"2026-10-10T09:58:14Z","generation_type":"","primary_fuel":"","secondary_fuels":"","plant_role":"","technology":"","installed_capacity_mw":"","operational_status":"","classification_confidence":"","classification_confidence_score":"","classification_method":"","classification_sources":"","classification_notes":"","alternate_names":"","name_ru":"","match_score":"","match_method":"","matched_source_record_ids":"","is_nuclear":"","nuclear_status":"","reactor_count":"","operating_reactor_count":"","reactor_types":"","nuclear_reference_ids":"","radiological_risk":"","substation_type":"","voltage_kv":"","voltage_levels_kv":"","connected_generation_type":"","ecological_risk_category":"","political_significance":"","risk_assessment_status":"","references":[{"reference_id":"ref_3e3bd834cb120066","source_id":"russia_oil_power_map","source_name":"Russia Oil & Power Infrastructure Map","source_type":"map_layer","url":"https://russiaoilpowermap.com/data/custom_pins.json","archive_url":"","retrieved_at":"2026-10-10T09:58:14Z","source_record_id":"pin_6aaeef3c1a8cb0.25472637","source_file":"data/russia_oil_power_infrastructure.csv","source_line_or_record_id":"113829","extractor_version":"unknown","license_or_terms":"unknown","confidence_contribution":"0.82"}]}},{"type":"Feature","id":"infra_24866b35daa6f2df","geometry":{"type":"Point","coordinates":[38.223866,45.346698]},"properties":{"uid":"infra_24866b35daa6f2df","object_id":"infra_24866b35daa6f2df","source":"russia_oil_power_map","source_dataset":"Russia Oil & Power Infrastructure Map","source_id":"russia_oil_power_map","source_record_id":"pin_6aaef33ada8756.22553722","source_url":"https://russiaoilpowermap.com/data/custom_pins.json","source_capture_date":"2026-10-10T09:58:14Z","source_layer":"custom_pins","source_reference_id":"ref_a5ffa45bad0114c7","source_name":"Russia Oil & Power Infrastructure Map","source_type":"map_layer","source_reliability":"B","license_or_terms":"unknown","name":"Railway Bridge","name_en":"","description":"","name_translated":"","description_translated":"","display_label":"Railway Bridge","asset_class":"transport","asset_type":"bridge","asset_subtype":"","domain":"transport","status":"","operator":"","product":"","country":"Russia","country_code":"","country_source":"","countries":["Russia"],"source_country":"Russia","country_match_method":"point_in_boundary","region":"","region_translated":"","subdivision":"","inn":"","is_sanctioned":"","is_mass_director":"","is_mass_founder":"","is_disqualified_persons":"","geometry_type":"Point","latitude":"45.34669800","longitude":"38.22386600","centroid_latitude":"45.34669800","centroid_longitude":"38.22386600","map_latitude":"45.34669800","map_longitude":"38.22386600","start_latitude":"45.346698","start_longitude":"38.223866","end_latitude":"45.346698","end_longitude":"38.223866","coordinate_count":"1","length_km":"","has_point_location":"true","location_quality":"exact","coordinate_precision":"exact","coordinate_source":"","entity_confidence":"high","freshness":"recent","cross_source_support":"1","review_status":"unreviewed","confidence":"A","confidence_grade":"A","confidence_score":"1.00","selectable":"true","map_layer":"transport_other","map_color":"#2a93d5","map_icon":"bridge","risk_flags":"","subcategory":"bridge","transport_functions":"","un_locode":"","locode_country":"","locode_location":"","iata":"","remarks":"","source_date":"","detected_language":"en_or_unknown","translation_source":"","derived_subcategory":"transport_bridge","derived_subcategory_label":"Bridge","derived_subcategory_confidence":"1.0","derived_subcategory_reason":"asset type","possible_duplicate_group":"","search_text":"Railway Bridge Railway Bridge transport bridge transport Russia Oil & Power Infrastructure Map custom_pins Bridge","references_json":"[{\"reference_id\":\"ref_a5ffa45bad0114c7\",\"source_id\":\"russia_oil_power_map\",\"source_name\":\"Russia Oil & Power Infrastructure Map\",\"source_type\":\"map_layer\",\"url\":\"https://russiaoilpowermap.com/data/custom_pins.json\",\"archive_url\":\"\",\"retrieved_at\":\"2026-10-10T09:58:14Z\",\"source_record_id\":\"pin_6aaef33ada8756.22553722\",\"source_file\":\"data/russia_oil_power_infrastructure.csv\",\"source_line_or_record_id\":\"113841\",\"extractor_version\":\"unknown\",\"license_or_terms\":\"unknown\",\"confidence_contribution\":\"0.82\"}]","first_seen_build":"2026-10-10T09:58:14Z","last_seen_build":"2026-10-10T09:58:14Z","change_status":"new","change_types":["new"],"changed_since_previous_build":"false","new_in_latest_build":"true","removed_from_latest_build":"false","source_archive_date":"2026-10-10T09:58:14Z","generation_type":"","primary_fuel":"","secondary_fuels":"","plant_role":"","technology":"","installed_capacity_mw":"","operational_status":"","classification_confidence":"","classification_confidence_score":"","classification_method":"","classification_sources":"","classification_notes":"","alternate_names":"","name_ru":"","match_score":"","match_method":"","matched_source_record_ids":"","is_nuclear":"","nuclear_status":"","reactor_count":"","operating_reactor_count":"","reactor_types":"","nuclear_reference_ids":"","radiological_risk":"","substation_type":"","voltage_kv":"","voltage_levels_kv":"","connected_generation_type":"","ecological_risk_category":"","political_significance":"","risk_assessment_status":"","references":[{"reference_id":"ref_a5ffa45bad0114c7","source_id":"russia_oil_power_map","source_name":"Russia Oil & Power Infrastructure Map","source_type":"map_layer","url":"https://russiaoilpowermap.com/data/custom_pins.json","archive_url":"","retrieved_at":"2026-10-10T09:58:14Z","source_record_id":"pin_6aaef33ada8756.22553722","source_file":"data/russia_oil_power_infrastructure.csv","source_line_or_record_id":"113841","extractor_version":"unknown","license_or_terms":"unknown","confidence_contribution":"0.82"}]}},{"type":"Feature","id":"infra_f315d98a37da2fb2","geometry":{"type":"Point","coordinates":[28.33962,57.796697]},"properties":{"uid":"infra_f315d98a37da2fb2","object_id":"infra_f315d98a37da2fb2","source":"russia_oil_power_map","source_dataset":"Russia Oil & Power Infrastructure Map","source_id":"russia_oil_power_map","source_record_id":"pin_6aaf1301d3f442.69561373","source_url":"https://russiaoilpowermap.com/data/custom_pins.json","source_capture_date":"2026-10-10T09:58:14Z","source_layer":"custom_pins","source_reference_id":"ref_af88b6cd036e4b9d","source_name":"Russia Oil & Power Infrastructure Map","source_type":"map_layer","source_reliability":"B","license_or_terms":"unknown","name":"Railway Bridge","name_en":"","description":"","name_translated":"","description_translated":"","display_label":"Railway Bridge","asset_class":"transport","asset_type":"bridge","asset_subtype":"","domain":"transport","status":"","operator":"","product":"","country":"Russia","country_code":"","country_source":"","countries":["Russia"],"source_country":"Russia","country_match_method":"point_in_boundary","region":"","region_translated":"","subdivision":"","inn":"","is_sanctioned":"","is_mass_director":"","is_mass_founder":"","is_disqualified_persons":"","geometry_type":"Point","latitude":"57.79669700","longitude":"28.33962000","centroid_latitude":"57.79669700","centroid_longitude":"28.33962000","map_latitude":"57.79669700","map_longitude":"28.33962000","start_latitude":"57.796697","start_longitude":"28.33962","end_latitude":"57.796697","end_longitude":"28.33962","coordinate_count":"1","length_km":"","has_point_location":"true","location_quality":"exact","coordinate_precision":"exact","coordinate_source":"","entity_confidence":"high","freshness":"recent","cross_source_support":"1","review_status":"unreviewed","confidence":"A","confidence_grade":"A","confidence_score":"1.00","selectable":"true","map_layer":"transport_other","map_color":"#2a93d5","map_icon":"bridge","risk_flags":"","subcategory":"bridge","transport_functions":"","un_locode":"","locode_country":"","locode_location":"","iata":"","remarks":"","source_date":"","detected_language":"en_or_unknown","translation_source":"","derived_subcategory":"transport_bridge","derived_subcategory_label":"Bridge","derived_subcategory_confidence":"1.0","derived_subcategory_reason":"asset type","possible_duplicate_group":"","search_text":"Railway Bridge Railway Bridge transport bridge transport Russia Oil & Power Infrastructure Map custom_pins Bridge","references_json":"[{\"reference_id\":\"ref_af88b6cd036e4b9d\",\"source_id\":\"russia_oil_power_map\",\"source_name\":\"Russia Oil & Power Infrastructure Map\",\"source_type\":\"map_layer\",\"url\":\"https://russiaoilpowermap.com/data/custom_pins.json\",\"archive_url\":\"\",\"retrieved_at\":\"2026-10-10T09:58:14Z\",\"source_record_id\":\"pin_6aaf1301d3f442.69561373\",\"source_file\":\"data/russia_oil_power_infrastructure.csv\",\"source_line_or_record_id\":\"113909\",\"extractor_version\":\"unknown\",\"license_or_terms\":\"unknown\",\"confidence_contribution\":\"0.82\"}]","first_seen_build":"2026-10-10T09:58:14Z","last_seen_build":"2026-10-10T09:58:14Z","change_status":"new","change_types":["new"],"changed_since_previous_build":"false","new_in_latest_build":"true","removed_from_latest_build":"false","source_archive_date":"2026-10-10T09:58:14Z","generation_type":"","primary_fuel":"","secondary_fuels":"","plant_role":"","technology":"","installed_capacity_mw":"","operational_status":"","classification_confidence":"","classification_confidence_score":"","classification_method":"","classification_sources":"","classification_notes":"","alternate_names":"","name_ru":"","match_score":"","match_method":"","matched_source_record_ids":"","is_nuclear":"","nuclear_status":"","reactor_count":"","operating_reactor_count":"","reactor_types":"","nuclear_reference_ids":"","radiological_risk":"","substation_type":"","voltage_kv":"","voltage_levels_kv":"","connected_generation_type":"","ecological_risk_category":"","political_significance":"","risk_assessment_status":"","references":[{"reference_id":"ref_af88b6cd036e4b9d","source_id":"russia_oil_power_map","source_name":"Russia Oil & Power Infrastructure Map","source_type":"map_layer","url":"https://russiaoilpowermap.com/data/custom_pins.json","archive_url":"","retrieved_at":"2026-10-10T09:58:14Z","source_record_id":"pin_6aaf1301d3f442.69561373","source_file":"data/russia_oil_power_infrastructure.csv","source_line_or_record_id":"113909","extractor_version":"unknown","license_or_terms":"unknown","confidence_contribution":"0.82"}]}},{"type":"Feature","id":"infra_17b7f4dda95f8a7a","geometry":{"type":"Point","coordinates":[30.409641,59.915193]},"properties":{"uid":"infra_17b7f4dda95f8a7a","object_id":"infra_17b7f4dda95f8a7a","source":"russia_oil_power_map","source_dataset":"Russia Oil & Power Infrastructure Map","source_id":"russia_oil_power_map","source_record_id":"pin_6aaf13497439f6.07392816","source_url":"https://russiaoilpowermap.com/data/custom_pins.json","source_capture_date":"2026-10-10T09:58:14Z","source_layer":"custom_pins","source_reference_id":"ref_9cbac39ca244abb3","source_name":"Russia Oil & Power Infrastructure Map","source_type":"map_layer","source_reliability":"B","license_or_terms":"unknown","name":"Railway Bridge","name_en":"","description":"","name_translated":"","description_translated":"","display_label":"Railway Bridge","asset_class":"transport","asset_type":"bridge","asset_subtype":"","domain":"transport","status":"","operator":"","product":"","country":"Russia","country_code":"","country_source":"","countries":["Russia"],"source_country":"Russia","country_match_method":"point_in_boundary","region":"","region_translated":"","subdivision":"","inn":"","is_sanctioned":"","is_mass_director":"","is_mass_founder":"","is_disqualified_persons":"","geometry_type":"Point","latitude":"59.91519300","longitude":"30.40964100","centroid_latitude":"59.91519300","centroid_longitude":"30.40964100","map_latitude":"59.91519300","map_longitude":"30.40964100","start_latitude":"59.915193","start_longitude":"30.409641","end_latitude":"59.915193","end_longitude":"30.409641","coordinate_count":"1","length_km":"","has_point_location":"true","location_quality":"exact","coordinate_precision":"exact","coordinate_source":"","entity_confidence":"high","freshness":"recent","cross_source_support":"1","review_status":"unreviewed","confidence":"A","confidence_grade":"A","confidence_score":"1.00","selectable":"true","map_layer":"transport_other","map_color":"#2a93d5","map_icon":"bridge","risk_flags":"","subcategory":"bridge","transport_functions":"","un_locode":"","locode_country":"","locode_location":"","iata":"","remarks":"","source_date":"","detected_language":"en_or_unknown","translation_source":"","derived_subcategory":"transport_bridge","derived_subcategory_label":"Bridge","derived_subcategory_confidence":"1.0","derived_subcategory_reason":"asset type","possible_duplicate_group":"","search_text":"Railway Bridge Railway Bridge transport bridge transport Russia Oil & Power Infrastructure Map custom_pins Bridge","references_json":"[{\"reference_id\":\"ref_9cbac39ca244abb3\",\"source_id\":\"russia_oil_power_map\",\"source_name\":\"Russia Oil & Power Infrastructure Map\",\"source_type\":\"map_layer\",\"url\":\"https://russiaoilpowermap.com/data/custom_pins.json\",\"archive_url\":\"\",\"retrieved_at\":\"2026-10-10T09:58:14Z\",\"source_record_id\":\"pin_6aaf13497439f6.07392816\",\"source_file\":\"data/russia_oil_power_infrastructure.csv\",\"source_line_or_record_id\":\"113910\",\"extractor_version\":\"unknown\",\"license_or_terms\":\"unknown\",\"confidence_contribution\":\"0.82\"}]","first_seen_build":"2026-10-10T09:58:14Z","last_seen_build":"2026-10-10T09:58:14Z","change_status":"new","change_types":["new"],"changed_since_previous_build":"false","new_in_latest_build":"true","removed_from_latest_build":"false","source_archive_date":"2026-10-10T09:58:14Z","generation_type":"","primary_fuel":"","secondary_fuels":"","plant_role":"","technology":"","installed_capacity_mw":"","operational_status":"","classification_confidence":"","classification_confidence_score":"","classification_method":"","classification_sources":"","classification_notes":"","alternate_names":"","name_ru":"","match_score":"","match_method":"","matched_source_record_ids":"","is_nuclear":"","nuclear_status":"","reactor_count":"","operating_reactor_count":"","reactor_types":"","nuclear_reference_ids":"","radiological_risk":"","substation_type":"","voltage_kv":"","voltage_levels_kv":"","connected_generation_type":"","ecological_risk_category":"","political_significance":"","risk_assessment_status":"","references":[{"reference_id":"ref_9cbac39ca244abb3","source_id":"russia_oil_power_map","source_name":"Russia Oil & Power Infrastructure Map","source_type":"map_layer","url":"https://russiaoilpowermap.com/data/custom_pins.json","archive_url":"","retrieved_at":"2026-10-10T09:58:14Z","source_record_id":"pin_6aaf13497439f6.07392816","source_file":"data/russia_oil_power_infrastructure.csv","source_line_or_record_id":"113910","extractor_version":"unknown","license_or_terms":"unknown","confidence_contribution":"0.82"}]}},{"type":"Feature","id":"infra_f37b9c00d6a97b1f","geometry":{"type":"Point","coordinates":[28.374767,57.752244]},"properties":{"uid":"infra_f37b9c00d6a97b1f","object_id":"infra_f37b9c00d6a97b1f","source":"russia_oil_power_map","source_dataset":"Russia Oil & Power Infrastructure Map","source_id":"russia_oil_power_map","source_record_id":"pin_6aaf1381e51c40.28148129","source_url":"https://russiaoilpowermap.com/data/custom_pins.json","source_capture_date":"2026-10-10T09:58:14Z","source_layer":"custom_pins","source_reference_id":"ref_ac183829b7ba2659","source_name":"Russia Oil & Power Infrastructure Map","source_type":"map_layer","source_reliability":"B","license_or_terms":"unknown","name":"Railway Bridge","name_en":"","description":"","name_translated":"","description_translated":"","display_label":"Railway Bridge","asset_class":"transport","asset_type":"bridge","asset_subtype":"","domain":"transport","status":"","operator":"","product":"","country":"Russia","country_code":"","country_source":"","countries":["Russia"],"source_country":"Russia","country_match_method":"point_in_boundary","region":"","region_translated":"","subdivision":"","inn":"","is_sanctioned":"","is_mass_director":"","is_mass_founder":"","is_disqualified_persons":"","geometry_type":"Point","latitude":"57.75224400","longitude":"28.37476700","centroid_latitude":"57.75224400","centroid_longitude":"28.37476700","map_latitude":"57.75224400","map_longitude":"28.37476700","start_latitude":"57.752244","start_longitude":"28.374767","end_latitude":"57.752244","end_longitude":"28.374767","coordinate_count":"1","length_km":"","has_point_location":"true","location_quality":"exact","coordinate_precision":"exact","coordinate_source":"","entity_confidence":"high","freshness":"recent","cross_source_support":"1","review_status":"unreviewed","confidence":"A","confidence_grade":"A","confidence_score":"1.00","selectable":"true","map_layer":"transport_other","map_color":"#2a93d5","map_icon":"bridge","risk_flags":"","subcategory":"bridge","transport_functions":"","un_locode":"","locode_country":"","locode_location":"","iata":"","remarks":"","source_date":"","detected_language":"en_or_unknown","translation_source":"","derived_subcategory":"transport_bridge","derived_subcategory_label":"Bridge","derived_subcategory_confidence":"1.0","derived_subcategory_reason":"asset type","possible_duplicate_group":"","search_text":"Railway Bridge Railway Bridge transport bridge transport Russia Oil & Power Infrastructure Map custom_pins Bridge","references_json":"[{\"reference_id\":\"ref_ac183829b7ba2659\",\"source_id\":\"russia_oil_power_map\",\"source_name\":\"Russia Oil & Power Infrastructure Map\",\"source_type\":\"map_layer\",\"url\":\"https://russiaoilpowermap.com/data/custom_pins.json\",\"archive_url\":\"\",\"retrieved_at\":\"2026-10-10T09:58:14Z\",\"source_record_id\":\"pin_6aaf1381e51c40.28148129\",\"source_file\":\"data/russia_oil_power_infrastructure.csv\",\"source_line_or_record_id\":\"113911\",\"extractor_version\":\"unknown\",\"license_or_terms\":\"unknown\",\"confidence_contribution\":\"0.82\"}]","first_seen_build":"2026-10-10T09:58:14Z","last_seen_build":"2026-10-10T09:58:14Z","change_status":"new","change_types":["new"],"changed_since_previous_build":"false","new_in_latest_build":"true","removed_from_latest_build":"false","source_archive_date":"2026-10-10T09:58:14Z","generation_type":"","primary_fuel":"","secondary_fuels":"","plant_role":"","technology":"","installed_capacity_mw":"","operational_status":"","classification_confidence":"","classification_confidence_score":"","classification_method":"","classification_sources":"","classification_notes":"","alternate_names":"","name_ru":"","match_score":"","match_method":"","matched_source_record_ids":"","is_nuclear":"","nuclear_status":"","reactor_count":"","operating_reactor_count":"","reactor_types":"","nuclear_reference_ids":"","radiological_risk":"","substation_type":"","voltage_kv":"","voltage_levels_kv":"","connected_generation_type":"","ecological_risk_category":"","political_significance":"","risk_assessment_status":"","references":[{"reference_id":"ref_ac183829b7ba2659","source_id":"russia_oil_power_map","source_name":"Russia Oil & Power Infrastructure Map","source_type":"map_layer","url":"https://russiaoilpowermap.com/data/custom_pins.json","archive_url":"","retrieved_at":"2026-10-10T09:58:14Z","source_record_id":"pin_6aaf1381e51c40.28148129","source_file":"data/russia_oil_power_infrastructure.csv","source_line_or_record_id":"113911","extractor_version":"unknown","license_or_terms":"unknown","confidence_contribution":"0.82"}]}},{"type":"Feature","id":"infra_d651da553d112a67","geometry":{"type":"Point","coordinates":[28.313484,57.349578]},"properties":{"uid":"infra_d651da553d112a67","object_id":"infra_d651da553d112a67","source":"russia_oil_power_map","source_dataset":"Russia Oil & Power Infrastructure Map","source_id":"russia_oil_power_map","source_record_id":"pin_6aaf1390962b12.42139788","source_url":"https://russiaoilpowermap.com/data/custom_pins.json","source_capture_date":"2026-10-10T09:58:14Z","source_layer":"custom_pins","source_reference_id":"ref_d84f18170fbfe299","source_name":"Russia Oil & Power Infrastructure Map","source_type":"map_layer","source_reliability":"B","license_or_terms":"unknown","name":"Railway Bridge","name_en":"","description":"","name_translated":"","description_translated":"","display_label":"Railway Bridge","asset_class":"transport","asset_type":"bridge","asset_subtype":"","domain":"transport","status":"","operator":"","product":"","country":"Russia","country_code":"","country_source":"","countries":["Russia"],"source_country":"Russia","country_match_method":"point_in_boundary","region":"","region_translated":"","subdivision":"","inn":"","is_sanctioned":"","is_mass_director":"","is_mass_founder":"","is_disqualified_persons":"","geometry_type":"Point","latitude":"57.34957800","longitude":"28.31348400","centroid_latitude":"57.34957800","centroid_longitude":"28.31348400","map_latitude":"57.34957800","map_longitude":"28.31348400","start_latitude":"57.349578","start_longitude":"28.313484","end_latitude":"57.349578","end_longitude":"28.313484","coordinate_count":"1","length_km":"","has_point_location":"true","location_quality":"exact","coordinate_precision":"exact","coordinate_source":"","entity_confidence":"high","freshness":"recent","cross_source_support":"1","review_status":"unreviewed","confidence":"A","confidence_grade":"A","confidence_score":"1.00","selectable":"true","map_layer":"transport_other","map_color":"#2a93d5","map_icon":"bridge","risk_flags":"","subcategory":"bridge","transport_functions":"","un_locode":"","locode_country":"","locode_location":"","iata":"","remarks":"","source_date":"","detected_language":"en_or_unknown","translation_source":"","derived_subcategory":"transport_bridge","derived_subcategory_label":"Bridge","derived_subcategory_confidence":"1.0","derived_subcategory_reason":"asset type","possible_duplicate_group":"","search_text":"Railway Bridge Railway Bridge transport bridge transport Russia Oil & Power Infrastructure Map custom_pins Bridge","references_json":"[{\"reference_id\":\"ref_d84f18170fbfe299\",\"source_id\":\"russia_oil_power_map\",\"source_name\":\"Russia Oil & Power Infrastructure Map\",\"source_type\":\"map_layer\",\"url\":\"https://russiaoilpowermap.com/data/custom_pins.json\",\"archive_url\":\"\",\"retrieved_at\":\"2026-10-10T09:58:14Z\",\"source_record_id\":\"pin_6aaf1390962b12.42139788\",\"source_file\":\"data/russia_oil_power_infrastructure.csv\",\"source_line_or_record_id\":\"113912\",\"extractor_version\":\"unknown\",\"license_or_terms\":\"unknown\",\"confidence_contribution\":\"0.82\"}]","first_seen_build":"2026-10-10T09:58:14Z","last_seen_build":"2026-10-10T09:58:14Z","change_status":"new","change_types":["new"],"changed_since_previous_build":"false","new_in_latest_build":"true","removed_from_latest_build":"false","source_archive_date":"2026-10-10T09:58:14Z","generation_type":"","primary_fuel":"","secondary_fuels":"","plant_role":"","technology":"","installed_capacity_mw":"","operational_status":"","classification_confidence":"","classification_confidence_score":"","classification_method":"","classification_sources":"","classification_notes":"","alternate_names":"","name_ru":"","match_score":"","match_method":"","matched_source_record_ids":"","is_nuclear":"","nuclear_status":"","reactor_count":"","operating_reactor_count":"","reactor_types":"","nuclear_reference_ids":"","radiological_risk":"","substation_type":"","voltage_kv":"","voltage_levels_kv":"","connected_generation_type":"","ecological_risk_category":"","political_significance":"","risk_assessment_status":"","references":[{"reference_id":"ref_d84f18170fbfe299","source_id":"russia_oil_power_map","source_name":"Russia Oil & Power Infrastructure Map","source_type":"map_layer","url":"https://russiaoilpowermap.com/data/custom_pins.json","archive_url":"","retrieved_at":"2026-10-10T09:58:14Z","source_record_id":"pin_6aaf1390962b12.42139788","source_file":"data/russia_oil_power_infrastructure.csv","source_line_or_record_id":"113912","extractor_version":"unknown","license_or_terms":"unknown","confidence_contribution":"0.82"}]}},{"type":"Feature","id":"infra_cb1d0065d02c803e","geometry":{"type":"Point","coordinates":[28.197581,57.244471]},"properties":{"uid":"infra_cb1d0065d02c803e","object_id":"infra_cb1d0065d02c803e","source":"russia_oil_power_map","source_dataset":"Russia Oil & Power Infrastructure Map","source_id":"russia_oil_power_map","source_record_id":"pin_6aaf13a25bb783.28664138","source_url":"https://russiaoilpowermap.com/data/custom_pins.json","source_capture_date":"2026-10-10T09:58:14Z","source_layer":"custom_pins","source_reference_id":"ref_64c8d6050c5649de","source_name":"Russia Oil & Power Infrastructure Map","source_type":"map_layer","source_reliability":"B","license_or_terms":"unknown","name":"Railway Bridge","name_en":"","description":"","name_translated":"","description_translated":"","display_label":"Railway Bridge","asset_class":"transport","asset_type":"bridge","asset_subtype":"","domain":"transport","status":"","operator":"","product":"","country":"Russia","country_code":"","country_source":"","countries":["Russia"],"source_country":"Russia","country_match_method":"point_in_boundary","region":"","region_translated":"","subdivision":"","inn":"","is_sanctioned":"","is_mass_director":"","is_mass_founder":"","is_disqualified_persons":"","geometry_type":"Point","latitude":"57.24447100","longitude":"28.19758100","centroid_latitude":"57.24447100","centroid_longitude":"28.19758100","map_latitude":"57.24447100","map_longitude":"28.19758100","start_latitude":"57.244471","start_longitude":"28.197581","end_latitude":"57.244471","end_longitude":"28.197581","coordinate_count":"1","length_km":"","has_point_location":"true","location_quality":"exact","coordinate_precision":"exact","coordinate_source":"","entity_confidence":"high","freshness":"recent","cross_source_support":"1","review_status":"unreviewed","confidence":"A","confidence_grade":"A","confidence_score":"1.00","selectable":"true","map_layer":"transport_other","map_color":"#2a93d5","map_icon":"bridge","risk_flags":"","subcategory":"bridge","transport_functions":"","un_locode":"","locode_country":"","locode_location":"","iata":"","remarks":"","source_date":"","detected_language":"en_or_unknown","translation_source":"","derived_subcategory":"transport_bridge","derived_subcategory_label":"Bridge","derived_subcategory_confidence":"1.0","derived_subcategory_reason":"asset type","possible_duplicate_group":"","search_text":"Railway Bridge Railway Bridge transport bridge transport Russia Oil & Power Infrastructure Map custom_pins Bridge","references_json":"[{\"reference_id\":\"ref_64c8d6050c5649de\",\"source_id\":\"russia_oil_power_map\",\"source_name\":\"Russia Oil & Power Infrastructure Map\",\"source_type\":\"map_layer\",\"url\":\"https://russiaoilpowermap.com/data/custom_pins.json\",\"archive_url\":\"\",\"retrieved_at\":\"2026-10-10T09:58:14Z\",\"source_record_id\":\"pin_6aaf13a25bb783.28664138\",\"source_file\":\"data/russia_oil_power_infrastructure.csv\",\"source_line_or_record_id\":\"113913\",\"extractor_version\":\"unknown\",\"license_or_terms\":\"unknown\",\"confidence_contribution\":\"0.82\"}]","first_seen_build":"2026-10-10T09:58:14Z","last_seen_build":"2026-10-10T09:58:14Z","change_status":"new","change_types":["new"],"changed_since_previous_build":"false","new_in_latest_build":"true","removed_from_latest_build":"false","source_archive_date":"2026-10-10T09:58:14Z","generation_type":"","primary_fuel":"","secondary_fuels":"","plant_role":"","technology":"","installed_capacity_mw":"","operational_status":"","classification_confidence":"","classification_confidence_score":"","classification_method":"","classification_sources":"","classification_notes":"","alternate_names":"","name_ru":"","match_score":"","match_method":"","matched_source_record_ids":"","is_nuclear":"","nuclear_status":"","reactor_count":"","operating_reactor_count":"","reactor_types":"","nuclear_reference_ids":"","radiological_risk":"","substation_type":"","voltage_kv":"","voltage_levels_kv":"","connected_generation_type":"","ecological_risk_category":"","political_significance":"","risk_assessment_status":"","references":[{"reference_id":"ref_64c8d6050c5649de","source_id":"russia_oil_power_map","source_name":"Russia Oil & Power Infrastructure Map","source_type":"map_layer","url":"https://russiaoilpowermap.com/data/custom_pins.json","archive_url":"","retrieved_at":"2026-10-10T09:58:14Z","source_record_id":"pin_6aaf13a25bb783.28664138","source_file":"data/russia_oil_power_infrastructure.csv","source_line_or_record_id":"113913","extractor_version":"unknown","license_or_terms":"unknown","confidence_contribution":"0.82"}]}},{"type":"Feature","id":"infra_8876e6518687685d","geometry":{"type":"Point","coordinates":[29.955356,57.520461]},"properties":{"uid":"infra_8876e6518687685d","object_id":"infra_8876e6518687685d","source":"russia_oil_power_map","source_dataset":"Russia Oil & Power Infrastructure Map","source_id":"russia_oil_power_map","source_record_id":"pin_6aaf13b6e7ec80.04929910","source_url":"https://russiaoilpowermap.com/data/custom_pins.json","source_capture_date":"2026-10-10T09:58:14Z","source_layer":"custom_pins","source_reference_id":"ref_a122eb2989f4ba30","source_name":"Russia Oil & Power Infrastructure Map","source_type":"map_layer","source_reliability":"B","license_or_terms":"unknown","name":"Railway Bridge","name_en":"","description":"","name_translated":"","description_translated":"","display_label":"Railway Bridge","asset_class":"transport","asset_type":"bridge","asset_subtype":"","domain":"transport","status":"","operator":"","product":"","country":"Russia","country_code":"","country_source":"","countries":["Russia"],"source_country":"Russia","country_match_method":"point_in_boundary","region":"","region_translated":"","subdivision":"","inn":"","is_sanctioned":"","is_mass_director":"","is_mass_founder":"","is_disqualified_persons":"","geometry_type":"Point","latitude":"57.52046100","longitude":"29.95535600","centroid_latitude":"57.52046100","centroid_longitude":"29.95535600","map_latitude":"57.52046100","map_longitude":"29.95535600","start_latitude":"57.520461","start_longitude":"29.955356","end_latitude":"57.520461","end_longitude":"29.955356","coordinate_count":"1","length_km":"","has_point_location":"true","location_quality":"exact","coordinate_precision":"exact","coordinate_source":"","entity_confidence":"high","freshness":"recent","cross_source_support":"1","review_status":"unreviewed","confidence":"A","confidence_grade":"A","confidence_score":"1.00","selectable":"true","map_layer":"transport_other","map_color":"#2a93d5","map_icon":"bridge","risk_flags":"","subcategory":"bridge","transport_functions":"","un_locode":"","locode_country":"","locode_location":"","iata":"","remarks":"","source_date":"","detected_language":"en_or_unknown","translation_source":"","derived_subcategory":"transport_bridge","derived_subcategory_label":"Bridge","derived_subcategory_confidence":"1.0","derived_subcategory_reason":"asset type","possible_duplicate_group":"","search_text":"Railway Bridge Railway Bridge transport bridge transport Russia Oil & Power Infrastructure Map custom_pins Bridge","references_json":"[{\"reference_id\":\"ref_a122eb2989f4ba30\",\"source_id\":\"russia_oil_power_map\",\"source_name\":\"Russia Oil & Power Infrastructure Map\",\"source_type\":\"map_layer\",\"url\":\"https://russiaoilpowermap.com/data/custom_pins.json\",\"archive_url\":\"\",\"retrieved_at\":\"2026-10-10T09:58:14Z\",\"source_record_id\":\"pin_6aaf13b6e7ec80.04929910\",\"source_file\":\"data/russia_oil_power_infrastructure.csv\",\"source_line_or_record_id\":\"113914\",\"extractor_version\":\"unknown\",\"license_or_terms\":\"unknown\",\"confidence_contribution\":\"0.82\"}]","first_seen_build":"2026-10-10T09:58:14Z","last_seen_build":"2026-10-10T09:58:14Z","change_status":"new","change_types":["new"],"changed_since_previous_build":"false","new_in_latest_build":"true","removed_from_latest_build":"false","source_archive_date":"2026-10-10T09:58:14Z","generation_type":"","primary_fuel":"","secondary_fuels":"","plant_role":"","technology":"","installed_capacity_mw":"","operational_status":"","classification_confidence":"","classification_confidence_score":"","classification_method":"","classification_sources":"","classification_notes":"","alternate_names":"","name_ru":"","match_score":"","match_method":"","matched_source_record_ids":"","is_nuclear":"","nuclear_status":"","reactor_count":"","operating_reactor_count":"","reactor_types":"","nuclear_reference_ids":"","radiological_risk":"","substation_type":"","voltage_kv":"","voltage_levels_kv":"","connected_generation_type":"","ecological_risk_category":"","political_significance":"","risk_assessment_status":"","references":[{"reference_id":"ref_a122eb2989f4ba30","source_id":"russia_oil_power_map","source_name":"Russia Oil & Power Infrastructure Map","source_type":"map_layer","url":"https://russiaoilpowermap.com/data/custom_pins.json","archive_url":"","retrieved_at":"2026-10-10T09:58:14Z","source_record_id":"pin_6aaf13b6e7ec80.04929910","source_file":"data/russia_oil_power_infrastructure.csv","source_line_or_record_id":"113914","extractor_version":"unknown","license_or_terms":"unknown","confidence_contribution":"0.82"}]}},{"type":"Feature","id":"infra_26200de7efff8dad","geometry":{"type":"Point","coordinates":[32.097459,56.263269]},"properties":{"uid":"infra_26200de7efff8dad","object_id":"infra_26200de7efff8dad","source":"russia_oil_power_map","source_dataset":"Russia Oil & Power Infrastructure Map","source_id":"russia_oil_power_map","source_record_id":"pin_6aaf140a2a1e30.69165475","source_url":"https://russiaoilpowermap.com/data/custom_pins.json","source_capture_date":"2026-10-10T09:58:14Z","source_layer":"custom_pins","source_reference_id":"ref_2c6d258c62821b48","source_name":"Russia Oil & Power Infrastructure Map","source_type":"map_layer","source_reliability":"B","license_or_terms":"unknown","name":"Railway Bridge","name_en":"","description":"","name_translated":"","description_translated":"","display_label":"Railway Bridge","asset_class":"transport","asset_type":"bridge","asset_subtype":"","domain":"transport","status":"","operator":"","product":"","country":"Russia","country_code":"","country_source":"","countries":["Russia"],"source_country":"Russia","country_match_method":"point_in_boundary","region":"","region_translated":"","subdivision":"","inn":"","is_sanctioned":"","is_mass_director":"","is_mass_founder":"","is_disqualified_persons":"","geometry_type":"Point","latitude":"56.26326900","longitude":"32.09745900","centroid_latitude":"56.26326900","centroid_longitude":"32.09745900","map_latitude":"56.26326900","map_longitude":"32.09745900","start_latitude":"56.263269","start_longitude":"32.097459","end_latitude":"56.263269","end_longitude":"32.097459","coordinate_count":"1","length_km":"","has_point_location":"true","location_quality":"exact","coordinate_precision":"exact","coordinate_source":"","entity_confidence":"high","freshness":"recent","cross_source_support":"1","review_status":"unreviewed","confidence":"A","confidence_grade":"A","confidence_score":"1.00","selectable":"true","map_layer":"transport_other","map_color":"#2a93d5","map_icon":"bridge","risk_flags":"","subcategory":"bridge","transport_functions":"","un_locode":"","locode_country":"","locode_location":"","iata":"","remarks":"","source_date":"","detected_language":"en_or_unknown","translation_source":"","derived_subcategory":"transport_bridge","derived_subcategory_label":"Bridge","derived_subcategory_confidence":"1.0","derived_subcategory_reason":"asset type","possible_duplicate_group":"","search_text":"Railway Bridge Railway Bridge transport bridge transport Russia Oil & Power Infrastructure Map custom_pins Bridge","references_json":"[{\"reference_id\":\"ref_2c6d258c62821b48\",\"source_id\":\"russia_oil_power_map\",\"source_name\":\"Russia Oil & Power Infrastructure Map\",\"source_type\":\"map_layer\",\"url\":\"https://russiaoilpowermap.com/data/custom_pins.json\",\"archive_url\":\"\",\"retrieved_at\":\"2026-10-10T09:58:14Z\",\"source_record_id\":\"pin_6aaf140a2a1e30.69165475\",\"source_file\":\"data/russia_oil_power_infrastructure.csv\",\"source_line_or_record_id\":\"113915\",\"extractor_version\":\"unknown\",\"license_or_terms\":\"unknown\",\"confidence_contribution\":\"0.82\"}]","first_seen_build":"2026-10-10T09:58:14Z","last_seen_build":"2026-10-10T09:58:14Z","change_status":"new","change_types":["new"],"changed_since_previous_build":"false","new_in_latest_build":"true","removed_from_latest_build":"false","source_archive_date":"2026-10-10T09:58:14Z","generation_type":"","primary_fuel":"","secondary_fuels":"","plant_role":"","technology":"","installed_capacity_mw":"","operational_status":"","classification_confidence":"","classification_confidence_score":"","classification_method":"","classification_sources":"","classification_notes":"","alternate_names":"","name_ru":"","match_score":"","match_method":"","matched_source_record_ids":"","is_nuclear":"","nuclear_status":"","reactor_count":"","operating_reactor_count":"","reactor_types":"","nuclear_reference_ids":"","radiological_risk":"","substation_type":"","voltage_kv":"","voltage_levels_kv":"","connected_generation_type":"","ecological_risk_category":"","political_significance":"","risk_assessment_status":"","references":[{"reference_id":"ref_2c6d258c62821b48","source_id":"russia_oil_power_map","source_name":"Russia Oil & Power Infrastructure Map","source_type":"map_layer","url":"https://russiaoilpowermap.com/data/custom_pins.json","archive_url":"","retrieved_at":"2026-10-10T09:58:14Z","source_record_id":"pin_6aaf140a2a1e30.69165475","source_file":"data/russia_oil_power_infrastructure.csv","source_line_or_record_id":"113915","extractor_version":"unknown","license_or_terms":"unknown","confidence_contribution":"0.82"}]}},{"type":"Feature","id":"infra_9d07f419a94b9a07","geometry":{"type":"Point","coordinates":[32.756124,56.221834]},"properties":{"uid":"infra_9d07f419a94b9a07","object_id":"infra_9d07f419a94b9a07","source":"russia_oil_power_map","source_dataset":"Russia Oil & Power Infrastructure Map","source_id":"russia_oil_power_map","source_record_id":"pin_6aaf141e2bdb30.52143014","source_url":"https://russiaoilpowermap.com/data/custom_pins.json","source_capture_date":"2026-10-10T09:58:14Z","source_layer":"custom_pins","source_reference_id":"ref_f8d019d96fd85149","source_name":"Russia Oil & Power Infrastructure Map","source_type":"map_layer","source_reliability":"B","license_or_terms":"unknown","name":"Railway Bridge","name_en":"","description":"","name_translated":"","description_translated":"","display_label":"Railway Bridge","asset_class":"transport","asset_type":"bridge","asset_subtype":"","domain":"transport","status":"","operator":"","product":"","country":"Russia","country_code":"","country_source":"","countries":["Russia"],"source_country":"Russia","country_match_method":"point_in_boundary","region":"","region_translated":"","subdivision":"","inn":"","is_sanctioned":"","is_mass_director":"","is_mass_founder":"","is_disqualified_persons":"","geometry_type":"Point","latitude":"56.22183400","longitude":"32.75612400","centroid_latitude":"56.22183400","centroid_longitude":"32.75612400","map_latitude":"56.22183400","map_longitude":"32.75612400","start_latitude":"56.221834","start_longitude":"32.756124","end_latitude":"56.221834","end_longitude":"32.756124","coordinate_count":"1","length_km":"","has_point_location":"true","location_quality":"exact","coordinate_precision":"exact","coordinate_source":"","entity_confidence":"high","freshness":"recent","cross_source_support":"1","review_status":"unreviewed","confidence":"A","confidence_grade":"A","confidence_score":"1.00","selectable":"true","map_layer":"transport_other","map_color":"#2a93d5","map_icon":"bridge","risk_flags":"","subcategory":"bridge","transport_functions":"","un_locode":"","locode_country":"","locode_location":"","iata":"","remarks":"","source_date":"","detected_language":"en_or_unknown","translation_source":"","derived_subcategory":"transport_bridge","derived_subcategory_label":"Bridge","derived_subcategory_confidence":"1.0","derived_subcategory_reason":"asset type","possible_duplicate_group":"","search_text":"Railway Bridge Railway Bridge transport bridge transport Russia Oil & Power Infrastructure Map custom_pins Bridge","references_json":"[{\"reference_id\":\"ref_f8d019d96fd85149\",\"source_id\":\"russia_oil_power_map\",\"source_name\":\"Russia Oil & Power Infrastructure Map\",\"source_type\":\"map_layer\",\"url\":\"https://russiaoilpowermap.com/data/custom_pins.json\",\"archive_url\":\"\",\"retrieved_at\":\"2026-10-10T09:58:14Z\",\"source_record_id\":\"pin_6aaf141e2bdb30.52143014\",\"source_file\":\"data/russia_oil_power_infrastructure.csv\",\"source_line_or_record_id\":\"113916\",\"extractor_version\":\"unknown\",\"license_or_terms\":\"unknown\",\"confidence_contribution\":\"0.82\"}]","first_seen_build":"2026-10-10T09:58:14Z","last_seen_build":"2026-10-10T09:58:14Z","change_status":"new","change_types":["new"],"changed_since_previous_build":"false","new_in_latest_build":"true","removed_from_latest_build":"false","source_archive_date":"2026-10-10T09:58:14Z","generation_type":"","primary_fuel":"","secondary_fuels":"","plant_role":"","technology":"","installed_capacity_mw":"","operational_status":"","classification_confidence":"","classification_confidence_score":"","classification_method":"","classification_sources":"","classification_notes":"","alternate_names":"","name_ru":"","match_score":"","match_method":"","matched_source_record_ids":"","is_nuclear":"","nuclear_status":"","reactor_count":"","operating_reactor_count":"","reactor_types":"","nuclear_reference_ids":"","radiological_risk":"","substation_type":"","voltage_kv":"","voltage_levels_kv":"","connected_generation_type":"","ecological_risk_category":"","political_significance":"","risk_assessment_status":"","references":[{"reference_id":"ref_f8d019d96fd85149","source_id":"russia_oil_power_map","source_name":"Russia Oil & Power Infrastructure Map","source_type":"map_layer","url":"https://russiaoilpowermap.com/data/custom_pins.json","archive_url":"","retrieved_at":"2026-10-10T09:58:14Z","source_record_id":"pin_6aaf141e2bdb30.52143014","source_file":"data/russia_oil_power_infrastructure.csv","source_line_or_record_id":"113916","extractor_version":"unknown","license_or_terms":"unknown","confidence_contribution":"0.82"}]}},{"type":"Feature","id":"infra_b149c78cb128327b","geometry":{"type":"Point","coordinates":[34.894021,56.127872]},"properties":{"uid":"infra_b149c78cb128327b","object_id":"infra_b149c78cb128327b","source":"russia_oil_power_map","source_dataset":"Russia Oil & Power Infrastructure Map","source_id":"russia_oil_power_map","source_record_id":"pin_6aaf14472b0d49.60100769","source_url":"https://russiaoilpowermap.com/data/custom_pins.json","source_capture_date":"2026-10-10T09:58:14Z","source_layer":"custom_pins","source_reference_id":"ref_dee8b5d9db5b402a","source_name":"Russia Oil & Power Infrastructure Map","source_type":"map_layer","source_reliability":"B","license_or_terms":"unknown","name":"Railway Bridge","name_en":"","description":"","name_translated":"","description_translated":"","display_label":"Railway Bridge","asset_class":"transport","asset_type":"bridge","asset_subtype":"","domain":"transport","status":"","operator":"","product":"","country":"Russia","country_code":"","country_source":"","countries":["Russia"],"source_country":"Russia","country_match_method":"point_in_boundary","region":"","region_translated":"","subdivision":"","inn":"","is_sanctioned":"","is_mass_director":"","is_mass_founder":"","is_disqualified_persons":"","geometry_type":"Point","latitude":"56.12787200","longitude":"34.89402100","centroid_latitude":"56.12787200","centroid_longitude":"34.89402100","map_latitude":"56.12787200","map_longitude":"34.89402100","start_latitude":"56.127872","start_longitude":"34.894021","end_latitude":"56.127872","end_longitude":"34.894021","coordinate_count":"1","length_km":"","has_point_location":"true","location_quality":"exact","coordinate_precision":"exact","coordinate_source":"","entity_confidence":"high","freshness":"recent","cross_source_support":"1","review_status":"unreviewed","confidence":"A","confidence_grade":"A","confidence_score":"1.00","selectable":"true","map_layer":"transport_other","map_color":"#2a93d5","map_icon":"bridge","risk_flags":"","subcategory":"bridge","transport_functions":"","un_locode":"","locode_country":"","locode_location":"","iata":"","remarks":"","source_date":"","detected_language":"en_or_unknown","translation_source":"","derived_subcategory":"transport_bridge","derived_subcategory_label":"Bridge","derived_subcategory_confidence":"1.0","derived_subcategory_reason":"asset type","possible_duplicate_group":"","search_text":"Railway Bridge Railway Bridge transport bridge transport Russia Oil & Power Infrastructure Map custom_pins Bridge","references_json":"[{\"reference_id\":\"ref_dee8b5d9db5b402a\",\"source_id\":\"russia_oil_power_map\",\"source_name\":\"Russia Oil & Power Infrastructure Map\",\"source_type\":\"map_layer\",\"url\":\"https://russiaoilpowermap.com/data/custom_pins.json\",\"archive_url\":\"\",\"retrieved_at\":\"2026-10-10T09:58:14Z\",\"source_record_id\":\"pin_6aaf14472b0d49.60100769\",\"source_file\":\"data/russia_oil_power_infrastructure.csv\",\"source_line_or_record_id\":\"113917\",\"extractor_version\":\"unknown\",\"license_or_terms\":\"unknown\",\"confidence_contribution\":\"0.82\"}]","first_seen_build":"2026-10-10T09:58:14Z","last_seen_build":"2026-10-10T09:58:14Z","change_status":"new","change_types":["new"],"changed_since_previous_build":"false","new_in_latest_build":"true","removed_from_latest_build":"false","source_archive_date":"2026-10-10T09:58:14Z","generation_type":"","primary_fuel":"","secondary_fuels":"","plant_role":"","technology":"","installed_capacity_mw":"","operational_status":"","classification_confidence":"","classification_confidence_score":"","classification_method":"","classification_sources":"","classification_notes":"","alternate_names":"","name_ru":"","match_score":"","match_method":"","matched_source_record_ids":"","is_nuclear":"","nuclear_status":"","reactor_count":"","operating_reactor_count":"","reactor_types":"","nuclear_reference_ids":"","radiological_risk":"","substation_type":"","voltage_kv":"","voltage_levels_kv":"","connected_generation_type":"","ecological_risk_category":"","political_significance":"","risk_assessment_status":"","references":[{"reference_id":"ref_dee8b5d9db5b402a","source_id":"russia_oil_power_map","source_name":"Russia Oil & Power Infrastructure Map","source_type":"map_layer","url":"https://russiaoilpowermap.com/data/custom_pins.json","archive_url":"","retrieved_at":"2026-10-10T09:58:14Z","source_record_id":"pin_6aaf14472b0d49.60100769","source_file":"data/russia_oil_power_infrastructure.csv","source_line_or_record_id":"113917","extractor_version":"unknown","license_or_terms":"unknown","confidence_contribution":"0.82"}]}},{"type":"Feature","id":"infra_7304a4f125685de5","geometry":{"type":"Point","coordinates":[33.457747,55.147464]},"properties":{"uid":"infra_7304a4f125685de5","object_id":"infra_7304a4f125685de5","source":"russia_oil_power_map","source_dataset":"Russia Oil & Power Infrastructure Map","source_id":"russia_oil_power_map","source_record_id":"pin_6aaf14a78a58a0.73652175","source_url":"https://russiaoilpowermap.com/data/custom_pins.json","source_capture_date":"2026-10-10T09:58:14Z","source_layer":"custom_pins","source_reference_id":"ref_1e1428170861bad5","source_name":"Russia Oil & Power Infrastructure Map","source_type":"map_layer","source_reliability":"B","license_or_terms":"unknown","name":"Railway Bridge","name_en":"","description":"","name_translated":"","description_translated":"","display_label":"Railway Bridge","asset_class":"transport","asset_type":"bridge","asset_subtype":"","domain":"transport","status":"","operator":"","product":"","country":"Russia","country_code":"","country_source":"","countries":["Russia"],"source_country":"Russia","country_match_method":"point_in_boundary","region":"","region_translated":"","subdivision":"","inn":"","is_sanctioned":"","is_mass_director":"","is_mass_founder":"","is_disqualified_persons":"","geometry_type":"Point","latitude":"55.14746400","longitude":"33.45774700","centroid_latitude":"55.14746400","centroid_longitude":"33.45774700","map_latitude":"55.14746400","map_longitude":"33.45774700","start_latitude":"55.147464","start_longitude":"33.457747","end_latitude":"55.147464","end_longitude":"33.457747","coordinate_count":"1","length_km":"","has_point_location":"true","location_quality":"exact","coordinate_precision":"exact","coordinate_source":"","entity_confidence":"high","freshness":"recent","cross_source_support":"1","review_status":"unreviewed","confidence":"A","confidence_grade":"A","confidence_score":"1.00","selectable":"true","map_layer":"transport_other","map_color":"#2a93d5","map_icon":"bridge","risk_flags":"","subcategory":"bridge","transport_functions":"","un_locode":"","locode_country":"","locode_location":"","iata":"","remarks":"","source_date":"","detected_language":"en_or_unknown","translation_source":"","derived_subcategory":"transport_bridge","derived_subcategory_label":"Bridge","derived_subcategory_confidence":"1.0","derived_subcategory_reason":"asset type","possible_duplicate_group":"","search_text":"Railway Bridge Railway Bridge transport bridge transport Russia Oil & Power Infrastructure Map custom_pins Bridge","references_json":"[{\"reference_id\":\"ref_1e1428170861bad5\",\"source_id\":\"russia_oil_power_map\",\"source_name\":\"Russia Oil & Power Infrastructure Map\",\"source_type\":\"map_layer\",\"url\":\"https://russiaoilpowermap.com/data/custom_pins.json\",\"archive_url\":\"\",\"retrieved_at\":\"2026-10-10T09:58:14Z\",\"source_record_id\":\"pin_6aaf14a78a58a0.73652175\",\"source_file\":\"data/russia_oil_power_infrastructure.csv\",\"source_line_or_record_id\":\"113918\",\"extractor_version\":\"unknown\",\"license_or_terms\":\"unknown\",\"confidence_contribution\":\"0.82\"}]","first_seen_build":"2026-10-10T09:58:14Z","last_seen_build":"2026-10-10T09:58:14Z","change_status":"new","change_types":["new"],"changed_since_previous_build":"false","new_in_latest_build":"true","removed_from_latest_build":"false","source_archive_date":"2026-10-10T09:58:14Z","generation_type":"","primary_fuel":"","secondary_fuels":"","plant_role":"","technology":"","installed_capacity_mw":"","operational_status":"","classification_confidence":"","classification_confidence_score":"","classification_method":"","classification_sources":"","classification_notes":"","alternate_names":"","name_ru":"","match_score":"","match_method":"","matched_source_record_ids":"","is_nuclear":"","nuclear_status":"","reactor_count":"","operating_reactor_count":"","reactor_types":"","nuclear_reference_ids":"","radiological_risk":"","substation_type":"","voltage_kv":"","voltage_levels_kv":"","connected_generation_type":"","ecological_risk_category":"","political_significance":"","risk_assessment_status":"","references":[{"reference_id":"ref_1e1428170861bad5","source_id":"russia_oil_power_map","source_name":"Russia Oil & Power Infrastructure Map","source_type":"map_layer","url":"https://russiaoilpowermap.com/data/custom_pins.json","archive_url":"","retrieved_at":"2026-10-10T09:58:14Z","source_record_id":"pin_6aaf14a78a58a0.73652175","source_file":"data/russia_oil_power_infrastructure.csv","source_line_or_record_id":"113918","extractor_version":"unknown","license_or_terms":"unknown","confidence_contribution":"0.82"}]}},{"type":"Feature","id":"infra_dc22ea2f09d76533","geometry":{"type":"Point","coordinates":[30.499002,56.335769]},"properties":{"uid":"infra_dc22ea2f09d76533","object_id":"infra_dc22ea2f09d76533","source":"russia_oil_power_map","source_dataset":"Russia Oil & Power Infrastructure Map","source_id":"russia_oil_power_map","source_record_id":"pin_6aaf1506db6571.40551186","source_url":"https://russiaoilpowermap.com/data/custom_pins.json","source_capture_date":"2026-10-10T09:58:14Z","source_layer":"custom_pins","source_reference_id":"ref_7406ada540dcf6d2","source_name":"Russia Oil & Power Infrastructure Map","source_type":"map_layer","source_reliability":"B","license_or_terms":"unknown","name":"Railway Bridge","name_en":"","description":"","name_translated":"","description_translated":"","display_label":"Railway Bridge","asset_class":"transport","asset_type":"bridge","asset_subtype":"","domain":"transport","status":"","operator":"","product":"","country":"Russia","country_code":"","country_source":"","countries":["Russia"],"source_country":"Russia","country_match_method":"point_in_boundary","region":"","region_translated":"","subdivision":"","inn":"","is_sanctioned":"","is_mass_director":"","is_mass_founder":"","is_disqualified_persons":"","geometry_type":"Point","latitude":"56.33576900","longitude":"30.49900200","centroid_latitude":"56.33576900","centroid_longitude":"30.49900200","map_latitude":"56.33576900","map_longitude":"30.49900200","start_latitude":"56.335769","start_longitude":"30.499002","end_latitude":"56.335769","end_longitude":"30.499002","coordinate_count":"1","length_km":"","has_point_location":"true","location_quality":"exact","coordinate_precision":"exact","coordinate_source":"","entity_confidence":"high","freshness":"recent","cross_source_support":"1","review_status":"unreviewed","confidence":"A","confidence_grade":"A","confidence_score":"1.00","selectable":"true","map_layer":"transport_other","map_color":"#2a93d5","map_icon":"bridge","risk_flags":"","subcategory":"bridge","transport_functions":"","un_locode":"","locode_country":"","locode_location":"","iata":"","remarks":"","source_date":"","detected_language":"en_or_unknown","translation_source":"","derived_subcategory":"transport_bridge","derived_subcategory_label":"Bridge","derived_subcategory_confidence":"1.0","derived_subcategory_reason":"asset type","possible_duplicate_group":"","search_text":"Railway Bridge Railway Bridge transport bridge transport Russia Oil & Power Infrastructure Map custom_pins Bridge","references_json":"[{\"reference_id\":\"ref_7406ada540dcf6d2\",\"source_id\":\"russia_oil_power_map\",\"source_name\":\"Russia Oil & Power Infrastructure Map\",\"source_type\":\"map_layer\",\"url\":\"https://russiaoilpowermap.com/data/custom_pins.json\",\"archive_url\":\"\",\"retrieved_at\":\"2026-10-10T09:58:14Z\",\"source_record_id\":\"pin_6aaf1506db6571.40551186\",\"source_file\":\"data/russia_oil_power_infrastructure.csv\",\"source_line_or_record_id\":\"113919\",\"extractor_version\":\"unknown\",\"license_or_terms\":\"unknown\",\"confidence_contribution\":\"0.82\"}]","first_seen_build":"2026-10-10T09:58:14Z","last_seen_build":"2026-10-10T09:58:14Z","change_status":"new","change_types":["new"],"changed_since_previous_build":"false","new_in_latest_build":"true","removed_from_latest_build":"false","source_archive_date":"2026-10-10T09:58:14Z","generation_type":"","primary_fuel":"","secondary_fuels":"","plant_role":"","technology":"","installed_capacity_mw":"","operational_status":"","classification_confidence":"","classification_confidence_score":"","classification_method":"","classification_sources":"","classification_notes":"","alternate_names":"","name_ru":"","match_score":"","match_method":"","matched_source_record_ids":"","is_nuclear":"","nuclear_status":"","reactor_count":"","operating_reactor_count":"","reactor_types":"","nuclear_reference_ids":"","radiological_risk":"","substation_type":"","voltage_kv":"","voltage_levels_kv":"","connected_generation_type":"","ecological_risk_category":"","political_significance":"","risk_assessment_status":"","references":[{"reference_id":"ref_7406ada540dcf6d2","source_id":"russia_oil_power_map","source_name":"Russia Oil & Power Infrastructure Map","source_type":"map_layer","url":"https://russiaoilpowermap.com/data/custom_pins.json","archive_url":"","retrieved_at":"2026-10-10T09:58:14Z","source_record_id":"pin_6aaf1506db6571.40551186","source_file":"data/russia_oil_power_infrastructure.csv","source_line_or_record_id":"113919","extractor_version":"unknown","license_or_terms":"unknown","confidence_contribution":"0.82"}]}},{"type":"Feature","id":"infra_5883dfa120215def","geometry":{"type":"Point","coordinates":[38.257613,50.286882]},"properties":{"uid":"infra_5883dfa120215def","object_id":"infra_5883dfa120215def","source":"russia_oil_power_map","source_dataset":"Russia Oil & Power Infrastructure Map","source_id":"russia_oil_power_map","source_record_id":"pin_6ab01c318aad50.01177667","source_url":"https://russiaoilpowermap.com/data/custom_pins.json","source_capture_date":"2026-10-10T09:58:14Z","source_layer":"custom_pins","source_reference_id":"ref_6c5dbe7043eb61b8","source_name":"Russia Oil & Power Infrastructure Map","source_type":"map_layer","source_reliability":"B","license_or_terms":"unknown","name":"Railway Bridge","name_en":"","description":"","name_translated":"","description_translated":"","display_label":"Railway Bridge","asset_class":"transport","asset_type":"bridge","asset_subtype":"","domain":"transport","status":"","operator":"","product":"","country":"Russia","country_code":"","country_source":"","countries":["Russia"],"source_country":"Russia","country_match_method":"point_in_boundary","region":"","region_translated":"","subdivision":"","inn":"","is_sanctioned":"","is_mass_director":"","is_mass_founder":"","is_disqualified_persons":"","geometry_type":"Point","latitude":"50.28688200","longitude":"38.25761300","centroid_latitude":"50.28688200","centroid_longitude":"38.25761300","map_latitude":"50.28688200","map_longitude":"38.25761300","start_latitude":"50.286882","start_longitude":"38.257613","end_latitude":"50.286882","end_longitude":"38.257613","coordinate_count":"1","length_km":"","has_point_location":"true","location_quality":"exact","coordinate_precision":"exact","coordinate_source":"","entity_confidence":"high","freshness":"recent","cross_source_support":"1","review_status":"unreviewed","confidence":"A","confidence_grade":"A","confidence_score":"1.00","selectable":"true","map_layer":"transport_other","map_color":"#2a93d5","map_icon":"bridge","risk_flags":"","subcategory":"bridge","transport_functions":"","un_locode":"","locode_country":"","locode_location":"","iata":"","remarks":"","source_date":"","detected_language":"en_or_unknown","translation_source":"","derived_subcategory":"transport_bridge","derived_subcategory_label":"Bridge","derived_subcategory_confidence":"1.0","derived_subcategory_reason":"asset type","possible_duplicate_group":"","search_text":"Railway Bridge Railway Bridge transport bridge transport Russia Oil & Power Infrastructure Map custom_pins Bridge","references_json":"[{\"reference_id\":\"ref_6c5dbe7043eb61b8\",\"source_id\":\"russia_oil_power_map\",\"source_name\":\"Russia Oil & Power Infrastructure Map\",\"source_type\":\"map_layer\",\"url\":\"https://russiaoilpowermap.com/data/custom_pins.json\",\"archive_url\":\"\",\"retrieved_at\":\"2026-10-10T09:58:14Z\",\"source_record_id\":\"pin_6ab01c318aad50.01177667\",\"source_file\":\"data/russia_oil_power_infrastructure.csv\",\"source_line_or_record_id\":\"113998\",\"extractor_version\":\"unknown\",\"license_or_terms\":\"unknown\",\"confidence_contribution\":\"0.82\"}]","first_seen_build":"2026-10-10T09:58:14Z","last_seen_build":"2026-10-10T09:58:14Z","change_status":"new","change_types":["new"],"changed_since_previous_build":"false","new_in_latest_build":"true","removed_from_latest_build":"false","source_archive_date":"2026-10-10T09:58:14Z","generation_type":"","primary_fuel":"","secondary_fuels":"","plant_role":"","technology":"","installed_capacity_mw":"","operational_status":"","classification_confidence":"","classification_confidence_score":"","classification_method":"","classification_sources":"","classification_notes":"","alternate_names":"","name_ru":"","match_score":"","match_method":"","matched_source_record_ids":"","is_nuclear":"","nuclear_status":"","reactor_count":"","operating_reactor_count":"","reactor_types":"","nuclear_reference_ids":"","radiological_risk":"","substation_type":"","voltage_kv":"","voltage_levels_kv":"","connected_generation_type":"","ecological_risk_category":"","political_significance":"","risk_assessment_status":"","references":[{"reference_id":"ref_6c5dbe7043eb61b8","source_id":"russia_oil_power_map","source_name":"Russia Oil & Power Infrastructure Map","source_type":"map_layer","url":"https://russiaoilpowermap.com/data/custom_pins.json","archive_url":"","retrieved_at":"2026-10-10T09:58:14Z","source_record_id":"pin_6ab01c318aad50.01177667","source_file":"data/russia_oil_power_infrastructure.csv","source_line_or_record_id":"113998","extractor_version":"unknown","license_or_terms":"unknown","confidence_contribution":"0.82"}]}},{"type":"Feature","id":"infra_09ed01a0ee8423d0","geometry":{"type":"Point","coordinates":[40.102796,47.879204]},"properties":{"uid":"infra_09ed01a0ee8423d0","object_id":"infra_09ed01a0ee8423d0","source":"russia_oil_power_map","source_dataset":"Russia Oil & Power Infrastructure Map","source_id":"russia_oil_power_map","source_record_id":"pin_6ab01d1d5c5a10.23604263","source_url":"https://russiaoilpowermap.com/data/custom_pins.json","source_capture_date":"2026-10-10T09:58:14Z","source_layer":"custom_pins","source_reference_id":"ref_15e9ad63d47badf5","source_name":"Russia Oil & Power Infrastructure Map","source_type":"map_layer","source_reliability":"B","license_or_terms":"unknown","name":"Railway Bridge","name_en":"","description":"","name_translated":"","description_translated":"","display_label":"Railway Bridge","asset_class":"transport","asset_type":"bridge","asset_subtype":"","domain":"transport","status":"","operator":"","product":"","country":"Russia","country_code":"","country_source":"","countries":["Russia"],"source_country":"Russia","country_match_method":"point_in_boundary","region":"","region_translated":"","subdivision":"","inn":"","is_sanctioned":"","is_mass_director":"","is_mass_founder":"","is_disqualified_persons":"","geometry_type":"Point","latitude":"47.87920400","longitude":"40.10279600","centroid_latitude":"47.87920400","centroid_longitude":"40.10279600","map_latitude":"47.87920400","map_longitude":"40.10279600","start_latitude":"47.879204","start_longitude":"40.102796","end_latitude":"47.879204","end_longitude":"40.102796","coordinate_count":"1","length_km":"","has_point_location":"true","location_quality":"exact","coordinate_precision":"exact","coordinate_source":"","entity_confidence":"high","freshness":"recent","cross_source_support":"1","review_status":"unreviewed","confidence":"A","confidence_grade":"A","confidence_score":"1.00","selectable":"true","map_layer":"transport_other","map_color":"#2a93d5","map_icon":"bridge","risk_flags":"","subcategory":"bridge","transport_functions":"","un_locode":"","locode_country":"","locode_location":"","iata":"","remarks":"","source_date":"","detected_language":"en_or_unknown","translation_source":"","derived_subcategory":"transport_bridge","derived_subcategory_label":"Bridge","derived_subcategory_confidence":"1.0","derived_subcategory_reason":"asset type","possible_duplicate_group":"","search_text":"Railway Bridge Railway Bridge transport bridge transport Russia Oil & Power Infrastructure Map custom_pins Bridge","references_json":"[{\"reference_id\":\"ref_15e9ad63d47badf5\",\"source_id\":\"russia_oil_power_map\",\"source_name\":\"Russia Oil & Power Infrastructure Map\",\"source_type\":\"map_layer\",\"url\":\"https://russiaoilpowermap.com/data/custom_pins.json\",\"archive_url\":\"\",\"retrieved_at\":\"2026-10-10T09:58:14Z\",\"source_record_id\":\"pin_6ab01d1d5c5a10.23604263\",\"source_file\":\"data/russia_oil_power_infrastructure.csv\",\"source_line_or_record_id\":\"113999\",\"extractor_version\":\"unknown\",\"license_or_terms\":\"unknown\",\"confidence_contribution\":\"0.82\"}]","first_seen_build":"2026-10-10T09:58:14Z","last_seen_build":"2026-10-10T09:58:14Z","change_status":"new","change_types":["new"],"changed_since_previous_build":"false","new_in_latest_build":"true","removed_from_latest_build":"false","source_archive_date":"2026-10-10T09:58:14Z","generation_type":"","primary_fuel":"","secondary_fuels":"","plant_role":"","technology":"","installed_capacity_mw":"","operational_status":"","classification_confidence":"","classification_confidence_score":"","classification_method":"","classification_sources":"","classification_notes":"","alternate_names":"","name_ru":"","match_score":"","match_method":"","matched_source_record_ids":"","is_nuclear":"","nuclear_status":"","reactor_count":"","operating_reactor_count":"","reactor_types":"","nuclear_reference_ids":"","radiological_risk":"","substation_type":"","voltage_kv":"","voltage_levels_kv":"","connected_generation_type":"","ecological_risk_category":"","political_significance":"","risk_assessment_status":"","references":[{"reference_id":"ref_15e9ad63d47badf5","source_id":"russia_oil_power_map","source_name":"Russia Oil & Power Infrastructure Map","source_type":"map_layer","url":"https://russiaoilpowermap.com/data/custom_pins.json","archive_url":"","retrieved_at":"2026-10-10T09:58:14Z","source_record_id":"pin_6ab01d1d5c5a10.23604263","source_file":"data/russia_oil_power_infrastructure.csv","source_line_or_record_id":"113999","extractor_version":"unknown","license_or_terms":"unknown","confidence_contribution":"0.82"}]}},{"type":"Feature","id":"infra_37b7a427170c0e4e","geometry":{"type":"Point","coordinates":[40.095747,47.511683]},"properties":{"uid":"infra_37b7a427170c0e4e","object_id":"infra_37b7a427170c0e4e","source":"russia_oil_power_map","source_dataset":"Russia Oil & Power Infrastructure Map","source_id":"russia_oil_power_map","source_record_id":"pin_6ab01d997bee20.43456897","source_url":"https://russiaoilpowermap.com/data/custom_pins.json","source_capture_date":"2026-10-10T09:58:14Z","source_layer":"custom_pins","source_reference_id":"ref_80aadf36894c2536","source_name":"Russia Oil & Power Infrastructure Map","source_type":"map_layer","source_reliability":"B","license_or_terms":"unknown","name":"Railway Bridge","name_en":"","description":"","name_translated":"","description_translated":"","display_label":"Railway Bridge","asset_class":"transport","asset_type":"bridge","asset_subtype":"","domain":"transport","status":"","operator":"","product":"","country":"Russia","country_code":"","country_source":"","countries":["Russia"],"source_country":"Russia","country_match_method":"point_in_boundary","region":"","region_translated":"","subdivision":"","inn":"","is_sanctioned":"","is_mass_director":"","is_mass_founder":"","is_disqualified_persons":"","geometry_type":"Point","latitude":"47.51168300","longitude":"40.09574700","centroid_latitude":"47.51168300","centroid_longitude":"40.09574700","map_latitude":"47.51168300","map_longitude":"40.09574700","start_latitude":"47.511683","start_longitude":"40.095747","end_latitude":"47.511683","end_longitude":"40.095747","coordinate_count":"1","length_km":"","has_point_location":"true","location_quality":"exact","coordinate_precision":"exact","coordinate_source":"","entity_confidence":"high","freshness":"recent","cross_source_support":"1","review_status":"unreviewed","confidence":"A","confidence_grade":"A","confidence_score":"1.00","selectable":"true","map_layer":"transport_other","map_color":"#2a93d5","map_icon":"bridge","risk_flags":"","subcategory":"bridge","transport_functions":"","un_locode":"","locode_country":"","locode_location":"","iata":"","remarks":"","source_date":"","detected_language":"en_or_unknown","translation_source":"","derived_subcategory":"transport_bridge","derived_subcategory_label":"Bridge","derived_subcategory_confidence":"1.0","derived_subcategory_reason":"asset type","possible_duplicate_group":"","search_text":"Railway Bridge Railway Bridge transport bridge transport Russia Oil & Power Infrastructure Map custom_pins Bridge","references_json":"[{\"reference_id\":\"ref_80aadf36894c2536\",\"source_id\":\"russia_oil_power_map\",\"source_name\":\"Russia Oil & Power Infrastructure Map\",\"source_type\":\"map_layer\",\"url\":\"https://russiaoilpowermap.com/data/custom_pins.json\",\"archive_url\":\"\",\"retrieved_at\":\"2026-10-10T09:58:14Z\",\"source_record_id\":\"pin_6ab01d997bee20.43456897\",\"source_file\":\"data/russia_oil_power_infrastructure.csv\",\"source_line_or_record_id\":\"114001\",\"extractor_version\":\"unknown\",\"license_or_terms\":\"unknown\",\"confidence_contribution\":\"0.82\"}]","first_seen_build":"2026-10-10T09:58:14Z","last_seen_build":"2026-10-10T09:58:14Z","change_status":"new","change_types":["new"],"changed_since_previous_build":"false","new_in_latest_build":"true","removed_from_latest_build":"false","source_archive_date":"2026-10-10T09:58:14Z","generation_type":"","primary_fuel":"","secondary_fuels":"","plant_role":"","technology":"","installed_capacity_mw":"","operational_status":"","classification_confidence":"","classification_confidence_score":"","classification_method":"","classification_sources":"","classification_notes":"","alternate_names":"","name_ru":"","match_score":"","match_method":"","matched_source_record_ids":"","is_nuclear":"","nuclear_status":"","reactor_count":"","operating_reactor_count":"","reactor_types":"","nuclear_reference_ids":"","radiological_risk":"","substation_type":"","voltage_kv":"","voltage_levels_kv":"","connected_generation_type":"","ecological_risk_category":"","political_significance":"","risk_assessment_status":"","references":[{"reference_id":"ref_80aadf36894c2536","source_id":"russia_oil_power_map","source_name":"Russia Oil & Power Infrastructure Map","source_type":"map_layer","url":"https://russiaoilpowermap.com/data/custom_pins.json","archive_url":"","retrieved_at":"2026-10-10T09:58:14Z","source_record_id":"pin_6ab01d997bee20.43456897","source_file":"data/russia_oil_power_infrastructure.csv","source_line_or_record_id":"114001","extractor_version":"unknown","license_or_terms":"unknown","confidence_contribution":"0.82"}]}},{"type":"Feature","id":"infra_6a6e9cb16da5a91e","geometry":{"type":"Point","coordinates":[40.103445,47.432315]},"properties":{"uid":"infra_6a6e9cb16da5a91e","object_id":"infra_6a6e9cb16da5a91e","source":"russia_oil_power_map","source_dataset":"Russia Oil & Power Infrastructure Map","source_id":"russia_oil_power_map","source_record_id":"pin_6ab01db22af802.68279373","source_url":"https://russiaoilpowermap.com/data/custom_pins.json","source_capture_date":"2026-10-10T09:58:14Z","source_layer":"custom_pins","source_reference_id":"ref_85da63a1fa899fee","source_name":"Russia Oil & Power Infrastructure Map","source_type":"map_layer","source_reliability":"B","license_or_terms":"unknown","name":"Railway Bridge","name_en":"","description":"","name_translated":"","description_translated":"","display_label":"Railway Bridge","asset_class":"transport","asset_type":"bridge","asset_subtype":"","domain":"transport","status":"","operator":"","product":"","country":"Russia","country_code":"","country_source":"","countries":["Russia"],"source_country":"Russia","country_match_method":"point_in_boundary","region":"","region_translated":"","subdivision":"","inn":"","is_sanctioned":"","is_mass_director":"","is_mass_founder":"","is_disqualified_persons":"","geometry_type":"Point","latitude":"47.43231500","longitude":"40.10344500","centroid_latitude":"47.43231500","centroid_longitude":"40.10344500","map_latitude":"47.43231500","map_longitude":"40.10344500","start_latitude":"47.432315","start_longitude":"40.103445","end_latitude":"47.432315","end_longitude":"40.103445","coordinate_count":"1","length_km":"","has_point_location":"true","location_quality":"exact","coordinate_precision":"exact","coordinate_source":"","entity_confidence":"high","freshness":"recent","cross_source_support":"1","review_status":"unreviewed","confidence":"A","confidence_grade":"A","confidence_score":"1.00","selectable":"true","map_layer":"transport_other","map_color":"#2a93d5","map_icon":"bridge","risk_flags":"","subcategory":"bridge","transport_functions":"","un_locode":"","locode_country":"","locode_location":"","iata":"","remarks":"","source_date":"","detected_language":"en_or_unknown","translation_source":"","derived_subcategory":"transport_bridge","derived_subcategory_label":"Bridge","derived_subcategory_confidence":"1.0","derived_subcategory_reason":"asset type","possible_duplicate_group":"","search_text":"Railway Bridge Railway Bridge transport bridge transport Russia Oil & Power Infrastructure Map custom_pins Bridge","references_json":"[{\"reference_id\":\"ref_85da63a1fa899fee\",\"source_id\":\"russia_oil_power_map\",\"source_name\":\"Russia Oil & Power Infrastructure Map\",\"source_type\":\"map_layer\",\"url\":\"https://russiaoilpowermap.com/data/custom_pins.json\",\"archive_url\":\"\",\"retrieved_at\":\"2026-10-10T09:58:14Z\",\"source_record_id\":\"pin_6ab01db22af802.68279373\",\"source_file\":\"data/russia_oil_power_infrastructure.csv\",\"source_line_or_record_id\":\"114002\",\"extractor_version\":\"unknown\",\"license_or_terms\":\"unknown\",\"confidence_contribution\":\"0.82\"}]","first_seen_build":"2026-10-10T09:58:14Z","last_seen_build":"2026-10-10T09:58:14Z","change_status":"new","change_types":["new"],"changed_since_previous_build":"false","new_in_latest_build":"true","removed_from_latest_build":"false","source_archive_date":"2026-10-10T09:58:14Z","generation_type":"","primary_fuel":"","secondary_fuels":"","plant_role":"","technology":"","installed_capacity_mw":"","operational_status":"","classification_confidence":"","classification_confidence_score":"","classification_method":"","classification_sources":"","classification_notes":"","alternate_names":"","name_ru":"","match_score":"","match_method":"","matched_source_record_ids":"","is_nuclear":"","nuclear_status":"","reactor_count":"","operating_reactor_count":"","reactor_types":"","nuclear_reference_ids":"","radiological_risk":"","substation_type":"","voltage_kv":"","voltage_levels_kv":"","connected_generation_type":"","ecological_risk_category":"","political_significance":"","risk_assessment_status":"","references":[{"reference_id":"ref_85da63a1fa899fee","source_id":"russia_oil_power_map","source_name":"Russia Oil & Power Infrastructure Map","source_type":"map_layer","url":"https://russiaoilpowermap.com/data/custom_pins.json","archive_url":"","retrieved_at":"2026-10-10T09:58:14Z","source_record_id":"pin_6ab01db22af802.68279373","source_file":"data/russia_oil_power_infrastructure.csv","source_line_or_record_id":"114002","extractor_version":"unknown","license_or_terms":"unknown","confidence_contribution":"0.82"}]}},{"type":"Feature","id":"infra_044b679d3069cc85","geometry":{"type":"Point","coordinates":[40.057064,47.363697]},"properties":{"uid":"infra_044b679d3069cc85","object_id":"infra_044b679d3069cc85","source":"russia_oil_power_map","source_dataset":"Russia Oil & Power Infrastructure Map","source_id":"russia_oil_power_map","source_record_id":"pin_6ab01dca22a960.50515881","source_url":"https://russiaoilpowermap.com/data/custom_pins.json","source_capture_date":"2026-10-10T09:58:14Z","source_layer":"custom_pins","source_reference_id":"ref_e032dfb1e9ed2f79","source_name":"Russia Oil & Power Infrastructure Map","source_type":"map_layer","source_reliability":"B","license_or_terms":"unknown","name":"Railway Bridge","name_en":"","description":"","name_translated":"","description_translated":"","display_label":"Railway Bridge","asset_class":"transport","asset_type":"bridge","asset_subtype":"","domain":"transport","status":"","operator":"","product":"","country":"Russia","country_code":"","country_source":"","countries":["Russia"],"source_country":"Russia","country_match_method":"point_in_boundary","region":"","region_translated":"","subdivision":"","inn":"","is_sanctioned":"","is_mass_director":"","is_mass_founder":"","is_disqualified_persons":"","geometry_type":"Point","latitude":"47.36369700","longitude":"40.05706400","centroid_latitude":"47.36369700","centroid_longitude":"40.05706400","map_latitude":"47.36369700","map_longitude":"40.05706400","start_latitude":"47.363697","start_longitude":"40.057064","end_latitude":"47.363697","end_longitude":"40.057064","coordinate_count":"1","length_km":"","has_point_location":"true","location_quality":"exact","coordinate_precision":"exact","coordinate_source":"","entity_confidence":"high","freshness":"recent","cross_source_support":"1","review_status":"unreviewed","confidence":"A","confidence_grade":"A","confidence_score":"1.00","selectable":"true","map_layer":"transport_other","map_color":"#2a93d5","map_icon":"bridge","risk_flags":"","subcategory":"bridge","transport_functions":"","un_locode":"","locode_country":"","locode_location":"","iata":"","remarks":"","source_date":"","detected_language":"en_or_unknown","translation_source":"","derived_subcategory":"transport_bridge","derived_subcategory_label":"Bridge","derived_subcategory_confidence":"1.0","derived_subcategory_reason":"asset type","possible_duplicate_group":"","search_text":"Railway Bridge Railway Bridge transport bridge transport Russia Oil & Power Infrastructure Map custom_pins Bridge","references_json":"[{\"reference_id\":\"ref_e032dfb1e9ed2f79\",\"source_id\":\"russia_oil_power_map\",\"source_name\":\"Russia Oil & Power Infrastructure Map\",\"source_type\":\"map_layer\",\"url\":\"https://russiaoilpowermap.com/data/custom_pins.json\",\"archive_url\":\"\",\"retrieved_at\":\"2026-10-10T09:58:14Z\",\"source_record_id\":\"pin_6ab01dca22a960.50515881\",\"source_file\":\"data/russia_oil_power_infrastructure.csv\",\"source_line_or_record_id\":\"114003\",\"extractor_version\":\"unknown\",\"license_or_terms\":\"unknown\",\"confidence_contribution\":\"0.82\"}]","first_seen_build":"2026-10-10T09:58:14Z","last_seen_build":"2026-10-10T09:58:14Z","change_status":"new","change_types":["new"],"changed_since_previous_build":"false","new_in_latest_build":"true","removed_from_latest_build":"false","source_archive_date":"2026-10-10T09:58:14Z","generation_type":"","primary_fuel":"","secondary_fuels":"","plant_role":"","technology":"","installed_capacity_mw":"","operational_status":"","classification_confidence":"","classification_confidence_score":"","classification_method":"","classification_sources":"","classification_notes":"","alternate_names":"","name_ru":"","match_score":"","match_method":"","matched_source_record_ids":"","is_nuclear":"","nuclear_status":"","reactor_count":"","operating_reactor_count":"","reactor_types":"","nuclear_reference_ids":"","radiological_risk":"","substation_type":"","voltage_kv":"","voltage_levels_kv":"","connected_generation_type":"","ecological_risk_category":"","political_significance":"","risk_assessment_status":"","references":[{"reference_id":"ref_e032dfb1e9ed2f79","source_id":"russia_oil_power_map","source_name":"Russia Oil & Power Infrastructure Map","source_type":"map_layer","url":"https://russiaoilpowermap.com/data/custom_pins.json","archive_url":"","retrieved_at":"2026-10-10T09:58:14Z","source_record_id":"pin_6ab01dca22a960.50515881","source_file":"data/russia_oil_power_infrastructure.csv","source_line_or_record_id":"114003","extractor_version":"unknown","license_or_terms":"unknown","confidence_contribution":"0.82"}]}},{"type":"Feature","id":"infra_c6c00021006654bd","geometry":{"type":"Point","coordinates":[39.664872,47.236959]},"properties":{"uid":"infra_c6c00021006654bd","object_id":"infra_c6c00021006654bd","source":"russia_oil_power_map","source_dataset":"Russia Oil & Power Infrastructure Map","source_id":"russia_oil_power_map","source_record_id":"pin_6ab01df5e246e5.46252610","source_url":"https://russiaoilpowermap.com/data/custom_pins.json","source_capture_date":"2026-10-10T09:58:14Z","source_layer":"custom_pins","source_reference_id":"ref_8faff8c6de2fc850","source_name":"Russia Oil & Power Infrastructure Map","source_type":"map_layer","source_reliability":"B","license_or_terms":"unknown","name":"Railway Bridge","name_en":"","description":"","name_translated":"","description_translated":"","display_label":"Railway Bridge","asset_class":"transport","asset_type":"bridge","asset_subtype":"","domain":"transport","status":"","operator":"","product":"","country":"Russia","country_code":"","country_source":"","countries":["Russia"],"source_country":"Russia","country_match_method":"point_in_boundary","region":"","region_translated":"","subdivision":"","inn":"","is_sanctioned":"","is_mass_director":"","is_mass_founder":"","is_disqualified_persons":"","geometry_type":"Point","latitude":"47.23695900","longitude":"39.66487200","centroid_latitude":"47.23695900","centroid_longitude":"39.66487200","map_latitude":"47.23695900","map_longitude":"39.66487200","start_latitude":"47.236959","start_longitude":"39.664872","end_latitude":"47.236959","end_longitude":"39.664872","coordinate_count":"1","length_km":"","has_point_location":"true","location_quality":"exact","coordinate_precision":"exact","coordinate_source":"","entity_confidence":"high","freshness":"recent","cross_source_support":"1","review_status":"unreviewed","confidence":"A","confidence_grade":"A","confidence_score":"1.00","selectable":"true","map_layer":"transport_other","map_color":"#2a93d5","map_icon":"bridge","risk_flags":"","subcategory":"bridge","transport_functions":"","un_locode":"","locode_country":"","locode_location":"","iata":"","remarks":"","source_date":"","detected_language":"en_or_unknown","translation_source":"","derived_subcategory":"transport_bridge","derived_subcategory_label":"Bridge","derived_subcategory_confidence":"1.0","derived_subcategory_reason":"asset type","possible_duplicate_group":"","search_text":"Railway Bridge Railway Bridge transport bridge transport Russia Oil & Power Infrastructure Map custom_pins Bridge","references_json":"[{\"reference_id\":\"ref_8faff8c6de2fc850\",\"source_id\":\"russia_oil_power_map\",\"source_name\":\"Russia Oil & Power Infrastructure Map\",\"source_type\":\"map_layer\",\"url\":\"https://russiaoilpowermap.com/data/custom_pins.json\",\"archive_url\":\"\",\"retrieved_at\":\"2026-10-10T09:58:14Z\",\"source_record_id\":\"pin_6ab01df5e246e5.46252610\",\"source_file\":\"data/russia_oil_power_infrastructure.csv\",\"source_line_or_record_id\":\"114004\",\"extractor_version\":\"unknown\",\"license_or_terms\":\"unknown\",\"confidence_contribution\":\"0.82\"}]","first_seen_build":"2026-10-10T09:58:14Z","last_seen_build":"2026-10-10T09:58:14Z","change_status":"new","change_types":["new"],"changed_since_previous_build":"false","new_in_latest_build":"true","removed_from_latest_build":"false","source_archive_date":"2026-10-10T09:58:14Z","generation_type":"","primary_fuel":"","secondary_fuels":"","plant_role":"","technology":"","installed_capacity_mw":"","operational_status":"","classification_confidence":"","classification_confidence_score":"","classification_method":"","classification_sources":"","classification_notes":"","alternate_names":"","name_ru":"","match_score":"","match_method":"","matched_source_record_ids":"","is_nuclear":"","nuclear_status":"","reactor_count":"","operating_reactor_count":"","reactor_types":"","nuclear_reference_ids":"","radiological_risk":"","substation_type":"","voltage_kv":"","voltage_levels_kv":"","connected_generation_type":"","ecological_risk_category":"","political_significance":"","risk_assessment_status":"","references":[{"reference_id":"ref_8faff8c6de2fc850","source_id":"russia_oil_power_map","source_name":"Russia Oil & Power Infrastructure Map","source_type":"map_layer","url":"https://russiaoilpowermap.com/data/custom_pins.json","archive_url":"","retrieved_at":"2026-10-10T09:58:14Z","source_record_id":"pin_6ab01df5e246e5.46252610","source_file":"data/russia_oil_power_infrastructure.csv","source_line_or_record_id":"114004","extractor_version":"unknown","license_or_terms":"unknown","confidence_contribution":"0.82"}]}},{"type":"Feature","id":"infra_3d229ff7b3ac5afc","geometry":{"type":"Point","coordinates":[39.556403,46.979257]},"properties":{"uid":"infra_3d229ff7b3ac5afc","object_id":"infra_3d229ff7b3ac5afc","source":"russia_oil_power_map","source_dataset":"Russia Oil & Power Infrastructure Map","source_id":"russia_oil_power_map","source_record_id":"pin_6ab01e10940903.61150875","source_url":"https://russiaoilpowermap.com/data/custom_pins.json","source_capture_date":"2026-10-10T09:58:14Z","source_layer":"custom_pins","source_reference_id":"ref_3b68ceda4ff6c8f1","source_name":"Russia Oil & Power Infrastructure Map","source_type":"map_layer","source_reliability":"B","license_or_terms":"unknown","name":"Railway Bridge","name_en":"","description":"","name_translated":"","description_translated":"","display_label":"Railway Bridge","asset_class":"transport","asset_type":"bridge","asset_subtype":"","domain":"transport","status":"","operator":"","product":"","country":"Russia","country_code":"","country_source":"","countries":["Russia"],"source_country":"Russia","country_match_method":"point_in_boundary","region":"","region_translated":"","subdivision":"","inn":"","is_sanctioned":"","is_mass_director":"","is_mass_founder":"","is_disqualified_persons":"","geometry_type":"Point","latitude":"46.97925700","longitude":"39.55640300","centroid_latitude":"46.97925700","centroid_longitude":"39.55640300","map_latitude":"46.97925700","map_longitude":"39.55640300","start_latitude":"46.979257","start_longitude":"39.556403","end_latitude":"46.979257","end_longitude":"39.556403","coordinate_count":"1","length_km":"","has_point_location":"true","location_quality":"exact","coordinate_precision":"exact","coordinate_source":"","entity_confidence":"high","freshness":"recent","cross_source_support":"1","review_status":"unreviewed","confidence":"A","confidence_grade":"A","confidence_score":"1.00","selectable":"true","map_layer":"transport_other","map_color":"#2a93d5","map_icon":"bridge","risk_flags":"","subcategory":"bridge","transport_functions":"","un_locode":"","locode_country":"","locode_location":"","iata":"","remarks":"","source_date":"","detected_language":"en_or_unknown","translation_source":"","derived_subcategory":"transport_bridge","derived_subcategory_label":"Bridge","derived_subcategory_confidence":"1.0","derived_subcategory_reason":"asset type","possible_duplicate_group":"","search_text":"Railway Bridge Railway Bridge transport bridge transport Russia Oil & Power Infrastructure Map custom_pins Bridge","references_json":"[{\"reference_id\":\"ref_3b68ceda4ff6c8f1\",\"source_id\":\"russia_oil_power_map\",\"source_name\":\"Russia Oil & Power Infrastructure Map\",\"source_type\":\"map_layer\",\"url\":\"https://russiaoilpowermap.com/data/custom_pins.json\",\"archive_url\":\"\",\"retrieved_at\":\"2026-10-10T09:58:14Z\",\"source_record_id\":\"pin_6ab01e10940903.61150875\",\"source_file\":\"data/russia_oil_power_infrastructure.csv\",\"source_line_or_record_id\":\"114005\",\"extractor_version\":\"unknown\",\"license_or_terms\":\"unknown\",\"confidence_contribution\":\"0.82\"}]","first_seen_build":"2026-10-10T09:58:14Z","last_seen_build":"2026-10-10T09:58:14Z","change_status":"new","change_types":["new"],"changed_since_previous_build":"false","new_in_latest_build":"true","removed_from_latest_build":"false","source_archive_date":"2026-10-10T09:58:14Z","generation_type":"","primary_fuel":"","secondary_fuels":"","plant_role":"","technology":"","installed_capacity_mw":"","operational_status":"","classification_confidence":"","classification_confidence_score":"","classification_method":"","classification_sources":"","classification_notes":"","alternate_names":"","name_ru":"","match_score":"","match_method":"","matched_source_record_ids":"","is_nuclear":"","nuclear_status":"","reactor_count":"","operating_reactor_count":"","reactor_types":"","nuclear_reference_ids":"","radiological_risk":"","substation_type":"","voltage_kv":"","voltage_levels_kv":"","connected_generation_type":"","ecological_risk_category":"","political_significance":"","risk_assessment_status":"","references":[{"reference_id":"ref_3b68ceda4ff6c8f1","source_id":"russia_oil_power_map","source_name":"Russia Oil & Power Infrastructure Map","source_type":"map_layer","url":"https://russiaoilpowermap.com/data/custom_pins.json","archive_url":"","retrieved_at":"2026-10-10T09:58:14Z","source_record_id":"pin_6ab01e10940903.61150875","source_file":"data/russia_oil_power_infrastructure.csv","source_line_or_record_id":"114005","extractor_version":"unknown","license_or_terms":"unknown","confidence_contribution":"0.82"}]}},{"type":"Feature","id":"infra_340d04f20c23b040","geometry":{"type":"Point","coordinates":[39.241168,46.735666]},"properties":{"uid":"infra_340d04f20c23b040","object_id":"infra_340d04f20c23b040","source":"russia_oil_power_map","source_dataset":"Russia Oil & Power Infrastructure Map","source_id":"russia_oil_power_map","source_record_id":"pin_6ab01e1e0928f4.64297556","source_url":"https://russiaoilpowermap.com/data/custom_pins.json","source_capture_date":"2026-10-10T09:58:14Z","source_layer":"custom_pins","source_reference_id":"ref_864fd9de501e27a8","source_name":"Russia Oil & Power Infrastructure Map","source_type":"map_layer","source_reliability":"B","license_or_terms":"unknown","name":"Railway Bridge","name_en":"","description":"","name_translated":"","description_translated":"","display_label":"Railway Bridge","asset_class":"transport","asset_type":"bridge","asset_subtype":"","domain":"transport","status":"","operator":"","product":"","country":"Russia","country_code":"","country_source":"","countries":["Russia"],"source_country":"Russia","country_match_method":"point_in_boundary","region":"","region_translated":"","subdivision":"","inn":"","is_sanctioned":"","is_mass_director":"","is_mass_founder":"","is_disqualified_persons":"","geometry_type":"Point","latitude":"46.73566600","longitude":"39.24116800","centroid_latitude":"46.73566600","centroid_longitude":"39.24116800","map_latitude":"46.73566600","map_longitude":"39.24116800","start_latitude":"46.735666","start_longitude":"39.241168","end_latitude":"46.735666","end_longitude":"39.241168","coordinate_count":"1","length_km":"","has_point_location":"true","location_quality":"exact","coordinate_precision":"exact","coordinate_source":"","entity_confidence":"high","freshness":"recent","cross_source_support":"1","review_status":"unreviewed","confidence":"A","confidence_grade":"A","confidence_score":"1.00","selectable":"true","map_layer":"transport_other","map_color":"#2a93d5","map_icon":"bridge","risk_flags":"","subcategory":"bridge","transport_functions":"","un_locode":"","locode_country":"","locode_location":"","iata":"","remarks":"","source_date":"","detected_language":"en_or_unknown","translation_source":"","derived_subcategory":"transport_bridge","derived_subcategory_label":"Bridge","derived_subcategory_confidence":"1.0","derived_subcategory_reason":"asset type","possible_duplicate_group":"","search_text":"Railway Bridge Railway Bridge transport bridge transport Russia Oil & Power Infrastructure Map custom_pins Bridge","references_json":"[{\"reference_id\":\"ref_864fd9de501e27a8\",\"source_id\":\"russia_oil_power_map\",\"source_name\":\"Russia Oil & Power Infrastructure Map\",\"source_type\":\"map_layer\",\"url\":\"https://russiaoilpowermap.com/data/custom_pins.json\",\"archive_url\":\"\",\"retrieved_at\":\"2026-10-10T09:58:14Z\",\"source_record_id\":\"pin_6ab01e1e0928f4.64297556\",\"source_file\":\"data/russia_oil_power_infrastructure.csv\",\"source_line_or_record_id\":\"114006\",\"extractor_version\":\"unknown\",\"license_or_terms\":\"unknown\",\"confidence_contribution\":\"0.82\"}]","first_seen_build":"2026-10-10T09:58:14Z","last_seen_build":"2026-10-10T09:58:14Z","change_status":"new","change_types":["new"],"changed_since_previous_build":"false","new_in_latest_build":"true","removed_from_latest_build":"false","source_archive_date":"2026-10-10T09:58:14Z","generation_type":"","primary_fuel":"","secondary_fuels":"","plant_role":"","technology":"","installed_capacity_mw":"","operational_status":"","classification_confidence":"","classification_confidence_score":"","classification_method":"","classification_sources":"","classification_notes":"","alternate_names":"","name_ru":"","match_score":"","match_method":"","matched_source_record_ids":"","is_nuclear":"","nuclear_status":"","reactor_count":"","operating_reactor_count":"","reactor_types":"","nuclear_reference_ids":"","radiological_risk":"","substation_type":"","voltage_kv":"","voltage_levels_kv":"","connected_generation_type":"","ecological_risk_category":"","political_significance":"","risk_assessment_status":"","references":[{"reference_id":"ref_864fd9de501e27a8","source_id":"russia_oil_power_map","source_name":"Russia Oil & Power Infrastructure Map","source_type":"map_layer","url":"https://russiaoilpowermap.com/data/custom_pins.json","archive_url":"","retrieved_at":"2026-10-10T09:58:14Z","source_record_id":"pin_6ab01e1e0928f4.64297556","source_file":"data/russia_oil_power_infrastructure.csv","source_line_or_record_id":"114006","extractor_version":"unknown","license_or_terms":"unknown","confidence_contribution":"0.82"}]}},{"type":"Feature","id":"infra_660ec33749eebf8a","geometry":{"type":"Point","coordinates":[39.249457,46.600703]},"properties":{"uid":"infra_660ec33749eebf8a","object_id":"infra_660ec33749eebf8a","source":"russia_oil_power_map","source_dataset":"Russia Oil & Power Infrastructure Map","source_id":"russia_oil_power_map","source_record_id":"pin_6ab01e27e78b08.75728965","source_url":"https://russiaoilpowermap.com/data/custom_pins.json","source_capture_date":"2026-10-10T09:58:14Z","source_layer":"custom_pins","source_reference_id":"ref_6333e5a0571721a8","source_name":"Russia Oil & Power Infrastructure Map","source_type":"map_layer","source_reliability":"B","license_or_terms":"unknown","name":"Railway Bridge","name_en":"","description":"","name_translated":"","description_translated":"","display_label":"Railway Bridge","asset_class":"transport","asset_type":"bridge","asset_subtype":"","domain":"transport","status":"","operator":"","product":"","country":"Russia","country_code":"","country_source":"","countries":["Russia"],"source_country":"Russia","country_match_method":"point_in_boundary","region":"","region_translated":"","subdivision":"","inn":"","is_sanctioned":"","is_mass_director":"","is_mass_founder":"","is_disqualified_persons":"","geometry_type":"Point","latitude":"46.60070300","longitude":"39.24945700","centroid_latitude":"46.60070300","centroid_longitude":"39.24945700","map_latitude":"46.60070300","map_longitude":"39.24945700","start_latitude":"46.600703","start_longitude":"39.249457","end_latitude":"46.600703","end_longitude":"39.249457","coordinate_count":"1","length_km":"","has_point_location":"true","location_quality":"exact","coordinate_precision":"exact","coordinate_source":"","entity_confidence":"high","freshness":"recent","cross_source_support":"1","review_status":"unreviewed","confidence":"A","confidence_grade":"A","confidence_score":"1.00","selectable":"true","map_layer":"transport_other","map_color":"#2a93d5","map_icon":"bridge","risk_flags":"","subcategory":"bridge","transport_functions":"","un_locode":"","locode_country":"","locode_location":"","iata":"","remarks":"","source_date":"","detected_language":"en_or_unknown","translation_source":"","derived_subcategory":"transport_bridge","derived_subcategory_label":"Bridge","derived_subcategory_confidence":"1.0","derived_subcategory_reason":"asset type","possible_duplicate_group":"","search_text":"Railway Bridge Railway Bridge transport bridge transport Russia Oil & Power Infrastructure Map custom_pins Bridge","references_json":"[{\"reference_id\":\"ref_6333e5a0571721a8\",\"source_id\":\"russia_oil_power_map\",\"source_name\":\"Russia Oil & Power Infrastructure Map\",\"source_type\":\"map_layer\",\"url\":\"https://russiaoilpowermap.com/data/custom_pins.json\",\"archive_url\":\"\",\"retrieved_at\":\"2026-10-10T09:58:14Z\",\"source_record_id\":\"pin_6ab01e27e78b08.75728965\",\"source_file\":\"data/russia_oil_power_infrastructure.csv\",\"source_line_or_record_id\":\"114007\",\"extractor_version\":\"unknown\",\"license_or_terms\":\"unknown\",\"confidence_contribution\":\"0.82\"}]","first_seen_build":"2026-10-10T09:58:14Z","last_seen_build":"2026-10-10T09:58:14Z","change_status":"new","change_types":["new"],"changed_since_previous_build":"false","new_in_latest_build":"true","removed_from_latest_build":"false","source_archive_date":"2026-10-10T09:58:14Z","generation_type":"","primary_fuel":"","secondary_fuels":"","plant_role":"","technology":"","installed_capacity_mw":"","operational_status":"","classification_confidence":"","classification_confidence_score":"","classification_method":"","classification_sources":"","classification_notes":"","alternate_names":"","name_ru":"","match_score":"","match_method":"","matched_source_record_ids":"","is_nuclear":"","nuclear_status":"","reactor_count":"","operating_reactor_count":"","reactor_types":"","nuclear_reference_ids":"","radiological_risk":"","substation_type":"","voltage_kv":"","voltage_levels_kv":"","connected_generation_type":"","ecological_risk_category":"","political_significance":"","risk_assessment_status":"","references":[{"reference_id":"ref_6333e5a0571721a8","source_id":"russia_oil_power_map","source_name":"Russia Oil & Power Infrastructure Map","source_type":"map_layer","url":"https://russiaoilpowermap.com/data/custom_pins.json","archive_url":"","retrieved_at":"2026-10-10T09:58:14Z","source_record_id":"pin_6ab01e27e78b08.75728965","source_file":"data/russia_oil_power_infrastructure.csv","source_line_or_record_id":"114007","extractor_version":"unknown","license_or_terms":"unknown","confidence_contribution":"0.82"}]}},{"type":"Feature","id":"infra_55e267a09688f280","geometry":{"type":"Point","coordinates":[39.108335,46.521046]},"properties":{"uid":"infra_55e267a09688f280","object_id":"infra_55e267a09688f280","source":"russia_oil_power_map","source_dataset":"Russia Oil & Power Infrastructure Map","source_id":"russia_oil_power_map","source_record_id":"pin_6ab01e3059e9f1.90732693","source_url":"https://russiaoilpowermap.com/data/custom_pins.json","source_capture_date":"2026-10-10T09:58:14Z","source_layer":"custom_pins","source_reference_id":"ref_df8ff6fea9956767","source_name":"Russia Oil & Power Infrastructure Map","source_type":"map_layer","source_reliability":"B","license_or_terms":"unknown","name":"Railway Bridge","name_en":"","description":"","name_translated":"","description_translated":"","display_label":"Railway Bridge","asset_class":"transport","asset_type":"bridge","asset_subtype":"","domain":"transport","status":"","operator":"","product":"","country":"Russia","country_code":"","country_source":"","countries":["Russia"],"source_country":"Russia","country_match_method":"point_in_boundary","region":"","region_translated":"","subdivision":"","inn":"","is_sanctioned":"","is_mass_director":"","is_mass_founder":"","is_disqualified_persons":"","geometry_type":"Point","latitude":"46.52104600","longitude":"39.10833500","centroid_latitude":"46.52104600","centroid_longitude":"39.10833500","map_latitude":"46.52104600","map_longitude":"39.10833500","start_latitude":"46.521046","start_longitude":"39.108335","end_latitude":"46.521046","end_longitude":"39.108335","coordinate_count":"1","length_km":"","has_point_location":"true","location_quality":"exact","coordinate_precision":"exact","coordinate_source":"","entity_confidence":"high","freshness":"recent","cross_source_support":"1","review_status":"unreviewed","confidence":"A","confidence_grade":"A","confidence_score":"1.00","selectable":"true","map_layer":"transport_other","map_color":"#2a93d5","map_icon":"bridge","risk_flags":"","subcategory":"bridge","transport_functions":"","un_locode":"","locode_country":"","locode_location":"","iata":"","remarks":"","source_date":"","detected_language":"en_or_unknown","translation_source":"","derived_subcategory":"transport_bridge","derived_subcategory_label":"Bridge","derived_subcategory_confidence":"1.0","derived_subcategory_reason":"asset type","possible_duplicate_group":"","search_text":"Railway Bridge Railway Bridge transport bridge transport Russia Oil & Power Infrastructure Map custom_pins Bridge","references_json":"[{\"reference_id\":\"ref_df8ff6fea9956767\",\"source_id\":\"russia_oil_power_map\",\"source_name\":\"Russia Oil & Power Infrastructure Map\",\"source_type\":\"map_layer\",\"url\":\"https://russiaoilpowermap.com/data/custom_pins.json\",\"archive_url\":\"\",\"retrieved_at\":\"2026-10-10T09:58:14Z\",\"source_record_id\":\"pin_6ab01e3059e9f1.90732693\",\"source_file\":\"data/russia_oil_power_infrastructure.csv\",\"source_line_or_record_id\":\"114008\",\"extractor_version\":\"unknown\",\"license_or_terms\":\"unknown\",\"confidence_contribution\":\"0.82\"}]","first_seen_build":"2026-10-10T09:58:14Z","last_seen_build":"2026-10-10T09:58:14Z","change_status":"new","change_types":["new"],"changed_since_previous_build":"false","new_in_latest_build":"true","removed_from_latest_build":"false","source_archive_date":"2026-10-10T09:58:14Z","generation_type":"","primary_fuel":"","secondary_fuels":"","plant_role":"","technology":"","installed_capacity_mw":"","operational_status":"","classification_confidence":"","classification_confidence_score":"","classification_method":"","classification_sources":"","classification_notes":"","alternate_names":"","name_ru":"","match_score":"","match_method":"","matched_source_record_ids":"","is_nuclear":"","nuclear_status":"","reactor_count":"","operating_reactor_count":"","reactor_types":"","nuclear_reference_ids":"","radiological_risk":"","substation_type":"","voltage_kv":"","voltage_levels_kv":"","connected_generation_type":"","ecological_risk_category":"","political_significance":"","risk_assessment_status":"","references":[{"reference_id":"ref_df8ff6fea9956767","source_id":"russia_oil_power_map","source_name":"Russia Oil & Power Infrastructure Map","source_type":"map_layer","url":"https://russiaoilpowermap.com/data/custom_pins.json","archive_url":"","retrieved_at":"2026-10-10T09:58:14Z","source_record_id":"pin_6ab01e3059e9f1.90732693","source_file":"data/russia_oil_power_infrastructure.csv","source_line_or_record_id":"114008","extractor_version":"unknown","license_or_terms":"unknown","confidence_contribution":"0.82"}]}},{"type":"Feature","id":"infra_eb4a76bc3b693afa","geometry":{"type":"Point","coordinates":[38.961489,46.173204]},"properties":{"uid":"infra_eb4a76bc3b693afa","object_id":"infra_eb4a76bc3b693afa","source":"russia_oil_power_map","source_dataset":"Russia Oil & Power Infrastructure Map","source_id":"russia_oil_power_map","source_record_id":"pin_6ab01e38e18b15.25962229","source_url":"https://russiaoilpowermap.com/data/custom_pins.json","source_capture_date":"2026-10-10T09:58:14Z","source_layer":"custom_pins","source_reference_id":"ref_f4b1381eccfcee01","source_name":"Russia Oil & Power Infrastructure Map","source_type":"map_layer","source_reliability":"B","license_or_terms":"unknown","name":"Railway Bridge","name_en":"","description":"","name_translated":"","description_translated":"","display_label":"Railway Bridge","asset_class":"transport","asset_type":"bridge","asset_subtype":"","domain":"transport","status":"","operator":"","product":"","country":"Russia","country_code":"","country_source":"","countries":["Russia"],"source_country":"Russia","country_match_method":"point_in_boundary","region":"","region_translated":"","subdivision":"","inn":"","is_sanctioned":"","is_mass_director":"","is_mass_founder":"","is_disqualified_persons":"","geometry_type":"Point","latitude":"46.17320400","longitude":"38.96148900","centroid_latitude":"46.17320400","centroid_longitude":"38.96148900","map_latitude":"46.17320400","map_longitude":"38.96148900","start_latitude":"46.173204","start_longitude":"38.961489","end_latitude":"46.173204","end_longitude":"38.961489","coordinate_count":"1","length_km":"","has_point_location":"true","location_quality":"exact","coordinate_precision":"exact","coordinate_source":"","entity_confidence":"high","freshness":"recent","cross_source_support":"1","review_status":"unreviewed","confidence":"A","confidence_grade":"A","confidence_score":"1.00","selectable":"true","map_layer":"transport_other","map_color":"#2a93d5","map_icon":"bridge","risk_flags":"","subcategory":"bridge","transport_functions":"","un_locode":"","locode_country":"","locode_location":"","iata":"","remarks":"","source_date":"","detected_language":"en_or_unknown","translation_source":"","derived_subcategory":"transport_bridge","derived_subcategory_label":"Bridge","derived_subcategory_confidence":"1.0","derived_subcategory_reason":"asset type","possible_duplicate_group":"","search_text":"Railway Bridge Railway Bridge transport bridge transport Russia Oil & Power Infrastructure Map custom_pins Bridge","references_json":"[{\"reference_id\":\"ref_f4b1381eccfcee01\",\"source_id\":\"russia_oil_power_map\",\"source_name\":\"Russia Oil & Power Infrastructure Map\",\"source_type\":\"map_layer\",\"url\":\"https://russiaoilpowermap.com/data/custom_pins.json\",\"archive_url\":\"\",\"retrieved_at\":\"2026-10-10T09:58:14Z\",\"source_record_id\":\"pin_6ab01e38e18b15.25962229\",\"source_file\":\"data/russia_oil_power_infrastructure.csv\",\"source_line_or_record_id\":\"114009\",\"extractor_version\":\"unknown\",\"license_or_terms\":\"unknown\",\"confidence_contribution\":\"0.82\"}]","first_seen_build":"2026-10-10T09:58:14Z","last_seen_build":"2026-10-10T09:58:14Z","change_status":"new","change_types":["new"],"changed_since_previous_build":"false","new_in_latest_build":"true","removed_from_latest_build":"false","source_archive_date":"2026-10-10T09:58:14Z","generation_type":"","primary_fuel":"","secondary_fuels":"","plant_role":"","technology":"","installed_capacity_mw":"","operational_status":"","classification_confidence":"","classification_confidence_score":"","classification_method":"","classification_sources":"","classification_notes":"","alternate_names":"","name_ru":"","match_score":"","match_method":"","matched_source_record_ids":"","is_nuclear":"","nuclear_status":"","reactor_count":"","operating_reactor_count":"","reactor_types":"","nuclear_reference_ids":"","radiological_risk":"","substation_type":"","voltage_kv":"","voltage_levels_kv":"","connected_generation_type":"","ecological_risk_category":"","political_significance":"","risk_assessment_status":"","references":[{"reference_id":"ref_f4b1381eccfcee01","source_id":"russia_oil_power_map","source_name":"Russia Oil & Power Infrastructure Map","source_type":"map_layer","url":"https://russiaoilpowermap.com/data/custom_pins.json","archive_url":"","retrieved_at":"2026-10-10T09:58:14Z","source_record_id":"pin_6ab01e38e18b15.25962229","source_file":"data/russia_oil_power_infrastructure.csv","source_line_or_record_id":"114009","extractor_version":"unknown","license_or_terms":"unknown","confidence_contribution":"0.82"}]}},{"type":"Feature","id":"infra_5723a6a44a413091","geometry":{"type":"Point","coordinates":[39.352303,45.482792]},"properties":{"uid":"infra_5723a6a44a413091","object_id":"infra_5723a6a44a413091","source":"russia_oil_power_map","source_dataset":"Russia Oil & Power Infrastructure Map","source_id":"russia_oil_power_map","source_record_id":"pin_6ab01e621298b3.39653828","source_url":"https://russiaoilpowermap.com/data/custom_pins.json","source_capture_date":"2026-10-10T09:58:14Z","source_layer":"custom_pins","source_reference_id":"ref_1ddebafcdeb54b46","source_name":"Russia Oil & Power Infrastructure Map","source_type":"map_layer","source_reliability":"B","license_or_terms":"unknown","name":"Railway Bridge","name_en":"","description":"","name_translated":"","description_translated":"","display_label":"Railway Bridge","asset_class":"transport","asset_type":"bridge","asset_subtype":"","domain":"transport","status":"","operator":"","product":"","country":"Russia","country_code":"","country_source":"","countries":["Russia"],"source_country":"Russia","country_match_method":"point_in_boundary","region":"","region_translated":"","subdivision":"","inn":"","is_sanctioned":"","is_mass_director":"","is_mass_founder":"","is_disqualified_persons":"","geometry_type":"Point","latitude":"45.48279200","longitude":"39.35230300","centroid_latitude":"45.48279200","centroid_longitude":"39.35230300","map_latitude":"45.48279200","map_longitude":"39.35230300","start_latitude":"45.482792","start_longitude":"39.352303","end_latitude":"45.482792","end_longitude":"39.352303","coordinate_count":"1","length_km":"","has_point_location":"true","location_quality":"exact","coordinate_precision":"exact","coordinate_source":"","entity_confidence":"high","freshness":"recent","cross_source_support":"1","review_status":"unreviewed","confidence":"A","confidence_grade":"A","confidence_score":"1.00","selectable":"true","map_layer":"transport_other","map_color":"#2a93d5","map_icon":"bridge","risk_flags":"","subcategory":"bridge","transport_functions":"","un_locode":"","locode_country":"","locode_location":"","iata":"","remarks":"","source_date":"","detected_language":"en_or_unknown","translation_source":"","derived_subcategory":"transport_bridge","derived_subcategory_label":"Bridge","derived_subcategory_confidence":"1.0","derived_subcategory_reason":"asset type","possible_duplicate_group":"","search_text":"Railway Bridge Railway Bridge transport bridge transport Russia Oil & Power Infrastructure Map custom_pins Bridge","references_json":"[{\"reference_id\":\"ref_1ddebafcdeb54b46\",\"source_id\":\"russia_oil_power_map\",\"source_name\":\"Russia Oil & Power Infrastructure Map\",\"source_type\":\"map_layer\",\"url\":\"https://russiaoilpowermap.com/data/custom_pins.json\",\"archive_url\":\"\",\"retrieved_at\":\"2026-10-10T09:58:14Z\",\"source_record_id\":\"pin_6ab01e621298b3.39653828\",\"source_file\":\"data/russia_oil_power_infrastructure.csv\",\"source_line_or_record_id\":\"114010\",\"extractor_version\":\"unknown\",\"license_or_terms\":\"unknown\",\"confidence_contribution\":\"0.82\"}]","first_seen_build":"2026-10-10T09:58:14Z","last_seen_build":"2026-10-10T09:58:14Z","change_status":"new","change_types":["new"],"changed_since_previous_build":"false","new_in_latest_build":"true","removed_from_latest_build":"false","source_archive_date":"2026-10-10T09:58:14Z","generation_type":"","primary_fuel":"","secondary_fuels":"","plant_role":"","technology":"","installed_capacity_mw":"","operational_status":"","classification_confidence":"","classification_confidence_score":"","classification_method":"","classification_sources":"","classification_notes":"","alternate_names":"","name_ru":"","match_score":"","match_method":"","matched_source_record_ids":"","is_nuclear":"","nuclear_status":"","reactor_count":"","operating_reactor_count":"","reactor_types":"","nuclear_reference_ids":"","radiological_risk":"","substation_type":"","voltage_kv":"","voltage_levels_kv":"","connected_generation_type":"","ecological_risk_category":"","political_significance":"","risk_assessment_status":"","references":[{"reference_id":"ref_1ddebafcdeb54b46","source_id":"russia_oil_power_map","source_name":"Russia Oil & Power Infrastructure Map","source_type":"map_layer","url":"https://russiaoilpowermap.com/data/custom_pins.json","archive_url":"","retrieved_at":"2026-10-10T09:58:14Z","source_record_id":"pin_6ab01e621298b3.39653828","source_file":"data/russia_oil_power_infrastructure.csv","source_line_or_record_id":"114010","extractor_version":"unknown","license_or_terms":"unknown","confidence_contribution":"0.82"}]}},{"type":"Feature","id":"infra_01665b19e1875816","geometry":{"type":"Point","coordinates":[39.419235,45.388667]},"properties":{"uid":"infra_01665b19e1875816","object_id":"infra_01665b19e1875816","source":"russia_oil_power_map","source_dataset":"Russia Oil & Power Infrastructure Map","source_id":"russia_oil_power_map","source_record_id":"pin_6ab01e6d15bcb3.33823022","source_url":"https://russiaoilpowermap.com/data/custom_pins.json","source_capture_date":"2026-10-10T09:58:14Z","source_layer":"custom_pins","source_reference_id":"ref_a678015d3c2841d1","source_name":"Russia Oil & Power Infrastructure Map","source_type":"map_layer","source_reliability":"B","license_or_terms":"unknown","name":"Railway Bridge","name_en":"","description":"","name_translated":"","description_translated":"","display_label":"Railway Bridge","asset_class":"transport","asset_type":"bridge","asset_subtype":"","domain":"transport","status":"","operator":"","product":"","country":"Russia","country_code":"","country_source":"","countries":["Russia"],"source_country":"Russia","country_match_method":"point_in_boundary","region":"","region_translated":"","subdivision":"","inn":"","is_sanctioned":"","is_mass_director":"","is_mass_founder":"","is_disqualified_persons":"","geometry_type":"Point","latitude":"45.38866700","longitude":"39.41923500","centroid_latitude":"45.38866700","centroid_longitude":"39.41923500","map_latitude":"45.38866700","map_longitude":"39.41923500","start_latitude":"45.388667","start_longitude":"39.419235","end_latitude":"45.388667","end_longitude":"39.419235","coordinate_count":"1","length_km":"","has_point_location":"true","location_quality":"exact","coordinate_precision":"exact","coordinate_source":"","entity_confidence":"high","freshness":"recent","cross_source_support":"1","review_status":"unreviewed","confidence":"A","confidence_grade":"A","confidence_score":"1.00","selectable":"true","map_layer":"transport_other","map_color":"#2a93d5","map_icon":"bridge","risk_flags":"","subcategory":"bridge","transport_functions":"","un_locode":"","locode_country":"","locode_location":"","iata":"","remarks":"","source_date":"","detected_language":"en_or_unknown","translation_source":"","derived_subcategory":"transport_bridge","derived_subcategory_label":"Bridge","derived_subcategory_confidence":"1.0","derived_subcategory_reason":"asset type","possible_duplicate_group":"","search_text":"Railway Bridge Railway Bridge transport bridge transport Russia Oil & Power Infrastructure Map custom_pins Bridge","references_json":"[{\"reference_id\":\"ref_a678015d3c2841d1\",\"source_id\":\"russia_oil_power_map\",\"source_name\":\"Russia Oil & Power Infrastructure Map\",\"source_type\":\"map_layer\",\"url\":\"https://russiaoilpowermap.com/data/custom_pins.json\",\"archive_url\":\"\",\"retrieved_at\":\"2026-10-10T09:58:14Z\",\"source_record_id\":\"pin_6ab01e6d15bcb3.33823022\",\"source_file\":\"data/russia_oil_power_infrastructure.csv\",\"source_line_or_record_id\":\"114011\",\"extractor_version\":\"unknown\",\"license_or_terms\":\"unknown\",\"confidence_contribution\":\"0.82\"}]","first_seen_build":"2026-10-10T09:58:14Z","last_seen_build":"2026-10-10T09:58:14Z","change_status":"new","change_types":["new"],"changed_since_previous_build":"false","new_in_latest_build":"true","removed_from_latest_build":"false","source_archive_date":"2026-10-10T09:58:14Z","generation_type":"","primary_fuel":"","secondary_fuels":"","plant_role":"","technology":"","installed_capacity_mw":"","operational_status":"","classification_confidence":"","classification_confidence_score":"","classification_method":"","classification_sources":"","classification_notes":"","alternate_names":"","name_ru":"","match_score":"","match_method":"","matched_source_record_ids":"","is_nuclear":"","nuclear_status":"","reactor_count":"","operating_reactor_count":"","reactor_types":"","nuclear_reference_ids":"","radiological_risk":"","substation_type":"","voltage_kv":"","voltage_levels_kv":"","connected_generation_type":"","ecological_risk_category":"","political_significance":"","risk_assessment_status":"","references":[{"reference_id":"ref_a678015d3c2841d1","source_id":"russia_oil_power_map","source_name":"Russia Oil & Power Infrastructure Map","source_type":"map_layer","url":"https://russiaoilpowermap.com/data/custom_pins.json","archive_url":"","retrieved_at":"2026-10-10T09:58:14Z","source_record_id":"pin_6ab01e6d15bcb3.33823022","source_file":"data/russia_oil_power_infrastructure.csv","source_line_or_record_id":"114011","extractor_version":"unknown","license_or_terms":"unknown","confidence_contribution":"0.82"}]}},{"type":"Feature","id":"infra_985fac509ba27c7a","geometry":{"type":"Point","coordinates":[39.850475,45.695768]},"properties":{"uid":"infra_985fac509ba27c7a","object_id":"infra_985fac509ba27c7a","source":"russia_oil_power_map","source_dataset":"Russia Oil & Power Infrastructure Map","source_id":"russia_oil_power_map","source_record_id":"pin_6ab01e768e13b3.04515993","source_url":"https://russiaoilpowermap.com/data/custom_pins.json","source_capture_date":"2026-10-10T09:58:14Z","source_layer":"custom_pins","source_reference_id":"ref_40c9da4033a2c958","source_name":"Russia Oil & Power Infrastructure Map","source_type":"map_layer","source_reliability":"B","license_or_terms":"unknown","name":"Railway Bridge","name_en":"","description":"","name_translated":"","description_translated":"","display_label":"Railway Bridge","asset_class":"transport","asset_type":"bridge","asset_subtype":"","domain":"transport","status":"","operator":"","product":"","country":"Russia","country_code":"","country_source":"","countries":["Russia"],"source_country":"Russia","country_match_method":"point_in_boundary","region":"","region_translated":"","subdivision":"","inn":"","is_sanctioned":"","is_mass_director":"","is_mass_founder":"","is_disqualified_persons":"","geometry_type":"Point","latitude":"45.69576800","longitude":"39.85047500","centroid_latitude":"45.69576800","centroid_longitude":"39.85047500","map_latitude":"45.69576800","map_longitude":"39.85047500","start_latitude":"45.695768","start_longitude":"39.850475","end_latitude":"45.695768","end_longitude":"39.850475","coordinate_count":"1","length_km":"","has_point_location":"true","location_quality":"exact","coordinate_precision":"exact","coordinate_source":"","entity_confidence":"high","freshness":"recent","cross_source_support":"1","review_status":"unreviewed","confidence":"A","confidence_grade":"A","confidence_score":"1.00","selectable":"true","map_layer":"transport_other","map_color":"#2a93d5","map_icon":"bridge","risk_flags":"","subcategory":"bridge","transport_functions":"","un_locode":"","locode_country":"","locode_location":"","iata":"","remarks":"","source_date":"","detected_language":"en_or_unknown","translation_source":"","derived_subcategory":"transport_bridge","derived_subcategory_label":"Bridge","derived_subcategory_confidence":"1.0","derived_subcategory_reason":"asset type","possible_duplicate_group":"","search_text":"Railway Bridge Railway Bridge transport bridge transport Russia Oil & Power Infrastructure Map custom_pins Bridge","references_json":"[{\"reference_id\":\"ref_40c9da4033a2c958\",\"source_id\":\"russia_oil_power_map\",\"source_name\":\"Russia Oil & Power Infrastructure Map\",\"source_type\":\"map_layer\",\"url\":\"https://russiaoilpowermap.com/data/custom_pins.json\",\"archive_url\":\"\",\"retrieved_at\":\"2026-10-10T09:58:14Z\",\"source_record_id\":\"pin_6ab01e768e13b3.04515993\",\"source_file\":\"data/russia_oil_power_infrastructure.csv\",\"source_line_or_record_id\":\"114012\",\"extractor_version\":\"unknown\",\"license_or_terms\":\"unknown\",\"confidence_contribution\":\"0.82\"}]","first_seen_build":"2026-10-10T09:58:14Z","last_seen_build":"2026-10-10T09:58:14Z","change_status":"new","change_types":["new"],"changed_since_previous_build":"false","new_in_latest_build":"true","removed_from_latest_build":"false","source_archive_date":"2026-10-10T09:58:14Z","generation_type":"","primary_fuel":"","secondary_fuels":"","plant_role":"","technology":"","installed_capacity_mw":"","operational_status":"","classification_confidence":"","classification_confidence_score":"","classification_method":"","classification_sources":"","classification_notes":"","alternate_names":"","name_ru":"","match_score":"","match_method":"","matched_source_record_ids":"","is_nuclear":"","nuclear_status":"","reactor_count":"","operating_reactor_count":"","reactor_types":"","nuclear_reference_ids":"","radiological_risk":"","substation_type":"","voltage_kv":"","voltage_levels_kv":"","connected_generation_type":"","ecological_risk_category":"","political_significance":"","risk_assessment_status":"","references":[{"reference_id":"ref_40c9da4033a2c958","source_id":"russia_oil_power_map","source_name":"Russia Oil & Power Infrastructure Map","source_type":"map_layer","url":"https://russiaoilpowermap.com/data/custom_pins.json","archive_url":"","retrieved_at":"2026-10-10T09:58:14Z","source_record_id":"pin_6ab01e768e13b3.04515993","source_file":"data/russia_oil_power_infrastructure.csv","source_line_or_record_id":"114012","extractor_version":"unknown","license_or_terms":"unknown","confidence_contribution":"0.82"}]}},{"type":"Feature","id":"infra_153fd31436da98d3","geometry":{"type":"Point","coordinates":[40.031213,45.828803]},"properties":{"uid":"infra_153fd31436da98d3","object_id":"infra_153fd31436da98d3","source":"russia_oil_power_map","source_dataset":"Russia Oil & Power Infrastructure Map","source_id":"russia_oil_power_map","source_record_id":"pin_6ab01ec192c0b4.96276059","source_url":"https://russiaoilpowermap.com/data/custom_pins.json","source_capture_date":"2026-10-10T09:58:14Z","source_layer":"custom_pins","source_reference_id":"ref_a975fdb3b982a417","source_name":"Russia Oil & Power Infrastructure Map","source_type":"map_layer","source_reliability":"B","license_or_terms":"unknown","name":"Railway Bridge","name_en":"","description":"","name_translated":"","description_translated":"","display_label":"Railway Bridge","asset_class":"transport","asset_type":"bridge","asset_subtype":"","domain":"transport","status":"","operator":"","product":"","country":"Russia","country_code":"","country_source":"","countries":["Russia"],"source_country":"Russia","country_match_method":"point_in_boundary","region":"","region_translated":"","subdivision":"","inn":"","is_sanctioned":"","is_mass_director":"","is_mass_founder":"","is_disqualified_persons":"","geometry_type":"Point","latitude":"45.82880300","longitude":"40.03121300","centroid_latitude":"45.82880300","centroid_longitude":"40.03121300","map_latitude":"45.82880300","map_longitude":"40.03121300","start_latitude":"45.828803","start_longitude":"40.031213","end_latitude":"45.828803","end_longitude":"40.031213","coordinate_count":"1","length_km":"","has_point_location":"true","location_quality":"exact","coordinate_precision":"exact","coordinate_source":"","entity_confidence":"high","freshness":"recent","cross_source_support":"1","review_status":"unreviewed","confidence":"A","confidence_grade":"A","confidence_score":"1.00","selectable":"true","map_layer":"transport_other","map_color":"#2a93d5","map_icon":"bridge","risk_flags":"","subcategory":"bridge","transport_functions":"","un_locode":"","locode_country":"","locode_location":"","iata":"","remarks":"","source_date":"","detected_language":"en_or_unknown","translation_source":"","derived_subcategory":"transport_bridge","derived_subcategory_label":"Bridge","derived_subcategory_confidence":"1.0","derived_subcategory_reason":"asset type","possible_duplicate_group":"","search_text":"Railway Bridge Railway Bridge transport bridge transport Russia Oil & Power Infrastructure Map custom_pins Bridge","references_json":"[{\"reference_id\":\"ref_a975fdb3b982a417\",\"source_id\":\"russia_oil_power_map\",\"source_name\":\"Russia Oil & Power Infrastructure Map\",\"source_type\":\"map_layer\",\"url\":\"https://russiaoilpowermap.com/data/custom_pins.json\",\"archive_url\":\"\",\"retrieved_at\":\"2026-10-10T09:58:14Z\",\"source_record_id\":\"pin_6ab01ec192c0b4.96276059\",\"source_file\":\"data/russia_oil_power_infrastructure.csv\",\"source_line_or_record_id\":\"114013\",\"extractor_version\":\"unknown\",\"license_or_terms\":\"unknown\",\"confidence_contribution\":\"0.82\"}]","first_seen_build":"2026-10-10T09:58:14Z","last_seen_build":"2026-10-10T09:58:14Z","change_status":"new","change_types":["new"],"changed_since_previous_build":"false","new_in_latest_build":"true","removed_from_latest_build":"false","source_archive_date":"2026-10-10T09:58:14Z","generation_type":"","primary_fuel":"","secondary_fuels":"","plant_role":"","technology":"","installed_capacity_mw":"","operational_status":"","classification_confidence":"","classification_confidence_score":"","classification_method":"","classification_sources":"","classification_notes":"","alternate_names":"","name_ru":"","match_score":"","match_method":"","matched_source_record_ids":"","is_nuclear":"","nuclear_status":"","reactor_count":"","operating_reactor_count":"","reactor_types":"","nuclear_reference_ids":"","radiological_risk":"","substation_type":"","voltage_kv":"","voltage_levels_kv":"","connected_generation_type":"","ecological_risk_category":"","political_significance":"","risk_assessment_status":"","references":[{"reference_id":"ref_a975fdb3b982a417","source_id":"russia_oil_power_map","source_name":"Russia Oil & Power Infrastructure Map","source_type":"map_layer","url":"https://russiaoilpowermap.com/data/custom_pins.json","archive_url":"","retrieved_at":"2026-10-10T09:58:14Z","source_record_id":"pin_6ab01ec192c0b4.96276059","source_file":"data/russia_oil_power_infrastructure.csv","source_line_or_record_id":"114013","extractor_version":"unknown","license_or_terms":"unknown","confidence_contribution":"0.82"}]}},{"type":"Feature","id":"infra_1f330e63fc0a1669","geometry":{"type":"Point","coordinates":[39.701881,47.209919]},"properties":{"uid":"infra_1f330e63fc0a1669","object_id":"infra_1f330e63fc0a1669","source":"russia_oil_power_map","source_dataset":"Russia Oil & Power Infrastructure Map","source_id":"russia_oil_power_map","source_record_id":"pin_6ac9f6218ebf99.30023528","source_url":"https://russiaoilpowermap.com/data/custom_pins.json","source_capture_date":"2026-10-10T09:58:14Z","source_layer":"custom_pins","source_reference_id":"ref_73e08fa2643c41d1","source_name":"Russia Oil & Power Infrastructure Map","source_type":"map_layer","source_reliability":"B","license_or_terms":"unknown","name":"Railway drawbridge attack","name_en":"","description":"","name_translated":"","description_translated":"","display_label":"Railway drawbridge attack","asset_class":"transport","asset_type":"bridge","asset_subtype":"","domain":"transport","status":"","operator":"","product":"","country":"Russia","country_code":"","country_source":"","countries":["Russia"],"source_country":"Russia","country_match_method":"point_in_boundary","region":"","region_translated":"","subdivision":"","inn":"","is_sanctioned":"","is_mass_director":"","is_mass_founder":"","is_disqualified_persons":"","geometry_type":"Point","latitude":"47.20991900","longitude":"39.70188100","centroid_latitude":"47.20991900","centroid_longitude":"39.70188100","map_latitude":"47.20991900","map_longitude":"39.70188100","start_latitude":"47.209919","start_longitude":"39.701881","end_latitude":"47.209919","end_longitude":"39.701881","coordinate_count":"1","length_km":"","has_point_location":"true","location_quality":"exact","coordinate_precision":"exact","coordinate_source":"","entity_confidence":"high","freshness":"recent","cross_source_support":"1","review_status":"unreviewed","confidence":"A","confidence_grade":"A","confidence_score":"1.00","selectable":"true","map_layer":"transport_other","map_color":"#2a93d5","map_icon":"bridge","risk_flags":"","subcategory":"bridge","transport_functions":"","un_locode":"","locode_country":"","locode_location":"","iata":"","remarks":"","source_date":"","detected_language":"en_or_unknown","translation_source":"","derived_subcategory":"transport_bridge","derived_subcategory_label":"Bridge","derived_subcategory_confidence":"1.0","derived_subcategory_reason":"asset type","possible_duplicate_group":"","search_text":"Railway drawbridge attack Railway drawbridge attack transport bridge transport Russia Oil & Power Infrastructure Map custom_pins Bridge","references_json":"[{\"reference_id\":\"ref_73e08fa2643c41d1\",\"source_id\":\"russia_oil_power_map\",\"source_name\":\"Russia Oil & Power Infrastructure Map\",\"source_type\":\"map_layer\",\"url\":\"https://russiaoilpowermap.com/data/custom_pins.json\",\"archive_url\":\"\",\"retrieved_at\":\"2026-10-10T09:58:14Z\",\"source_record_id\":\"pin_6ac9f6218ebf99.30023528\",\"source_file\":\"data/russia_oil_power_infrastructure.csv\",\"source_line_or_record_id\":\"114169\",\"extractor_version\":\"unknown\",\"license_or_terms\":\"unknown\",\"confidence_contribution\":\"0.82\"}]","first_seen_build":"2026-10-10T09:58:14Z","last_seen_build":"2026-10-10T09:58:14Z","change_status":"new","change_types":["new"],"changed_since_previous_build":"false","new_in_latest_build":"true","removed_from_latest_build":"false","source_archive_date":"2026-10-10T09:58:14Z","generation_type":"","primary_fuel":"","secondary_fuels":"","plant_role":"","technology":"","installed_capacity_mw":"","operational_status":"","classification_confidence":"","classification_confidence_score":"","classification_method":"","classification_sources":"","classification_notes":"","alternate_names":"","name_ru":"","match_score":"","match_method":"","matched_source_record_ids":"","is_nuclear":"","nuclear_status":"","reactor_count":"","operating_reactor_count":"","reactor_types":"","nuclear_reference_ids":"","radiological_risk":"","substation_type":"","voltage_kv":"","voltage_levels_kv":"","connected_generation_type":"","ecological_risk_category":"","political_significance":"","risk_assessment_status":"","references":[{"reference_id":"ref_73e08fa2643c41d1","source_id":"russia_oil_power_map","source_name":"Russia Oil & Power Infrastructure Map","source_type":"map_layer","url":"https://russiaoilpowermap.com/data/custom_pins.json","archive_url":"","retrieved_at":"2026-10-10T09:58:14Z","source_record_id":"pin_6ac9f6218ebf99.30023528","source_file":"data/russia_oil_power_infrastructure.csv","source_line_or_record_id":"114169","extractor_version":"unknown","license_or_terms":"unknown","confidence_contribution":"0.82"}]}}]}