{"type":"FeatureCollection","features":[{"type":"Feature","id":"infra_1d34b3584cd84130","geometry":{"type":"LineString","coordinates":[[27.576345,53.0108933],[27.5763105,53.0109003]]},"properties":{"uid":"infra_1d34b3584cd84130","object_id":"infra_1d34b3584cd84130","source":"geofabrik_osm_roads","source_dataset":"Geofabrik OpenStreetMap roads","source_id":"geofabrik_osm_roads","source_record_id":"belarus:76491","source_url":"https://download.geofabrik.de/europe/belarus-latest.osm.pbf","source_capture_date":"2026-09-29T10:12:41Z","source_layer":"osm_major_roads","source_reference_id":"ref_c8715d2d63841903","source_name":"Geofabrik OpenStreetMap roads","source_type":"openstreetmap_extract","source_reliability":"B","license_or_terms":"ODbL-1.0","name":"road:belarus:76491","name_en":"","description":"OSM highway=trunk","name_translated":"","description_translated":"","display_label":"road:belarus:76491","asset_class":"transport","asset_type":"road","asset_subtype":"trunk","domain":"transport","status":"","operator":"","product":"","country":"Belarus","country_code":"BY","country_source":"geofabrik_extract_boundary","countries":["Belarus"],"source_country":"Belarus","country_match_method":"representative_point_in_boundary","region":"","region_translated":"","subdivision":"","inn":"","is_sanctioned":"","is_mass_director":"","is_mass_founder":"","is_disqualified_persons":"","geometry_type":"LineString","latitude":"","longitude":"","centroid_latitude":"53.01089680","centroid_longitude":"27.57632775","map_latitude":"53.01089680","map_longitude":"27.57632775","start_latitude":"53.0108933","start_longitude":"27.576345","end_latitude":"53.0109003","end_longitude":"27.5763105","coordinate_count":"2","length_km":"0.002436","has_point_location":"true","location_quality":"line_centroid","coordinate_precision":"centroid","coordinate_source":"","entity_confidence":"high","freshness":"recent","cross_source_support":"1","review_status":"unreviewed","confidence":"A","confidence_grade":"A","confidence_score":"0.94","selectable":"true","map_layer":"transport_roads","map_color":"#4b5563","map_icon":"road","risk_flags":"","subcategory":"trunk","transport_functions":"road","un_locode":"","locode_country":"BY","locode_location":"","iata":"","remarks":"","source_date":"","detected_language":"en_or_unknown","translation_source":"","derived_subcategory":"trunk","derived_subcategory_label":"Trunk road","derived_subcategory_confidence":"1.0","derived_subcategory_reason":"OSM highway class","possible_duplicate_group":"","search_text":"road:belarus:76491 OSM highway=trunk transport road trunk transport road Geofabrik OpenStreetMap roads osm_major_roads Trunk road","references_json":"[{\"reference_id\":\"ref_c8715d2d63841903\",\"source_id\":\"geofabrik_osm_roads\",\"source_name\":\"Geofabrik OpenStreetMap roads\",\"source_type\":\"openstreetmap_extract\",\"url\":\"https://download.geofabrik.de/europe/belarus-latest.osm.pbf\",\"archive_url\":\"\",\"retrieved_at\":\"2026-09-29T10:12:41Z\",\"source_record_id\":\"belarus:76491\",\"source_file\":\"data/raw/osm/geofabrik/belarus-latest.osm.pbf\",\"source_line_or_record_id\":\"76491\",\"extractor_version\":\"geofabrik_osm_roads_1\",\"license_or_terms\":\"ODbL-1.0\",\"confidence_contribution\":\"0.82\"}]","first_seen_build":"2026-09-29T10:12:41Z","last_seen_build":"2026-09-29T10:12:41Z","change_status":"new","change_types":["new"],"changed_since_previous_build":"false","new_in_latest_build":"true","removed_from_latest_build":"false","source_archive_date":"2026-09-29T10:12:41Z","generation_type":"","primary_fuel":"","secondary_fuels":"","plant_role":"","technology":"","installed_capacity_mw":"","operational_status":"","classification_confidence":"","classification_confidence_score":"","classification_method":"","classification_sources":"","classification_notes":"","alternate_names":"","name_ru":"","match_score":"","match_method":"","matched_source_record_ids":"","is_nuclear":"","nuclear_status":"","reactor_count":"","operating_reactor_count":"","reactor_types":"","nuclear_reference_ids":"","radiological_risk":"","substation_type":"","voltage_kv":"","voltage_levels_kv":"","connected_generation_type":"","ecological_risk_category":"","political_significance":"","risk_assessment_status":"","tags":{"highway":"trunk"},"references":[{"reference_id":"ref_c8715d2d63841903","source_id":"geofabrik_osm_roads","source_name":"Geofabrik OpenStreetMap roads","source_type":"openstreetmap_extract","url":"https://download.geofabrik.de/europe/belarus-latest.osm.pbf","archive_url":"","retrieved_at":"2026-09-29T10:12:41Z","source_record_id":"belarus:76491","source_file":"data/raw/osm/geofabrik/belarus-latest.osm.pbf","source_line_or_record_id":"76491","extractor_version":"geofabrik_osm_roads_1","license_or_terms":"ODbL-1.0","confidence_contribution":"0.82"}]}},{"type":"Feature","id":"infra_3c5a4fddf4857b0b","geometry":{"type":"LineString","coordinates":[[27.5487639,52.2373017],[27.5514266,52.2372531]]},"properties":{"uid":"infra_3c5a4fddf4857b0b","object_id":"infra_3c5a4fddf4857b0b","source":"geofabrik_osm_roads","source_dataset":"Geofabrik OpenStreetMap roads","source_id":"geofabrik_osm_roads","source_record_id":"belarus:76492","source_url":"https://download.geofabrik.de/europe/belarus-latest.osm.pbf","source_capture_date":"2026-09-29T10:12:41Z","source_layer":"osm_major_roads","source_reference_id":"ref_d1eaad5600c9dbbd","source_name":"Geofabrik OpenStreetMap roads","source_type":"openstreetmap_extract","source_reliability":"B","license_or_terms":"ODbL-1.0","name":"М10","name_en":"","description":"OSM highway=trunk; ref=М10; surface=asphalt","name_translated":"m10","description_translated":"osm highway=trunk; ref=m10; surface=asphalt","display_label":"М10","asset_class":"transport","asset_type":"road","asset_subtype":"trunk","domain":"transport","status":"","operator":"","product":"","country":"Belarus","country_code":"BY","country_source":"geofabrik_extract_boundary","countries":["Belarus"],"source_country":"Belarus","country_match_method":"representative_point_in_boundary","region":"","region_translated":"","subdivision":"","inn":"","is_sanctioned":"","is_mass_director":"","is_mass_founder":"","is_disqualified_persons":"","geometry_type":"LineString","latitude":"","longitude":"","centroid_latitude":"52.23727740","centroid_longitude":"27.55009525","map_latitude":"52.23727740","map_longitude":"27.55009525","start_latitude":"52.2373017","start_longitude":"27.5487639","end_latitude":"52.2372531","end_longitude":"27.5514266","coordinate_count":"2","length_km":"0.181397","has_point_location":"true","location_quality":"line_centroid","coordinate_precision":"centroid","coordinate_source":"","entity_confidence":"high","freshness":"recent","cross_source_support":"1","review_status":"unreviewed","confidence":"A","confidence_grade":"A","confidence_score":"0.94","selectable":"true","map_layer":"transport_roads","map_color":"#4b5563","map_icon":"road","risk_flags":"","subcategory":"trunk","transport_functions":"road","un_locode":"","locode_country":"BY","locode_location":"","iata":"","remarks":"","source_date":"","detected_language":"ru_or_mixed","translation_source":"offline_rules+transliteration","derived_subcategory":"trunk","derived_subcategory_label":"Trunk road","derived_subcategory_confidence":"1.0","derived_subcategory_reason":"OSM highway class","possible_duplicate_group":"","search_text":"М10 М10 OSM highway=trunk; ref=М10; surface=asphalt transport road trunk transport road Geofabrik OpenStreetMap roads osm_major_roads m10 osm highway=trunk; ref=m10; surface=asphalt Trunk road","references_json":"[{\"reference_id\":\"ref_d1eaad5600c9dbbd\",\"source_id\":\"geofabrik_osm_roads\",\"source_name\":\"Geofabrik OpenStreetMap roads\",\"source_type\":\"openstreetmap_extract\",\"url\":\"https://download.geofabrik.de/europe/belarus-latest.osm.pbf\",\"archive_url\":\"\",\"retrieved_at\":\"2026-09-29T10:12:41Z\",\"source_record_id\":\"belarus:76492\",\"source_file\":\"data/raw/osm/geofabrik/belarus-latest.osm.pbf\",\"source_line_or_record_id\":\"76492\",\"extractor_version\":\"geofabrik_osm_roads_1\",\"license_or_terms\":\"ODbL-1.0\",\"confidence_contribution\":\"0.82\"}]","first_seen_build":"2026-09-29T10:12:41Z","last_seen_build":"2026-09-29T10:12:41Z","change_status":"new","change_types":["new"],"changed_since_previous_build":"false","new_in_latest_build":"true","removed_from_latest_build":"false","source_archive_date":"2026-09-29T10:12:41Z","generation_type":"","primary_fuel":"","secondary_fuels":"","plant_role":"","technology":"","installed_capacity_mw":"","operational_status":"","classification_confidence":"","classification_confidence_score":"","classification_method":"","classification_sources":"","classification_notes":"","alternate_names":"","name_ru":"","match_score":"","match_method":"","matched_source_record_ids":"","is_nuclear":"","nuclear_status":"","reactor_count":"","operating_reactor_count":"","reactor_types":"","nuclear_reference_ids":"","radiological_risk":"","substation_type":"","voltage_kv":"","voltage_levels_kv":"","connected_generation_type":"","ecological_risk_category":"","political_significance":"","risk_assessment_status":"","tags":{"bridge":"yes","highway":"trunk","lanes":"2","layer":"1","maxaxleload":"10","maxspeed":"90","maxspeed:hgv":"70","ref":"М10","surface":"asphalt"},"references":[{"reference_id":"ref_d1eaad5600c9dbbd","source_id":"geofabrik_osm_roads","source_name":"Geofabrik OpenStreetMap roads","source_type":"openstreetmap_extract","url":"https://download.geofabrik.de/europe/belarus-latest.osm.pbf","archive_url":"","retrieved_at":"2026-09-29T10:12:41Z","source_record_id":"belarus:76492","source_file":"data/raw/osm/geofabrik/belarus-latest.osm.pbf","source_line_or_record_id":"76492","extractor_version":"geofabrik_osm_roads_1","license_or_terms":"ODbL-1.0","confidence_contribution":"0.82"}]}},{"type":"Feature","id":"infra_6243ea8f1166e63a","geometry":{"type":"LineString","coordinates":[[27.6698587,53.8492735],[27.6697234,53.849381],[27.6696871,53.8494245],[27.6696751,53.8494518],[27.669674,53.8494783],[27.6696964,53.849519],[27.6697228,53.8495433],[27.6697532,53.8495609],[27.6700201,53.849639]]},"properties":{"uid":"infra_6243ea8f1166e63a","object_id":"infra_6243ea8f1166e63a","source":"geofabrik_osm_roads","source_dataset":"Geofabrik OpenStreetMap roads","source_id":"geofabrik_osm_roads","source_record_id":"belarus:76493","source_url":"https://download.geofabrik.de/europe/belarus-latest.osm.pbf","source_capture_date":"2026-09-29T10:12:41Z","source_layer":"osm_major_roads","source_reference_id":"ref_816fb547c57fb848","source_name":"Geofabrik OpenStreetMap roads","source_type":"openstreetmap_extract","source_reliability":"B","license_or_terms":"ODbL-1.0","name":"road:belarus:76493","name_en":"","description":"OSM highway=trunk_link; surface=asphalt","name_translated":"","description_translated":"","display_label":"road:belarus:76493","asset_class":"transport","asset_type":"road","asset_subtype":"trunk_link","domain":"transport","status":"","operator":"","product":"","country":"Belarus","country_code":"BY","country_source":"geofabrik_extract_boundary","countries":["Belarus"],"source_country":"Belarus","country_match_method":"representative_point_in_boundary","region":"","region_translated":"","subdivision":"","inn":"","is_sanctioned":"","is_mass_director":"","is_mass_founder":"","is_disqualified_persons":"","geometry_type":"LineString","latitude":"","longitude":"","centroid_latitude":"53.84947459","centroid_longitude":"27.66975676","map_latitude":"53.84947459","map_longitude":"27.66975676","start_latitude":"53.8492735","start_longitude":"27.6698587","end_latitude":"53.849639","end_longitude":"27.6700201","coordinate_count":"9","length_km":"0.056667","has_point_location":"true","location_quality":"line_centroid","coordinate_precision":"centroid","coordinate_source":"","entity_confidence":"high","freshness":"recent","cross_source_support":"1","review_status":"unreviewed","confidence":"A","confidence_grade":"A","confidence_score":"0.94","selectable":"true","map_layer":"transport_roads","map_color":"#4b5563","map_icon":"road","risk_flags":"","subcategory":"trunk_link","transport_functions":"road","un_locode":"","locode_country":"BY","locode_location":"","iata":"","remarks":"","source_date":"","detected_language":"en_or_unknown","translation_source":"","derived_subcategory":"trunk_link","derived_subcategory_label":"Trunk road link","derived_subcategory_confidence":"1.0","derived_subcategory_reason":"OSM highway class","possible_duplicate_group":"","search_text":"road:belarus:76493 OSM highway=trunk_link; surface=asphalt transport road trunk_link transport road Geofabrik OpenStreetMap roads osm_major_roads Trunk road link","references_json":"[{\"reference_id\":\"ref_816fb547c57fb848\",\"source_id\":\"geofabrik_osm_roads\",\"source_name\":\"Geofabrik OpenStreetMap roads\",\"source_type\":\"openstreetmap_extract\",\"url\":\"https://download.geofabrik.de/europe/belarus-latest.osm.pbf\",\"archive_url\":\"\",\"retrieved_at\":\"2026-09-29T10:12:41Z\",\"source_record_id\":\"belarus:76493\",\"source_file\":\"data/raw/osm/geofabrik/belarus-latest.osm.pbf\",\"source_line_or_record_id\":\"76493\",\"extractor_version\":\"geofabrik_osm_roads_1\",\"license_or_terms\":\"ODbL-1.0\",\"confidence_contribution\":\"0.82\"}]","first_seen_build":"2026-09-29T10:12:41Z","last_seen_build":"2026-09-29T10:12:41Z","change_status":"new","change_types":["new"],"changed_since_previous_build":"false","new_in_latest_build":"true","removed_from_latest_build":"false","source_archive_date":"2026-09-29T10:12:41Z","generation_type":"","primary_fuel":"","secondary_fuels":"","plant_role":"","technology":"","installed_capacity_mw":"","operational_status":"","classification_confidence":"","classification_confidence_score":"","classification_method":"","classification_sources":"","classification_notes":"","alternate_names":"","name_ru":"","match_score":"","match_method":"","matched_source_record_ids":"","is_nuclear":"","nuclear_status":"","reactor_count":"","operating_reactor_count":"","reactor_types":"","nuclear_reference_ids":"","radiological_risk":"","substation_type":"","voltage_kv":"","voltage_levels_kv":"","connected_generation_type":"","ecological_risk_category":"","political_significance":"","risk_assessment_status":"","tags":{"highway":"trunk_link","lanes":"2","maxaxleload":"11.5","oneway":"yes","surface":"asphalt"},"references":[{"reference_id":"ref_816fb547c57fb848","source_id":"geofabrik_osm_roads","source_name":"Geofabrik OpenStreetMap roads","source_type":"openstreetmap_extract","url":"https://download.geofabrik.de/europe/belarus-latest.osm.pbf","archive_url":"","retrieved_at":"2026-09-29T10:12:41Z","source_record_id":"belarus:76493","source_file":"data/raw/osm/geofabrik/belarus-latest.osm.pbf","source_line_or_record_id":"76493","extractor_version":"geofabrik_osm_roads_1","license_or_terms":"ODbL-1.0","confidence_contribution":"0.82"}]}},{"type":"Feature","id":"infra_927f6804f4c7ac77","geometry":{"type":"LineString","coordinates":[[27.6759004,53.8536145],[27.6773683,53.8551055]]},"properties":{"uid":"infra_927f6804f4c7ac77","object_id":"infra_927f6804f4c7ac77","source":"geofabrik_osm_roads","source_dataset":"Geofabrik OpenStreetMap roads","source_id":"geofabrik_osm_roads","source_record_id":"belarus:76494","source_url":"https://download.geofabrik.de/europe/belarus-latest.osm.pbf","source_capture_date":"2026-09-29T10:12:41Z","source_layer":"osm_major_roads","source_reference_id":"ref_1be48ea6d6f17319","source_name":"Geofabrik OpenStreetMap roads","source_type":"openstreetmap_extract","source_reliability":"B","license_or_terms":"ODbL-1.0","name":"МКАД, 11-ы кіламетр","name_en":"","description":"OSM highway=trunk; surface=asphalt","name_translated":"mkad, 11-y kilametr","description_translated":"","display_label":"МКАД, 11-ы кіламетр","asset_class":"transport","asset_type":"road","asset_subtype":"trunk","domain":"transport","status":"","operator":"","product":"","country":"Belarus","country_code":"BY","country_source":"geofabrik_extract_boundary","countries":["Belarus"],"source_country":"Belarus","country_match_method":"representative_point_in_boundary","region":"","region_translated":"","subdivision":"","inn":"","is_sanctioned":"","is_mass_director":"","is_mass_founder":"","is_disqualified_persons":"","geometry_type":"LineString","latitude":"","longitude":"","centroid_latitude":"53.85436000","centroid_longitude":"27.67663435","map_latitude":"53.85436000","map_longitude":"27.67663435","start_latitude":"53.8536145","start_longitude":"27.6759004","end_latitude":"53.8551055","end_longitude":"27.6773683","coordinate_count":"2","length_km":"0.191718","has_point_location":"true","location_quality":"line_centroid","coordinate_precision":"centroid","coordinate_source":"","entity_confidence":"high","freshness":"recent","cross_source_support":"1","review_status":"unreviewed","confidence":"A","confidence_grade":"A","confidence_score":"0.94","selectable":"true","map_layer":"transport_roads","map_color":"#4b5563","map_icon":"road","risk_flags":"","subcategory":"trunk","transport_functions":"road","un_locode":"","locode_country":"BY","locode_location":"","iata":"","remarks":"","source_date":"","detected_language":"uk_or_mixed","translation_source":"offline_rules+transliteration","derived_subcategory":"trunk","derived_subcategory_label":"Trunk road","derived_subcategory_confidence":"1.0","derived_subcategory_reason":"OSM highway class","possible_duplicate_group":"","search_text":"МКАД, 11-ы кіламетр МКАД, 11-ы кіламетр OSM highway=trunk; surface=asphalt transport road trunk transport road Geofabrik OpenStreetMap roads osm_major_roads mkad, 11-y kilametr Trunk road","references_json":"[{\"reference_id\":\"ref_1be48ea6d6f17319\",\"source_id\":\"geofabrik_osm_roads\",\"source_name\":\"Geofabrik OpenStreetMap roads\",\"source_type\":\"openstreetmap_extract\",\"url\":\"https://download.geofabrik.de/europe/belarus-latest.osm.pbf\",\"archive_url\":\"\",\"retrieved_at\":\"2026-09-29T10:12:41Z\",\"source_record_id\":\"belarus:76494\",\"source_file\":\"data/raw/osm/geofabrik/belarus-latest.osm.pbf\",\"source_line_or_record_id\":\"76494\",\"extractor_version\":\"geofabrik_osm_roads_1\",\"license_or_terms\":\"ODbL-1.0\",\"confidence_contribution\":\"0.82\"}]","first_seen_build":"2026-09-29T10:12:41Z","last_seen_build":"2026-09-29T10:12:41Z","change_status":"new","change_types":["new"],"changed_since_previous_build":"false","new_in_latest_build":"true","removed_from_latest_build":"false","source_archive_date":"2026-09-29T10:12:41Z","generation_type":"","primary_fuel":"","secondary_fuels":"","plant_role":"","technology":"","installed_capacity_mw":"","operational_status":"","classification_confidence":"","classification_confidence_score":"","classification_method":"","classification_sources":"","classification_notes":"","alternate_names":"","name_ru":"","match_score":"","match_method":"","matched_source_record_ids":"","is_nuclear":"","nuclear_status":"","reactor_count":"","operating_reactor_count":"","reactor_types":"","nuclear_reference_ids":"","radiological_risk":"","substation_type":"","voltage_kv":"","voltage_levels_kv":"","connected_generation_type":"","ecological_risk_category":"","political_significance":"","risk_assessment_status":"","tags":{"hgv":"yes","highway":"trunk","int_name":"MKAD","lanes":"4","maxaxleload":"11.5","maxspeed":"90","name":"МКАД, 11-ы кіламетр","name:be":"МКАД, 11-ы кіламетр","name:ru":"МКАД, 11-й километр","oneway":"yes","placement":"right_of:1","surface":"asphalt","was:ref":"М9"},"references":[{"reference_id":"ref_1be48ea6d6f17319","source_id":"geofabrik_osm_roads","source_name":"Geofabrik OpenStreetMap roads","source_type":"openstreetmap_extract","url":"https://download.geofabrik.de/europe/belarus-latest.osm.pbf","archive_url":"","retrieved_at":"2026-09-29T10:12:41Z","source_record_id":"belarus:76494","source_file":"data/raw/osm/geofabrik/belarus-latest.osm.pbf","source_line_or_record_id":"76494","extractor_version":"geofabrik_osm_roads_1","license_or_terms":"ODbL-1.0","confidence_contribution":"0.82"}]}},{"type":"Feature","id":"infra_b35ff209eebc465c","geometry":{"type":"LineString","coordinates":[[27.2531607,53.4563568],[27.2533583,53.4562217],[27.253424,53.4561858]]},"properties":{"uid":"infra_b35ff209eebc465c","object_id":"infra_b35ff209eebc465c","source":"geofabrik_osm_roads","source_dataset":"Geofabrik OpenStreetMap roads","source_id":"geofabrik_osm_roads","source_record_id":"belarus:76495","source_url":"https://download.geofabrik.de/europe/belarus-latest.osm.pbf","source_capture_date":"2026-09-29T10:12:41Z","source_layer":"osm_major_roads","source_reference_id":"ref_d6bdc89aa538c1ed","source_name":"Geofabrik OpenStreetMap roads","source_type":"openstreetmap_extract","source_reliability":"B","license_or_terms":"ODbL-1.0","name":"Р68","name_en":"","description":"OSM highway=primary_link; ref=Р68; surface=asphalt","name_translated":"r68","description_translated":"osm highway=primary_link; ref=r68; surface=asphalt","display_label":"Р68","asset_class":"transport","asset_type":"road","asset_subtype":"primary_link","domain":"transport","status":"","operator":"","product":"","country":"Belarus","country_code":"BY","country_source":"geofabrik_extract_boundary","countries":["Belarus"],"source_country":"Belarus","country_match_method":"representative_point_in_boundary","region":"","region_translated":"","subdivision":"","inn":"","is_sanctioned":"","is_mass_director":"","is_mass_founder":"","is_disqualified_persons":"","geometry_type":"LineString","latitude":"","longitude":"","centroid_latitude":"53.45625477","centroid_longitude":"27.25331433","map_latitude":"53.45625477","map_longitude":"27.25331433","start_latitude":"53.4563568","start_longitude":"27.2531607","end_latitude":"53.4561858","end_longitude":"27.253424","coordinate_count":"3","length_km":"0.025825","has_point_location":"true","location_quality":"line_centroid","coordinate_precision":"centroid","coordinate_source":"","entity_confidence":"high","freshness":"recent","cross_source_support":"1","review_status":"unreviewed","confidence":"A","confidence_grade":"A","confidence_score":"0.94","selectable":"true","map_layer":"transport_roads","map_color":"#4b5563","map_icon":"road","risk_flags":"","subcategory":"primary_link","transport_functions":"road","un_locode":"","locode_country":"BY","locode_location":"","iata":"","remarks":"","source_date":"","detected_language":"ru_or_mixed","translation_source":"offline_rules+transliteration","derived_subcategory":"primary_link","derived_subcategory_label":"Primary road link","derived_subcategory_confidence":"1.0","derived_subcategory_reason":"OSM highway class","possible_duplicate_group":"dup_006869","search_text":"Р68 Р68 OSM highway=primary_link; ref=Р68; surface=asphalt transport road primary_link transport road Geofabrik OpenStreetMap roads osm_major_roads r68 osm highway=primary_link; ref=r68; surface=asphalt Primary road link","references_json":"[{\"reference_id\":\"ref_d6bdc89aa538c1ed\",\"source_id\":\"geofabrik_osm_roads\",\"source_name\":\"Geofabrik OpenStreetMap roads\",\"source_type\":\"openstreetmap_extract\",\"url\":\"https://download.geofabrik.de/europe/belarus-latest.osm.pbf\",\"archive_url\":\"\",\"retrieved_at\":\"2026-09-29T10:12:41Z\",\"source_record_id\":\"belarus:76495\",\"source_file\":\"data/raw/osm/geofabrik/belarus-latest.osm.pbf\",\"source_line_or_record_id\":\"76495\",\"extractor_version\":\"geofabrik_osm_roads_1\",\"license_or_terms\":\"ODbL-1.0\",\"confidence_contribution\":\"0.82\"}]","first_seen_build":"2026-09-29T10:12:41Z","last_seen_build":"2026-09-29T10:12:41Z","change_status":"new","change_types":["new"],"changed_since_previous_build":"false","new_in_latest_build":"true","removed_from_latest_build":"false","source_archive_date":"2026-09-29T10:12:41Z","generation_type":"","primary_fuel":"","secondary_fuels":"","plant_role":"","technology":"","installed_capacity_mw":"","operational_status":"","classification_confidence":"","classification_confidence_score":"","classification_method":"","classification_sources":"","classification_notes":"","alternate_names":"","name_ru":"","match_score":"","match_method":"","matched_source_record_ids":"","is_nuclear":"","nuclear_status":"","reactor_count":"","operating_reactor_count":"","reactor_types":"","nuclear_reference_ids":"","radiological_risk":"","substation_type":"","voltage_kv":"","voltage_levels_kv":"","connected_generation_type":"","ecological_risk_category":"","political_significance":"","risk_assessment_status":"","tags":{"highway":"primary_link","lanes":"1","maxaxleload":"10","maxspeed":"50","oneway":"yes","ref":"Р68","source:maxspeed:forward":"sign","surface":"asphalt"},"references":[{"reference_id":"ref_d6bdc89aa538c1ed","source_id":"geofabrik_osm_roads","source_name":"Geofabrik OpenStreetMap roads","source_type":"openstreetmap_extract","url":"https://download.geofabrik.de/europe/belarus-latest.osm.pbf","archive_url":"","retrieved_at":"2026-09-29T10:12:41Z","source_record_id":"belarus:76495","source_file":"data/raw/osm/geofabrik/belarus-latest.osm.pbf","source_line_or_record_id":"76495","extractor_version":"geofabrik_osm_roads_1","license_or_terms":"ODbL-1.0","confidence_contribution":"0.82"}]}},{"type":"Feature","id":"infra_c40b3955a48328b3","geometry":{"type":"LineString","coordinates":[[27.2540356,53.4559737],[27.253918,53.4560646],[27.2538873,53.4560883],[27.2538324,53.4561279]]},"properties":{"uid":"infra_c40b3955a48328b3","object_id":"infra_c40b3955a48328b3","source":"geofabrik_osm_roads","source_dataset":"Geofabrik OpenStreetMap roads","source_id":"geofabrik_osm_roads","source_record_id":"belarus:76496","source_url":"https://download.geofabrik.de/europe/belarus-latest.osm.pbf","source_capture_date":"2026-09-29T10:12:41Z","source_layer":"osm_major_roads","source_reference_id":"ref_2e844c3fc01cc577","source_name":"Geofabrik OpenStreetMap roads","source_type":"openstreetmap_extract","source_reliability":"B","license_or_terms":"ODbL-1.0","name":"Р68","name_en":"","description":"OSM highway=primary_link; ref=Р68; surface=asphalt","name_translated":"r68","description_translated":"osm highway=primary_link; ref=r68; surface=asphalt","display_label":"Р68","asset_class":"transport","asset_type":"road","asset_subtype":"primary_link","domain":"transport","status":"","operator":"","product":"","country":"Belarus","country_code":"BY","country_source":"geofabrik_extract_boundary","countries":["Belarus"],"source_country":"Belarus","country_match_method":"representative_point_in_boundary","region":"","region_translated":"","subdivision":"","inn":"","is_sanctioned":"","is_mass_director":"","is_mass_founder":"","is_disqualified_persons":"","geometry_type":"LineString","latitude":"","longitude":"","centroid_latitude":"53.45606362","centroid_longitude":"27.25391833","map_latitude":"53.45606362","map_longitude":"27.25391833","start_latitude":"53.4559737","start_longitude":"27.2540356","end_latitude":"53.4561279","end_longitude":"27.2538324","coordinate_count":"4","length_km":"0.021797","has_point_location":"true","location_quality":"line_centroid","coordinate_precision":"centroid","coordinate_source":"","entity_confidence":"high","freshness":"recent","cross_source_support":"1","review_status":"unreviewed","confidence":"A","confidence_grade":"A","confidence_score":"0.94","selectable":"true","map_layer":"transport_roads","map_color":"#4b5563","map_icon":"road","risk_flags":"","subcategory":"primary_link","transport_functions":"road","un_locode":"","locode_country":"BY","locode_location":"","iata":"","remarks":"","source_date":"","detected_language":"ru_or_mixed","translation_source":"offline_rules+transliteration","derived_subcategory":"primary_link","derived_subcategory_label":"Primary road link","derived_subcategory_confidence":"1.0","derived_subcategory_reason":"OSM highway class","possible_duplicate_group":"","search_text":"Р68 Р68 OSM highway=primary_link; ref=Р68; surface=asphalt transport road primary_link transport road Geofabrik OpenStreetMap roads osm_major_roads r68 osm highway=primary_link; ref=r68; surface=asphalt Primary road link","references_json":"[{\"reference_id\":\"ref_2e844c3fc01cc577\",\"source_id\":\"geofabrik_osm_roads\",\"source_name\":\"Geofabrik OpenStreetMap roads\",\"source_type\":\"openstreetmap_extract\",\"url\":\"https://download.geofabrik.de/europe/belarus-latest.osm.pbf\",\"archive_url\":\"\",\"retrieved_at\":\"2026-09-29T10:12:41Z\",\"source_record_id\":\"belarus:76496\",\"source_file\":\"data/raw/osm/geofabrik/belarus-latest.osm.pbf\",\"source_line_or_record_id\":\"76496\",\"extractor_version\":\"geofabrik_osm_roads_1\",\"license_or_terms\":\"ODbL-1.0\",\"confidence_contribution\":\"0.82\"}]","first_seen_build":"2026-09-29T10:12:41Z","last_seen_build":"2026-09-29T10:12:41Z","change_status":"new","change_types":["new"],"changed_since_previous_build":"false","new_in_latest_build":"true","removed_from_latest_build":"false","source_archive_date":"2026-09-29T10:12:41Z","generation_type":"","primary_fuel":"","secondary_fuels":"","plant_role":"","technology":"","installed_capacity_mw":"","operational_status":"","classification_confidence":"","classification_confidence_score":"","classification_method":"","classification_sources":"","classification_notes":"","alternate_names":"","name_ru":"","match_score":"","match_method":"","matched_source_record_ids":"","is_nuclear":"","nuclear_status":"","reactor_count":"","operating_reactor_count":"","reactor_types":"","nuclear_reference_ids":"","radiological_risk":"","substation_type":"","voltage_kv":"","voltage_levels_kv":"","connected_generation_type":"","ecological_risk_category":"","political_significance":"","risk_assessment_status":"","tags":{"highway":"primary_link","lanes":"1","maxaxleload":"10","maxspeed":"50","oneway":"yes","ref":"Р68","source:maxspeed:forward":"sign","surface":"asphalt"},"references":[{"reference_id":"ref_2e844c3fc01cc577","source_id":"geofabrik_osm_roads","source_name":"Geofabrik OpenStreetMap roads","source_type":"openstreetmap_extract","url":"https://download.geofabrik.de/europe/belarus-latest.osm.pbf","archive_url":"","retrieved_at":"2026-09-29T10:12:41Z","source_record_id":"belarus:76496","source_file":"data/raw/osm/geofabrik/belarus-latest.osm.pbf","source_line_or_record_id":"76496","extractor_version":"geofabrik_osm_roads_1","license_or_terms":"ODbL-1.0","confidence_contribution":"0.82"}]}},{"type":"Feature","id":"infra_001747d9be6c1744","geometry":{"type":"LineString","coordinates":[[27.2538324,53.4561279],[27.2538375,53.4561579],[27.2538305,53.4561877],[27.2538117,53.4562157],[27.2537835,53.4562394],[27.2537468,53.4562585],[27.2537036,53.4562721],[27.2536564,53.4562794],[27.2536084,53.45628],[27.2535615,53.4562742],[27.253518,53.4562621]]},"properties":{"uid":"infra_001747d9be6c1744","object_id":"infra_001747d9be6c1744","source":"geofabrik_osm_roads","source_dataset":"Geofabrik OpenStreetMap roads","source_id":"geofabrik_osm_roads","source_record_id":"belarus:76497","source_url":"https://download.geofabrik.de/europe/belarus-latest.osm.pbf","source_capture_date":"2026-09-29T10:12:41Z","source_layer":"osm_major_roads","source_reference_id":"ref_9cd02ba967dd6458","source_name":"Geofabrik OpenStreetMap roads","source_type":"openstreetmap_extract","source_reliability":"B","license_or_terms":"ODbL-1.0","name":"Р68","name_en":"","description":"OSM highway=primary; ref=Р68; surface=asphalt","name_translated":"r68","description_translated":"osm highway=primary; ref=r68; surface=asphalt","display_label":"Р68","asset_class":"transport","asset_type":"road","asset_subtype":"primary","domain":"transport","status":"","operator":"","product":"","country":"Belarus","country_code":"BY","country_source":"geofabrik_extract_boundary","countries":["Belarus"],"source_country":"Belarus","country_match_method":"representative_point_in_boundary","region":"","region_translated":"","subdivision":"","inn":"","is_sanctioned":"","is_mass_director":"","is_mass_founder":"","is_disqualified_persons":"","geometry_type":"LineString","latitude":"","longitude":"","centroid_latitude":"53.45623226","centroid_longitude":"27.25371730","map_latitude":"53.45623226","map_longitude":"27.25371730","start_latitude":"53.4561279","start_longitude":"27.2538324","end_latitude":"53.4562621","end_longitude":"27.253518","coordinate_count":"11","length_km":"0.032502","has_point_location":"true","location_quality":"line_centroid","coordinate_precision":"centroid","coordinate_source":"","entity_confidence":"high","freshness":"recent","cross_source_support":"1","review_status":"unreviewed","confidence":"A","confidence_grade":"A","confidence_score":"0.94","selectable":"true","map_layer":"transport_roads","map_color":"#4b5563","map_icon":"road","risk_flags":"","subcategory":"primary","transport_functions":"road","un_locode":"","locode_country":"BY","locode_location":"","iata":"","remarks":"","source_date":"","detected_language":"ru_or_mixed","translation_source":"offline_rules+transliteration","derived_subcategory":"primary","derived_subcategory_label":"Primary road","derived_subcategory_confidence":"1.0","derived_subcategory_reason":"OSM highway class","possible_duplicate_group":"","search_text":"Р68 Р68 OSM highway=primary; ref=Р68; surface=asphalt transport road primary transport road Geofabrik OpenStreetMap roads osm_major_roads r68 osm highway=primary; ref=r68; surface=asphalt Primary road","references_json":"[{\"reference_id\":\"ref_9cd02ba967dd6458\",\"source_id\":\"geofabrik_osm_roads\",\"source_name\":\"Geofabrik OpenStreetMap roads\",\"source_type\":\"openstreetmap_extract\",\"url\":\"https://download.geofabrik.de/europe/belarus-latest.osm.pbf\",\"archive_url\":\"\",\"retrieved_at\":\"2026-09-29T10:12:41Z\",\"source_record_id\":\"belarus:76497\",\"source_file\":\"data/raw/osm/geofabrik/belarus-latest.osm.pbf\",\"source_line_or_record_id\":\"76497\",\"extractor_version\":\"geofabrik_osm_roads_1\",\"license_or_terms\":\"ODbL-1.0\",\"confidence_contribution\":\"0.82\"}]","first_seen_build":"2026-09-29T10:12:41Z","last_seen_build":"2026-09-29T10:12:41Z","change_status":"new","change_types":["new"],"changed_since_previous_build":"false","new_in_latest_build":"true","removed_from_latest_build":"false","source_archive_date":"2026-09-29T10:12:41Z","generation_type":"","primary_fuel":"","secondary_fuels":"","plant_role":"","technology":"","installed_capacity_mw":"","operational_status":"","classification_confidence":"","classification_confidence_score":"","classification_method":"","classification_sources":"","classification_notes":"","alternate_names":"","name_ru":"","match_score":"","match_method":"","matched_source_record_ids":"","is_nuclear":"","nuclear_status":"","reactor_count":"","operating_reactor_count":"","reactor_types":"","nuclear_reference_ids":"","radiological_risk":"","substation_type":"","voltage_kv":"","voltage_levels_kv":"","connected_generation_type":"","ecological_risk_category":"","political_significance":"","risk_assessment_status":"","tags":{"highway":"primary","junction":"roundabout","maxaxleload":"10","maxspeed":"BY:rural","oneway":"yes","ref":"Р68","source:maxspeed":"implicit","surface":"asphalt"},"references":[{"reference_id":"ref_9cd02ba967dd6458","source_id":"geofabrik_osm_roads","source_name":"Geofabrik OpenStreetMap roads","source_type":"openstreetmap_extract","url":"https://download.geofabrik.de/europe/belarus-latest.osm.pbf","archive_url":"","retrieved_at":"2026-09-29T10:12:41Z","source_record_id":"belarus:76497","source_file":"data/raw/osm/geofabrik/belarus-latest.osm.pbf","source_line_or_record_id":"76497","extractor_version":"geofabrik_osm_roads_1","license_or_terms":"ODbL-1.0","confidence_contribution":"0.82"}]}},{"type":"Feature","id":"infra_4ff2145737e2edc7","geometry":{"type":"LineString","coordinates":[[27.2537334,53.4560477],[27.2537784,53.4560686],[27.2538122,53.4560961],[27.2538324,53.4561279]]},"properties":{"uid":"infra_4ff2145737e2edc7","object_id":"infra_4ff2145737e2edc7","source":"geofabrik_osm_roads","source_dataset":"Geofabrik OpenStreetMap roads","source_id":"geofabrik_osm_roads","source_record_id":"belarus:76498","source_url":"https://download.geofabrik.de/europe/belarus-latest.osm.pbf","source_capture_date":"2026-09-29T10:12:41Z","source_layer":"osm_major_roads","source_reference_id":"ref_b654163b6ccb3123","source_name":"Geofabrik OpenStreetMap roads","source_type":"openstreetmap_extract","source_reliability":"B","license_or_terms":"ODbL-1.0","name":"Р68","name_en":"","description":"OSM highway=primary; ref=Р68; surface=asphalt","name_translated":"r68","description_translated":"osm highway=primary; ref=r68; surface=asphalt","display_label":"Р68","asset_class":"transport","asset_type":"road","asset_subtype":"primary","domain":"transport","status":"","operator":"","product":"","country":"Belarus","country_code":"BY","country_source":"geofabrik_extract_boundary","countries":["Belarus"],"source_country":"Belarus","country_match_method":"representative_point_in_boundary","region":"","region_translated":"","subdivision":"","inn":"","is_sanctioned":"","is_mass_director":"","is_mass_founder":"","is_disqualified_persons":"","geometry_type":"LineString","latitude":"","longitude":"","centroid_latitude":"53.45608508","centroid_longitude":"27.25378910","map_latitude":"53.45608508","map_longitude":"27.25378910","start_latitude":"53.4560477","start_longitude":"27.2537334","end_latitude":"53.4561279","end_longitude":"27.2538324","coordinate_count":"4","length_km":"0.011348","has_point_location":"true","location_quality":"line_centroid","coordinate_precision":"centroid","coordinate_source":"","entity_confidence":"high","freshness":"recent","cross_source_support":"1","review_status":"unreviewed","confidence":"A","confidence_grade":"A","confidence_score":"0.94","selectable":"true","map_layer":"transport_roads","map_color":"#4b5563","map_icon":"road","risk_flags":"","subcategory":"primary","transport_functions":"road","un_locode":"","locode_country":"BY","locode_location":"","iata":"","remarks":"","source_date":"","detected_language":"ru_or_mixed","translation_source":"offline_rules+transliteration","derived_subcategory":"primary","derived_subcategory_label":"Primary road","derived_subcategory_confidence":"1.0","derived_subcategory_reason":"OSM highway class","possible_duplicate_group":"","search_text":"Р68 Р68 OSM highway=primary; ref=Р68; surface=asphalt transport road primary transport road Geofabrik OpenStreetMap roads osm_major_roads r68 osm highway=primary; ref=r68; surface=asphalt Primary road","references_json":"[{\"reference_id\":\"ref_b654163b6ccb3123\",\"source_id\":\"geofabrik_osm_roads\",\"source_name\":\"Geofabrik OpenStreetMap roads\",\"source_type\":\"openstreetmap_extract\",\"url\":\"https://download.geofabrik.de/europe/belarus-latest.osm.pbf\",\"archive_url\":\"\",\"retrieved_at\":\"2026-09-29T10:12:41Z\",\"source_record_id\":\"belarus:76498\",\"source_file\":\"data/raw/osm/geofabrik/belarus-latest.osm.pbf\",\"source_line_or_record_id\":\"76498\",\"extractor_version\":\"geofabrik_osm_roads_1\",\"license_or_terms\":\"ODbL-1.0\",\"confidence_contribution\":\"0.82\"}]","first_seen_build":"2026-09-29T10:12:41Z","last_seen_build":"2026-09-29T10:12:41Z","change_status":"new","change_types":["new"],"changed_since_previous_build":"false","new_in_latest_build":"true","removed_from_latest_build":"false","source_archive_date":"2026-09-29T10:12:41Z","generation_type":"","primary_fuel":"","secondary_fuels":"","plant_role":"","technology":"","installed_capacity_mw":"","operational_status":"","classification_confidence":"","classification_confidence_score":"","classification_method":"","classification_sources":"","classification_notes":"","alternate_names":"","name_ru":"","match_score":"","match_method":"","matched_source_record_ids":"","is_nuclear":"","nuclear_status":"","reactor_count":"","operating_reactor_count":"","reactor_types":"","nuclear_reference_ids":"","radiological_risk":"","substation_type":"","voltage_kv":"","voltage_levels_kv":"","connected_generation_type":"","ecological_risk_category":"","political_significance":"","risk_assessment_status":"","tags":{"highway":"primary","junction":"roundabout","maxaxleload":"10","maxspeed":"BY:rural","oneway":"yes","ref":"Р68","source:maxspeed":"implicit","surface":"asphalt"},"references":[{"reference_id":"ref_b654163b6ccb3123","source_id":"geofabrik_osm_roads","source_name":"Geofabrik OpenStreetMap roads","source_type":"openstreetmap_extract","url":"https://download.geofabrik.de/europe/belarus-latest.osm.pbf","archive_url":"","retrieved_at":"2026-09-29T10:12:41Z","source_record_id":"belarus:76498","source_file":"data/raw/osm/geofabrik/belarus-latest.osm.pbf","source_line_or_record_id":"76498","extractor_version":"geofabrik_osm_roads_1","license_or_terms":"ODbL-1.0","confidence_contribution":"0.82"}]}},{"type":"Feature","id":"infra_114243a8d75c21dd","geometry":{"type":"LineString","coordinates":[[27.253518,53.4562621],[27.2534759,53.4562419],[27.2534438,53.4562158],[27.253424,53.4561858]]},"properties":{"uid":"infra_114243a8d75c21dd","object_id":"infra_114243a8d75c21dd","source":"geofabrik_osm_roads","source_dataset":"Geofabrik OpenStreetMap roads","source_id":"geofabrik_osm_roads","source_record_id":"belarus:76499","source_url":"https://download.geofabrik.de/europe/belarus-latest.osm.pbf","source_capture_date":"2026-09-29T10:12:41Z","source_layer":"osm_major_roads","source_reference_id":"ref_f2105e86c5f2ea51","source_name":"Geofabrik OpenStreetMap roads","source_type":"openstreetmap_extract","source_reliability":"B","license_or_terms":"ODbL-1.0","name":"Р68","name_en":"","description":"OSM highway=primary; ref=Р68; surface=asphalt","name_translated":"r68","description_translated":"osm highway=primary; ref=r68; surface=asphalt","display_label":"Р68","asset_class":"transport","asset_type":"road","asset_subtype":"primary","domain":"transport","status":"","operator":"","product":"","country":"Belarus","country_code":"BY","country_source":"geofabrik_extract_boundary","countries":["Belarus"],"source_country":"Belarus","country_match_method":"representative_point_in_boundary","region":"","region_translated":"","subdivision":"","inn":"","is_sanctioned":"","is_mass_director":"","is_mass_founder":"","is_disqualified_persons":"","geometry_type":"LineString","latitude":"","longitude":"","centroid_latitude":"53.45622640","centroid_longitude":"27.25346543","map_latitude":"53.45622640","map_longitude":"27.25346543","start_latitude":"53.4562621","start_longitude":"27.253518","end_latitude":"53.4561858","end_longitude":"27.253424","coordinate_count":"4","length_km":"0.010761","has_point_location":"true","location_quality":"line_centroid","coordinate_precision":"centroid","coordinate_source":"","entity_confidence":"high","freshness":"recent","cross_source_support":"1","review_status":"unreviewed","confidence":"A","confidence_grade":"A","confidence_score":"0.94","selectable":"true","map_layer":"transport_roads","map_color":"#4b5563","map_icon":"road","risk_flags":"","subcategory":"primary","transport_functions":"road","un_locode":"","locode_country":"BY","locode_location":"","iata":"","remarks":"","source_date":"","detected_language":"ru_or_mixed","translation_source":"offline_rules+transliteration","derived_subcategory":"primary","derived_subcategory_label":"Primary road","derived_subcategory_confidence":"1.0","derived_subcategory_reason":"OSM highway class","possible_duplicate_group":"","search_text":"Р68 Р68 OSM highway=primary; ref=Р68; surface=asphalt transport road primary transport road Geofabrik OpenStreetMap roads osm_major_roads r68 osm highway=primary; ref=r68; surface=asphalt Primary road","references_json":"[{\"reference_id\":\"ref_f2105e86c5f2ea51\",\"source_id\":\"geofabrik_osm_roads\",\"source_name\":\"Geofabrik OpenStreetMap roads\",\"source_type\":\"openstreetmap_extract\",\"url\":\"https://download.geofabrik.de/europe/belarus-latest.osm.pbf\",\"archive_url\":\"\",\"retrieved_at\":\"2026-09-29T10:12:41Z\",\"source_record_id\":\"belarus:76499\",\"source_file\":\"data/raw/osm/geofabrik/belarus-latest.osm.pbf\",\"source_line_or_record_id\":\"76499\",\"extractor_version\":\"geofabrik_osm_roads_1\",\"license_or_terms\":\"ODbL-1.0\",\"confidence_contribution\":\"0.82\"}]","first_seen_build":"2026-09-29T10:12:41Z","last_seen_build":"2026-09-29T10:12:41Z","change_status":"new","change_types":["new"],"changed_since_previous_build":"false","new_in_latest_build":"true","removed_from_latest_build":"false","source_archive_date":"2026-09-29T10:12:41Z","generation_type":"","primary_fuel":"","secondary_fuels":"","plant_role":"","technology":"","installed_capacity_mw":"","operational_status":"","classification_confidence":"","classification_confidence_score":"","classification_method":"","classification_sources":"","classification_notes":"","alternate_names":"","name_ru":"","match_score":"","match_method":"","matched_source_record_ids":"","is_nuclear":"","nuclear_status":"","reactor_count":"","operating_reactor_count":"","reactor_types":"","nuclear_reference_ids":"","radiological_risk":"","substation_type":"","voltage_kv":"","voltage_levels_kv":"","connected_generation_type":"","ecological_risk_category":"","political_significance":"","risk_assessment_status":"","tags":{"highway":"primary","junction":"roundabout","maxaxleload":"10","maxspeed":"BY:rural","oneway":"yes","ref":"Р68","source:maxspeed":"implicit","surface":"asphalt"},"references":[{"reference_id":"ref_f2105e86c5f2ea51","source_id":"geofabrik_osm_roads","source_name":"Geofabrik OpenStreetMap roads","source_type":"openstreetmap_extract","url":"https://download.geofabrik.de/europe/belarus-latest.osm.pbf","archive_url":"","retrieved_at":"2026-09-29T10:12:41Z","source_record_id":"belarus:76499","source_file":"data/raw/osm/geofabrik/belarus-latest.osm.pbf","source_line_or_record_id":"76499","extractor_version":"geofabrik_osm_roads_1","license_or_terms":"ODbL-1.0","confidence_contribution":"0.82"}]}},{"type":"Feature","id":"infra_c18ff47f462f9246","geometry":{"type":"LineString","coordinates":[[27.5699227,53.103413],[27.5696995,53.1039974],[27.5690302,53.1059434],[27.5690146,53.1059887]]},"properties":{"uid":"infra_c18ff47f462f9246","object_id":"infra_c18ff47f462f9246","source":"geofabrik_osm_roads","source_dataset":"Geofabrik OpenStreetMap roads","source_id":"geofabrik_osm_roads","source_record_id":"belarus:76500","source_url":"https://download.geofabrik.de/europe/belarus-latest.osm.pbf","source_capture_date":"2026-09-29T10:12:41Z","source_layer":"osm_major_roads","source_reference_id":"ref_51d71b9ef42a4604","source_name":"Geofabrik OpenStreetMap roads","source_type":"openstreetmap_extract","source_reliability":"B","license_or_terms":"ODbL-1.0","name":"Р23","name_en":"","description":"OSM highway=trunk; ref=Р23; surface=asphalt","name_translated":"r23","description_translated":"osm highway=trunk; ref=r23; surface=asphalt","display_label":"Р23","asset_class":"transport","asset_type":"road","asset_subtype":"trunk","domain":"transport","status":"","operator":"","product":"","country":"Belarus","country_code":"BY","country_source":"geofabrik_extract_boundary","countries":["Belarus"],"source_country":"Belarus","country_match_method":"representative_point_in_boundary","region":"","region_translated":"","subdivision":"","inn":"","is_sanctioned":"","is_mass_director":"","is_mass_founder":"","is_disqualified_persons":"","geometry_type":"LineString","latitude":"","longitude":"","centroid_latitude":"53.10483562","centroid_longitude":"27.56941675","map_latitude":"53.10483562","map_longitude":"27.56941675","start_latitude":"53.103413","start_longitude":"27.5699227","end_latitude":"53.1059887","end_longitude":"27.5690146","coordinate_count":"4","length_km":"0.292763","has_point_location":"true","location_quality":"line_centroid","coordinate_precision":"centroid","coordinate_source":"","entity_confidence":"high","freshness":"recent","cross_source_support":"1","review_status":"unreviewed","confidence":"A","confidence_grade":"A","confidence_score":"0.94","selectable":"true","map_layer":"transport_roads","map_color":"#4b5563","map_icon":"road","risk_flags":"","subcategory":"trunk","transport_functions":"road","un_locode":"","locode_country":"BY","locode_location":"","iata":"","remarks":"","source_date":"","detected_language":"ru_or_mixed","translation_source":"offline_rules+transliteration","derived_subcategory":"trunk","derived_subcategory_label":"Trunk road","derived_subcategory_confidence":"1.0","derived_subcategory_reason":"OSM highway class","possible_duplicate_group":"","search_text":"Р23 Р23 OSM highway=trunk; ref=Р23; surface=asphalt transport road trunk transport road Geofabrik OpenStreetMap roads osm_major_roads r23 osm highway=trunk; ref=r23; surface=asphalt Trunk road","references_json":"[{\"reference_id\":\"ref_51d71b9ef42a4604\",\"source_id\":\"geofabrik_osm_roads\",\"source_name\":\"Geofabrik OpenStreetMap roads\",\"source_type\":\"openstreetmap_extract\",\"url\":\"https://download.geofabrik.de/europe/belarus-latest.osm.pbf\",\"archive_url\":\"\",\"retrieved_at\":\"2026-09-29T10:12:41Z\",\"source_record_id\":\"belarus:76500\",\"source_file\":\"data/raw/osm/geofabrik/belarus-latest.osm.pbf\",\"source_line_or_record_id\":\"76500\",\"extractor_version\":\"geofabrik_osm_roads_1\",\"license_or_terms\":\"ODbL-1.0\",\"confidence_contribution\":\"0.82\"}]","first_seen_build":"2026-09-29T10:12:41Z","last_seen_build":"2026-09-29T10:12:41Z","change_status":"new","change_types":["new"],"changed_since_previous_build":"false","new_in_latest_build":"true","removed_from_latest_build":"false","source_archive_date":"2026-09-29T10:12:41Z","generation_type":"","primary_fuel":"","secondary_fuels":"","plant_role":"","technology":"","installed_capacity_mw":"","operational_status":"","classification_confidence":"","classification_confidence_score":"","classification_method":"","classification_sources":"","classification_notes":"","alternate_names":"","name_ru":"","match_score":"","match_method":"","matched_source_record_ids":"","is_nuclear":"","nuclear_status":"","reactor_count":"","operating_reactor_count":"","reactor_types":"","nuclear_reference_ids":"","radiological_risk":"","substation_type":"","voltage_kv":"","voltage_levels_kv":"","connected_generation_type":"","ecological_risk_category":"","political_significance":"","risk_assessment_status":"","tags":{"highway":"trunk","lanes":"2","maxaxleload":"11.5","maxspeed":"90","maxspeed:bus":"90","maxspeed:goods":"90","maxspeed:hgv":"70","maxspeed:motorcar":"90","maxspeed:motorcycle":"90","oneway":"yes","ref":"Р23","shoulder":"right","source:maxspeed":"sign","surface":"asphalt","toll":"yes"},"references":[{"reference_id":"ref_51d71b9ef42a4604","source_id":"geofabrik_osm_roads","source_name":"Geofabrik OpenStreetMap roads","source_type":"openstreetmap_extract","url":"https://download.geofabrik.de/europe/belarus-latest.osm.pbf","archive_url":"","retrieved_at":"2026-09-29T10:12:41Z","source_record_id":"belarus:76500","source_file":"data/raw/osm/geofabrik/belarus-latest.osm.pbf","source_line_or_record_id":"76500","extractor_version":"geofabrik_osm_roads_1","license_or_terms":"ODbL-1.0","confidence_contribution":"0.82"}]}},{"type":"Feature","id":"infra_f4a7c837070454cf","geometry":{"type":"LineString","coordinates":[[27.5591456,53.07404],[27.5594216,53.0743066]]},"properties":{"uid":"infra_f4a7c837070454cf","object_id":"infra_f4a7c837070454cf","source":"geofabrik_osm_roads","source_dataset":"Geofabrik OpenStreetMap roads","source_id":"geofabrik_osm_roads","source_record_id":"belarus:76501","source_url":"https://download.geofabrik.de/europe/belarus-latest.osm.pbf","source_capture_date":"2026-09-29T10:12:41Z","source_layer":"osm_major_roads","source_reference_id":"ref_d5284741bd745aac","source_name":"Geofabrik OpenStreetMap roads","source_type":"openstreetmap_extract","source_reliability":"B","license_or_terms":"ODbL-1.0","name":"Р23","name_en":"","description":"OSM highway=trunk; ref=Р23; surface=asphalt","name_translated":"r23","description_translated":"osm highway=trunk; ref=r23; surface=asphalt","display_label":"Р23","asset_class":"transport","asset_type":"road","asset_subtype":"trunk","domain":"transport","status":"","operator":"","product":"","country":"Belarus","country_code":"BY","country_source":"geofabrik_extract_boundary","countries":["Belarus"],"source_country":"Belarus","country_match_method":"representative_point_in_boundary","region":"","region_translated":"","subdivision":"","inn":"","is_sanctioned":"","is_mass_director":"","is_mass_founder":"","is_disqualified_persons":"","geometry_type":"LineString","latitude":"","longitude":"","centroid_latitude":"53.07417330","centroid_longitude":"27.55928360","map_latitude":"53.07417330","map_longitude":"27.55928360","start_latitude":"53.07404","start_longitude":"27.5591456","end_latitude":"53.0743066","end_longitude":"27.5594216","coordinate_count":"2","length_km":"0.034911","has_point_location":"true","location_quality":"line_centroid","coordinate_precision":"centroid","coordinate_source":"","entity_confidence":"high","freshness":"recent","cross_source_support":"1","review_status":"unreviewed","confidence":"A","confidence_grade":"A","confidence_score":"0.94","selectable":"true","map_layer":"transport_roads","map_color":"#4b5563","map_icon":"road","risk_flags":"","subcategory":"trunk","transport_functions":"road","un_locode":"","locode_country":"BY","locode_location":"","iata":"","remarks":"","source_date":"","detected_language":"ru_or_mixed","translation_source":"offline_rules+transliteration","derived_subcategory":"trunk","derived_subcategory_label":"Trunk road","derived_subcategory_confidence":"1.0","derived_subcategory_reason":"OSM highway class","possible_duplicate_group":"","search_text":"Р23 Р23 OSM highway=trunk; ref=Р23; surface=asphalt transport road trunk transport road Geofabrik OpenStreetMap roads osm_major_roads r23 osm highway=trunk; ref=r23; surface=asphalt Trunk road","references_json":"[{\"reference_id\":\"ref_d5284741bd745aac\",\"source_id\":\"geofabrik_osm_roads\",\"source_name\":\"Geofabrik OpenStreetMap roads\",\"source_type\":\"openstreetmap_extract\",\"url\":\"https://download.geofabrik.de/europe/belarus-latest.osm.pbf\",\"archive_url\":\"\",\"retrieved_at\":\"2026-09-29T10:12:41Z\",\"source_record_id\":\"belarus:76501\",\"source_file\":\"data/raw/osm/geofabrik/belarus-latest.osm.pbf\",\"source_line_or_record_id\":\"76501\",\"extractor_version\":\"geofabrik_osm_roads_1\",\"license_or_terms\":\"ODbL-1.0\",\"confidence_contribution\":\"0.82\"}]","first_seen_build":"2026-09-29T10:12:41Z","last_seen_build":"2026-09-29T10:12:41Z","change_status":"new","change_types":["new"],"changed_since_previous_build":"false","new_in_latest_build":"true","removed_from_latest_build":"false","source_archive_date":"2026-09-29T10:12:41Z","generation_type":"","primary_fuel":"","secondary_fuels":"","plant_role":"","technology":"","installed_capacity_mw":"","operational_status":"","classification_confidence":"","classification_confidence_score":"","classification_method":"","classification_sources":"","classification_notes":"","alternate_names":"","name_ru":"","match_score":"","match_method":"","matched_source_record_ids":"","is_nuclear":"","nuclear_status":"","reactor_count":"","operating_reactor_count":"","reactor_types":"","nuclear_reference_ids":"","radiological_risk":"","substation_type":"","voltage_kv":"","voltage_levels_kv":"","connected_generation_type":"","ecological_risk_category":"","political_significance":"","risk_assessment_status":"","tags":{"highway":"trunk","lanes":"3","maxaxleload":"11.5","maxspeed":"BY:rural","oneway":"yes","ref":"Р23","shoulder":"no","surface":"asphalt","toll":"yes","turn:lanes":"||merge_to_left"},"references":[{"reference_id":"ref_d5284741bd745aac","source_id":"geofabrik_osm_roads","source_name":"Geofabrik OpenStreetMap roads","source_type":"openstreetmap_extract","url":"https://download.geofabrik.de/europe/belarus-latest.osm.pbf","archive_url":"","retrieved_at":"2026-09-29T10:12:41Z","source_record_id":"belarus:76501","source_file":"data/raw/osm/geofabrik/belarus-latest.osm.pbf","source_line_or_record_id":"76501","extractor_version":"geofabrik_osm_roads_1","license_or_terms":"ODbL-1.0","confidence_contribution":"0.82"}]}},{"type":"Feature","id":"infra_5b0a468caa2431a2","geometry":{"type":"LineString","coordinates":[[27.5597838,53.0748572],[27.559546,53.0746316]]},"properties":{"uid":"infra_5b0a468caa2431a2","object_id":"infra_5b0a468caa2431a2","source":"geofabrik_osm_roads","source_dataset":"Geofabrik OpenStreetMap roads","source_id":"geofabrik_osm_roads","source_record_id":"belarus:76502","source_url":"https://download.geofabrik.de/europe/belarus-latest.osm.pbf","source_capture_date":"2026-09-29T10:12:41Z","source_layer":"osm_major_roads","source_reference_id":"ref_7ff3cc74cd3e614e","source_name":"Geofabrik OpenStreetMap roads","source_type":"openstreetmap_extract","source_reliability":"B","license_or_terms":"ODbL-1.0","name":"Р23","name_en":"","description":"OSM highway=trunk; ref=Р23; surface=asphalt","name_translated":"r23","description_translated":"osm highway=trunk; ref=r23; surface=asphalt","display_label":"Р23","asset_class":"transport","asset_type":"road","asset_subtype":"trunk","domain":"transport","status":"","operator":"","product":"","country":"Belarus","country_code":"BY","country_source":"geofabrik_extract_boundary","countries":["Belarus"],"source_country":"Belarus","country_match_method":"representative_point_in_boundary","region":"","region_translated":"","subdivision":"","inn":"","is_sanctioned":"","is_mass_director":"","is_mass_founder":"","is_disqualified_persons":"","geometry_type":"LineString","latitude":"","longitude":"","centroid_latitude":"53.07474440","centroid_longitude":"27.55966490","map_latitude":"53.07474440","map_longitude":"27.55966490","start_latitude":"53.0748572","start_longitude":"27.5597838","end_latitude":"53.0746316","end_longitude":"27.559546","coordinate_count":"2","length_km":"0.029693","has_point_location":"true","location_quality":"line_centroid","coordinate_precision":"centroid","coordinate_source":"","entity_confidence":"high","freshness":"recent","cross_source_support":"1","review_status":"unreviewed","confidence":"A","confidence_grade":"A","confidence_score":"0.94","selectable":"true","map_layer":"transport_roads","map_color":"#4b5563","map_icon":"road","risk_flags":"","subcategory":"trunk","transport_functions":"road","un_locode":"","locode_country":"BY","locode_location":"","iata":"","remarks":"","source_date":"","detected_language":"ru_or_mixed","translation_source":"offline_rules+transliteration","derived_subcategory":"trunk","derived_subcategory_label":"Trunk road","derived_subcategory_confidence":"1.0","derived_subcategory_reason":"OSM highway class","possible_duplicate_group":"","search_text":"Р23 Р23 OSM highway=trunk; ref=Р23; surface=asphalt transport road trunk transport road Geofabrik OpenStreetMap roads osm_major_roads r23 osm highway=trunk; ref=r23; surface=asphalt Trunk road","references_json":"[{\"reference_id\":\"ref_7ff3cc74cd3e614e\",\"source_id\":\"geofabrik_osm_roads\",\"source_name\":\"Geofabrik OpenStreetMap roads\",\"source_type\":\"openstreetmap_extract\",\"url\":\"https://download.geofabrik.de/europe/belarus-latest.osm.pbf\",\"archive_url\":\"\",\"retrieved_at\":\"2026-09-29T10:12:41Z\",\"source_record_id\":\"belarus:76502\",\"source_file\":\"data/raw/osm/geofabrik/belarus-latest.osm.pbf\",\"source_line_or_record_id\":\"76502\",\"extractor_version\":\"geofabrik_osm_roads_1\",\"license_or_terms\":\"ODbL-1.0\",\"confidence_contribution\":\"0.82\"}]","first_seen_build":"2026-09-29T10:12:41Z","last_seen_build":"2026-09-29T10:12:41Z","change_status":"new","change_types":["new"],"changed_since_previous_build":"false","new_in_latest_build":"true","removed_from_latest_build":"false","source_archive_date":"2026-09-29T10:12:41Z","generation_type":"","primary_fuel":"","secondary_fuels":"","plant_role":"","technology":"","installed_capacity_mw":"","operational_status":"","classification_confidence":"","classification_confidence_score":"","classification_method":"","classification_sources":"","classification_notes":"","alternate_names":"","name_ru":"","match_score":"","match_method":"","matched_source_record_ids":"","is_nuclear":"","nuclear_status":"","reactor_count":"","operating_reactor_count":"","reactor_types":"","nuclear_reference_ids":"","radiological_risk":"","substation_type":"","voltage_kv":"","voltage_levels_kv":"","connected_generation_type":"","ecological_risk_category":"","political_significance":"","risk_assessment_status":"","tags":{"highway":"trunk","lanes":"4","maxaxleload":"11.5","maxspeed":"BY:rural","oneway":"yes","ref":"Р23","shoulder":"no","surface":"asphalt","toll":"yes","turn:lanes":"left|through|through|right"},"references":[{"reference_id":"ref_7ff3cc74cd3e614e","source_id":"geofabrik_osm_roads","source_name":"Geofabrik OpenStreetMap roads","source_type":"openstreetmap_extract","url":"https://download.geofabrik.de/europe/belarus-latest.osm.pbf","archive_url":"","retrieved_at":"2026-09-29T10:12:41Z","source_record_id":"belarus:76502","source_file":"data/raw/osm/geofabrik/belarus-latest.osm.pbf","source_line_or_record_id":"76502","extractor_version":"geofabrik_osm_roads_1","license_or_terms":"ODbL-1.0","confidence_contribution":"0.82"}]}},{"type":"Feature","id":"infra_4b8bf2a80443df7a","geometry":{"type":"LineString","coordinates":[[27.5594216,53.0743066],[27.5596904,53.0745662],[27.5599251,53.0747929],[27.5612065,53.0760871]]},"properties":{"uid":"infra_4b8bf2a80443df7a","object_id":"infra_4b8bf2a80443df7a","source":"geofabrik_osm_roads","source_dataset":"Geofabrik OpenStreetMap roads","source_id":"geofabrik_osm_roads","source_record_id":"belarus:76503","source_url":"https://download.geofabrik.de/europe/belarus-latest.osm.pbf","source_capture_date":"2026-09-29T10:12:41Z","source_layer":"osm_major_roads","source_reference_id":"ref_d25d50770c3f30ba","source_name":"Geofabrik OpenStreetMap roads","source_type":"openstreetmap_extract","source_reliability":"B","license_or_terms":"ODbL-1.0","name":"Р23","name_en":"","description":"OSM highway=trunk; ref=Р23; surface=asphalt","name_translated":"r23","description_translated":"osm highway=trunk; ref=r23; surface=asphalt","display_label":"Р23","asset_class":"transport","asset_type":"road","asset_subtype":"trunk","domain":"transport","status":"","operator":"","product":"","country":"Belarus","country_code":"BY","country_source":"geofabrik_extract_boundary","countries":["Belarus"],"source_country":"Belarus","country_match_method":"representative_point_in_boundary","region":"","region_translated":"","subdivision":"","inn":"","is_sanctioned":"","is_mass_director":"","is_mass_founder":"","is_disqualified_persons":"","geometry_type":"LineString","latitude":"","longitude":"","centroid_latitude":"53.07493820","centroid_longitude":"27.56006090","map_latitude":"53.07493820","map_longitude":"27.56006090","start_latitude":"53.0743066","start_longitude":"27.5594216","end_latitude":"53.0760871","end_longitude":"27.5612065","coordinate_count":"4","length_km":"0.231124","has_point_location":"true","location_quality":"line_centroid","coordinate_precision":"centroid","coordinate_source":"","entity_confidence":"high","freshness":"recent","cross_source_support":"1","review_status":"unreviewed","confidence":"A","confidence_grade":"A","confidence_score":"0.94","selectable":"true","map_layer":"transport_roads","map_color":"#4b5563","map_icon":"road","risk_flags":"","subcategory":"trunk","transport_functions":"road","un_locode":"","locode_country":"BY","locode_location":"","iata":"","remarks":"","source_date":"","detected_language":"ru_or_mixed","translation_source":"offline_rules+transliteration","derived_subcategory":"trunk","derived_subcategory_label":"Trunk road","derived_subcategory_confidence":"1.0","derived_subcategory_reason":"OSM highway class","possible_duplicate_group":"","search_text":"Р23 Р23 OSM highway=trunk; ref=Р23; surface=asphalt transport road trunk transport road Geofabrik OpenStreetMap roads osm_major_roads r23 osm highway=trunk; ref=r23; surface=asphalt Trunk road","references_json":"[{\"reference_id\":\"ref_d25d50770c3f30ba\",\"source_id\":\"geofabrik_osm_roads\",\"source_name\":\"Geofabrik OpenStreetMap roads\",\"source_type\":\"openstreetmap_extract\",\"url\":\"https://download.geofabrik.de/europe/belarus-latest.osm.pbf\",\"archive_url\":\"\",\"retrieved_at\":\"2026-09-29T10:12:41Z\",\"source_record_id\":\"belarus:76503\",\"source_file\":\"data/raw/osm/geofabrik/belarus-latest.osm.pbf\",\"source_line_or_record_id\":\"76503\",\"extractor_version\":\"geofabrik_osm_roads_1\",\"license_or_terms\":\"ODbL-1.0\",\"confidence_contribution\":\"0.82\"}]","first_seen_build":"2026-09-29T10:12:41Z","last_seen_build":"2026-09-29T10:12:41Z","change_status":"new","change_types":["new"],"changed_since_previous_build":"false","new_in_latest_build":"true","removed_from_latest_build":"false","source_archive_date":"2026-09-29T10:12:41Z","generation_type":"","primary_fuel":"","secondary_fuels":"","plant_role":"","technology":"","installed_capacity_mw":"","operational_status":"","classification_confidence":"","classification_confidence_score":"","classification_method":"","classification_sources":"","classification_notes":"","alternate_names":"","name_ru":"","match_score":"","match_method":"","matched_source_record_ids":"","is_nuclear":"","nuclear_status":"","reactor_count":"","operating_reactor_count":"","reactor_types":"","nuclear_reference_ids":"","radiological_risk":"","substation_type":"","voltage_kv":"","voltage_levels_kv":"","connected_generation_type":"","ecological_risk_category":"","political_significance":"","risk_assessment_status":"","tags":{"highway":"trunk","lanes":"3","maxaxleload":"11.5","maxspeed":"BY:rural","oneway":"yes","ref":"Р23","shoulder":"no","surface":"asphalt","toll":"yes","turn:lanes":"||merge_to_left"},"references":[{"reference_id":"ref_d25d50770c3f30ba","source_id":"geofabrik_osm_roads","source_name":"Geofabrik OpenStreetMap roads","source_type":"openstreetmap_extract","url":"https://download.geofabrik.de/europe/belarus-latest.osm.pbf","archive_url":"","retrieved_at":"2026-09-29T10:12:41Z","source_record_id":"belarus:76503","source_file":"data/raw/osm/geofabrik/belarus-latest.osm.pbf","source_line_or_record_id":"76503","extractor_version":"geofabrik_osm_roads_1","license_or_terms":"ODbL-1.0","confidence_contribution":"0.82"}]}},{"type":"Feature","id":"infra_41461f25dc6ac4d8","geometry":{"type":"LineString","coordinates":[[23.8409052,53.7011326],[23.8406285,53.7011741],[23.8403206,53.701311]]},"properties":{"uid":"infra_41461f25dc6ac4d8","object_id":"infra_41461f25dc6ac4d8","source":"geofabrik_osm_roads","source_dataset":"Geofabrik OpenStreetMap roads","source_id":"geofabrik_osm_roads","source_record_id":"belarus:76504","source_url":"https://download.geofabrik.de/europe/belarus-latest.osm.pbf","source_capture_date":"2026-09-29T10:12:41Z","source_layer":"osm_major_roads","source_reference_id":"ref_15cd5d1f95a385e2","source_name":"Geofabrik OpenStreetMap roads","source_type":"openstreetmap_extract","source_reliability":"B","license_or_terms":"ODbL-1.0","name":"road:belarus:76504","name_en":"","description":"OSM highway=primary_link; surface=asphalt","name_translated":"","description_translated":"","display_label":"road:belarus:76504","asset_class":"transport","asset_type":"road","asset_subtype":"primary_link","domain":"transport","status":"","operator":"","product":"","country":"Belarus","country_code":"BY","country_source":"geofabrik_extract_boundary","countries":["Belarus"],"source_country":"Belarus","country_match_method":"representative_point_in_boundary","region":"","region_translated":"","subdivision":"","inn":"","is_sanctioned":"","is_mass_director":"","is_mass_founder":"","is_disqualified_persons":"","geometry_type":"LineString","latitude":"","longitude":"","centroid_latitude":"53.70120590","centroid_longitude":"23.84061810","map_latitude":"53.70120590","map_longitude":"23.84061810","start_latitude":"53.7011326","start_longitude":"23.8409052","end_latitude":"53.701311","end_longitude":"23.8403206","coordinate_count":"3","length_km":"0.044138","has_point_location":"true","location_quality":"line_centroid","coordinate_precision":"centroid","coordinate_source":"","entity_confidence":"high","freshness":"recent","cross_source_support":"1","review_status":"unreviewed","confidence":"A","confidence_grade":"A","confidence_score":"0.94","selectable":"true","map_layer":"transport_roads","map_color":"#4b5563","map_icon":"road","risk_flags":"","subcategory":"primary_link","transport_functions":"road","un_locode":"","locode_country":"BY","locode_location":"","iata":"","remarks":"","source_date":"","detected_language":"en_or_unknown","translation_source":"","derived_subcategory":"primary_link","derived_subcategory_label":"Primary road link","derived_subcategory_confidence":"1.0","derived_subcategory_reason":"OSM highway class","possible_duplicate_group":"","search_text":"road:belarus:76504 OSM highway=primary_link; surface=asphalt transport road primary_link transport road Geofabrik OpenStreetMap roads osm_major_roads Primary road link","references_json":"[{\"reference_id\":\"ref_15cd5d1f95a385e2\",\"source_id\":\"geofabrik_osm_roads\",\"source_name\":\"Geofabrik OpenStreetMap roads\",\"source_type\":\"openstreetmap_extract\",\"url\":\"https://download.geofabrik.de/europe/belarus-latest.osm.pbf\",\"archive_url\":\"\",\"retrieved_at\":\"2026-09-29T10:12:41Z\",\"source_record_id\":\"belarus:76504\",\"source_file\":\"data/raw/osm/geofabrik/belarus-latest.osm.pbf\",\"source_line_or_record_id\":\"76504\",\"extractor_version\":\"geofabrik_osm_roads_1\",\"license_or_terms\":\"ODbL-1.0\",\"confidence_contribution\":\"0.82\"}]","first_seen_build":"2026-09-29T10:12:41Z","last_seen_build":"2026-09-29T10:12:41Z","change_status":"new","change_types":["new"],"changed_since_previous_build":"false","new_in_latest_build":"true","removed_from_latest_build":"false","source_archive_date":"2026-09-29T10:12:41Z","generation_type":"","primary_fuel":"","secondary_fuels":"","plant_role":"","technology":"","installed_capacity_mw":"","operational_status":"","classification_confidence":"","classification_confidence_score":"","classification_method":"","classification_sources":"","classification_notes":"","alternate_names":"","name_ru":"","match_score":"","match_method":"","matched_source_record_ids":"","is_nuclear":"","nuclear_status":"","reactor_count":"","operating_reactor_count":"","reactor_types":"","nuclear_reference_ids":"","radiological_risk":"","substation_type":"","voltage_kv":"","voltage_levels_kv":"","connected_generation_type":"","ecological_risk_category":"","political_significance":"","risk_assessment_status":"","tags":{"hgv":"delivery","hgv:source":"signs:by:3.4","highway":"primary_link","lanes":"1","lit":"yes","maxspeed":"60","oneway":"yes","surface":"asphalt","trolley_wire":"yes","turn:lanes":"through"},"references":[{"reference_id":"ref_15cd5d1f95a385e2","source_id":"geofabrik_osm_roads","source_name":"Geofabrik OpenStreetMap roads","source_type":"openstreetmap_extract","url":"https://download.geofabrik.de/europe/belarus-latest.osm.pbf","archive_url":"","retrieved_at":"2026-09-29T10:12:41Z","source_record_id":"belarus:76504","source_file":"data/raw/osm/geofabrik/belarus-latest.osm.pbf","source_line_or_record_id":"76504","extractor_version":"geofabrik_osm_roads_1","license_or_terms":"ODbL-1.0","confidence_contribution":"0.82"}]}},{"type":"Feature","id":"infra_c9e40e7464dc45ea","geometry":{"type":"LineString","coordinates":[[24.1410083,51.8915147],[24.1406915,51.8916774],[24.1394634,51.8922771],[24.1390486,51.8924867],[24.1385773,51.8927081]]},"properties":{"uid":"infra_c9e40e7464dc45ea","object_id":"infra_c9e40e7464dc45ea","source":"geofabrik_osm_roads","source_dataset":"Geofabrik OpenStreetMap roads","source_id":"geofabrik_osm_roads","source_record_id":"belarus:76505","source_url":"https://download.geofabrik.de/europe/belarus-latest.osm.pbf","source_capture_date":"2026-09-29T10:12:41Z","source_layer":"osm_major_roads","source_reference_id":"ref_a6ff015307e71284","source_name":"Geofabrik OpenStreetMap roads","source_type":"openstreetmap_extract","source_reliability":"B","license_or_terms":"ODbL-1.0","name":"М12","name_en":"","description":"OSM highway=trunk; ref=М12; surface=asphalt","name_translated":"m12","description_translated":"osm highway=trunk; ref=m12; surface=asphalt","display_label":"М12","asset_class":"transport","asset_type":"road","asset_subtype":"trunk","domain":"transport","status":"","operator":"","product":"","country":"Belarus","country_code":"BY","country_source":"geofabrik_extract_boundary","countries":["Belarus"],"source_country":"Belarus","country_match_method":"representative_point_in_boundary","region":"","region_translated":"","subdivision":"","inn":"","is_sanctioned":"","is_mass_director":"","is_mass_founder":"","is_disqualified_persons":"","geometry_type":"LineString","latitude":"","longitude":"","centroid_latitude":"51.89213280","centroid_longitude":"24.13975782","map_latitude":"51.89213280","map_longitude":"24.13975782","start_latitude":"51.8915147","start_longitude":"24.1410083","end_latitude":"51.8927081","end_longitude":"24.1385773","coordinate_count":"5","length_km":"0.213185","has_point_location":"true","location_quality":"line_centroid","coordinate_precision":"centroid","coordinate_source":"","entity_confidence":"high","freshness":"recent","cross_source_support":"1","review_status":"unreviewed","confidence":"A","confidence_grade":"A","confidence_score":"0.94","selectable":"true","map_layer":"transport_roads","map_color":"#4b5563","map_icon":"road","risk_flags":"","subcategory":"trunk","transport_functions":"road","un_locode":"","locode_country":"BY","locode_location":"","iata":"","remarks":"","source_date":"","detected_language":"ru_or_mixed","translation_source":"offline_rules+transliteration","derived_subcategory":"trunk","derived_subcategory_label":"Trunk road","derived_subcategory_confidence":"1.0","derived_subcategory_reason":"OSM highway class","possible_duplicate_group":"","search_text":"М12 М12 OSM highway=trunk; ref=М12; surface=asphalt transport road trunk transport road Geofabrik OpenStreetMap roads osm_major_roads m12 osm highway=trunk; ref=m12; surface=asphalt Trunk road","references_json":"[{\"reference_id\":\"ref_a6ff015307e71284\",\"source_id\":\"geofabrik_osm_roads\",\"source_name\":\"Geofabrik OpenStreetMap roads\",\"source_type\":\"openstreetmap_extract\",\"url\":\"https://download.geofabrik.de/europe/belarus-latest.osm.pbf\",\"archive_url\":\"\",\"retrieved_at\":\"2026-09-29T10:12:41Z\",\"source_record_id\":\"belarus:76505\",\"source_file\":\"data/raw/osm/geofabrik/belarus-latest.osm.pbf\",\"source_line_or_record_id\":\"76505\",\"extractor_version\":\"geofabrik_osm_roads_1\",\"license_or_terms\":\"ODbL-1.0\",\"confidence_contribution\":\"0.82\"}]","first_seen_build":"2026-09-29T10:12:41Z","last_seen_build":"2026-09-29T10:12:41Z","change_status":"new","change_types":["new"],"changed_since_previous_build":"false","new_in_latest_build":"true","removed_from_latest_build":"false","source_archive_date":"2026-09-29T10:12:41Z","generation_type":"","primary_fuel":"","secondary_fuels":"","plant_role":"","technology":"","installed_capacity_mw":"","operational_status":"","classification_confidence":"","classification_confidence_score":"","classification_method":"","classification_sources":"","classification_notes":"","alternate_names":"","name_ru":"","match_score":"","match_method":"","matched_source_record_ids":"","is_nuclear":"","nuclear_status":"","reactor_count":"","operating_reactor_count":"","reactor_types":"","nuclear_reference_ids":"","radiological_risk":"","substation_type":"","voltage_kv":"","voltage_levels_kv":"","connected_generation_type":"","ecological_risk_category":"","political_significance":"","risk_assessment_status":"","tags":{"distance":"55 km","highway":"trunk","int_ref":"E 85","lanes":"4","lanes:backward":"2","lanes:forward":"2","maxaxleload":"10","maxspeed:backward":"90","maxspeed:forward":"70","ref":"М12","surface":"asphalt","turn:lanes:backward":"through|merge_to_left","turn:lanes:forward":"left;through|right","wikidata":"Q1816428","wikipedia":"be:Магістраль М12"},"references":[{"reference_id":"ref_a6ff015307e71284","source_id":"geofabrik_osm_roads","source_name":"Geofabrik OpenStreetMap roads","source_type":"openstreetmap_extract","url":"https://download.geofabrik.de/europe/belarus-latest.osm.pbf","archive_url":"","retrieved_at":"2026-09-29T10:12:41Z","source_record_id":"belarus:76505","source_file":"data/raw/osm/geofabrik/belarus-latest.osm.pbf","source_line_or_record_id":"76505","extractor_version":"geofabrik_osm_roads_1","license_or_terms":"ODbL-1.0","confidence_contribution":"0.82"}]}},{"type":"Feature","id":"infra_e43b693d39eee7e8","geometry":{"type":"LineString","coordinates":[[24.3587116,52.2151108],[24.3594246,52.2161413]]},"properties":{"uid":"infra_e43b693d39eee7e8","object_id":"infra_e43b693d39eee7e8","source":"geofabrik_osm_roads","source_dataset":"Geofabrik OpenStreetMap roads","source_id":"geofabrik_osm_roads","source_record_id":"belarus:76506","source_url":"https://download.geofabrik.de/europe/belarus-latest.osm.pbf","source_capture_date":"2026-09-29T10:12:41Z","source_layer":"osm_major_roads","source_reference_id":"ref_5d13cd45b9cc78e9","source_name":"Geofabrik OpenStreetMap roads","source_type":"openstreetmap_extract","source_reliability":"B","license_or_terms":"ODbL-1.0","name":"вуліца Леніна","name_en":"","description":"OSM highway=primary; ref=Р2; surface=asphalt","name_translated":"vulitsa lenina","description_translated":"osm highway=primary; ref=r2; surface=asphalt","display_label":"вуліца Леніна","asset_class":"transport","asset_type":"road","asset_subtype":"primary","domain":"transport","status":"","operator":"","product":"","country":"Belarus","country_code":"BY","country_source":"geofabrik_extract_boundary","countries":["Belarus"],"source_country":"Belarus","country_match_method":"representative_point_in_boundary","region":"","region_translated":"","subdivision":"","inn":"","is_sanctioned":"","is_mass_director":"","is_mass_founder":"","is_disqualified_persons":"","geometry_type":"LineString","latitude":"","longitude":"","centroid_latitude":"52.21562605","centroid_longitude":"24.35906810","map_latitude":"52.21562605","map_longitude":"24.35906810","start_latitude":"52.2151108","start_longitude":"24.3587116","end_latitude":"52.2161413","end_longitude":"24.3594246","coordinate_count":"2","length_km":"0.124457","has_point_location":"true","location_quality":"line_centroid","coordinate_precision":"centroid","coordinate_source":"","entity_confidence":"high","freshness":"recent","cross_source_support":"1","review_status":"unreviewed","confidence":"A","confidence_grade":"A","confidence_score":"0.94","selectable":"true","map_layer":"transport_roads","map_color":"#4b5563","map_icon":"road","risk_flags":"","subcategory":"primary","transport_functions":"road","un_locode":"","locode_country":"BY","locode_location":"","iata":"","remarks":"","source_date":"","detected_language":"uk_or_mixed","translation_source":"offline_rules+transliteration","derived_subcategory":"primary","derived_subcategory_label":"Primary road","derived_subcategory_confidence":"1.0","derived_subcategory_reason":"OSM highway class","possible_duplicate_group":"","search_text":"вуліца Леніна вуліца Леніна OSM highway=primary; ref=Р2; surface=asphalt transport road primary transport road Geofabrik OpenStreetMap roads osm_major_roads vulitsa lenina osm highway=primary; ref=r2; surface=asphalt Primary road","references_json":"[{\"reference_id\":\"ref_5d13cd45b9cc78e9\",\"source_id\":\"geofabrik_osm_roads\",\"source_name\":\"Geofabrik OpenStreetMap roads\",\"source_type\":\"openstreetmap_extract\",\"url\":\"https://download.geofabrik.de/europe/belarus-latest.osm.pbf\",\"archive_url\":\"\",\"retrieved_at\":\"2026-09-29T10:12:41Z\",\"source_record_id\":\"belarus:76506\",\"source_file\":\"data/raw/osm/geofabrik/belarus-latest.osm.pbf\",\"source_line_or_record_id\":\"76506\",\"extractor_version\":\"geofabrik_osm_roads_1\",\"license_or_terms\":\"ODbL-1.0\",\"confidence_contribution\":\"0.82\"}]","first_seen_build":"2026-09-29T10:12:41Z","last_seen_build":"2026-09-29T10:12:41Z","change_status":"new","change_types":["new"],"changed_since_previous_build":"false","new_in_latest_build":"true","removed_from_latest_build":"false","source_archive_date":"2026-09-29T10:12:41Z","generation_type":"","primary_fuel":"","secondary_fuels":"","plant_role":"","technology":"","installed_capacity_mw":"","operational_status":"","classification_confidence":"","classification_confidence_score":"","classification_method":"","classification_sources":"","classification_notes":"","alternate_names":"","name_ru":"","match_score":"","match_method":"","matched_source_record_ids":"","is_nuclear":"","nuclear_status":"","reactor_count":"","operating_reactor_count":"","reactor_types":"","nuclear_reference_ids":"","radiological_risk":"","substation_type":"","voltage_kv":"","voltage_levels_kv":"","connected_generation_type":"","ecological_risk_category":"","political_significance":"","risk_assessment_status":"","tags":{"bridge":"yes","highway":"primary","int_name":"vulica Lienina","lanes":"2","layer":"1","lit":"yes","maxaxleload":"10","maxspeed":"50","name":"вуліца Леніна","name:be":"вуліца Леніна","name:be-tarask":"вуліца Леніна","name:be-tarask:word_stress":"ву́ліца Ле́ніна","name:etymology:wikidata":"Q1394","name:pl":"ulica Lenina","name:ru":"улица Ленина","name:uk":"вулиця Леніна","ref":"Р2","sidewalk":"both","surface":"asphalt"},"references":[{"reference_id":"ref_5d13cd45b9cc78e9","source_id":"geofabrik_osm_roads","source_name":"Geofabrik OpenStreetMap roads","source_type":"openstreetmap_extract","url":"https://download.geofabrik.de/europe/belarus-latest.osm.pbf","archive_url":"","retrieved_at":"2026-09-29T10:12:41Z","source_record_id":"belarus:76506","source_file":"data/raw/osm/geofabrik/belarus-latest.osm.pbf","source_line_or_record_id":"76506","extractor_version":"geofabrik_osm_roads_1","license_or_terms":"ODbL-1.0","confidence_contribution":"0.82"}]}},{"type":"Feature","id":"infra_0caa7e357d06d98c","geometry":{"type":"LineString","coordinates":[[23.9904553,53.6503645],[23.9908044,53.6502182],[23.9912609,53.6500235]]},"properties":{"uid":"infra_0caa7e357d06d98c","object_id":"infra_0caa7e357d06d98c","source":"geofabrik_osm_roads","source_dataset":"Geofabrik OpenStreetMap roads","source_id":"geofabrik_osm_roads","source_record_id":"belarus:76507","source_url":"https://download.geofabrik.de/europe/belarus-latest.osm.pbf","source_capture_date":"2026-09-29T10:12:41Z","source_layer":"osm_major_roads","source_reference_id":"ref_4b48bc37f456a2e2","source_name":"Geofabrik OpenStreetMap roads","source_type":"openstreetmap_extract","source_reliability":"B","license_or_terms":"ODbL-1.0","name":"М6/П4","name_en":"","description":"OSM highway=trunk; ref=М6/П4; surface=asphalt","name_translated":"m6/p4","description_translated":"osm highway=trunk; ref=m6/p4; surface=asphalt","display_label":"М6/П4","asset_class":"transport","asset_type":"road","asset_subtype":"trunk","domain":"transport","status":"","operator":"","product":"","country":"Belarus","country_code":"BY","country_source":"geofabrik_extract_boundary","countries":["Belarus"],"source_country":"Belarus","country_match_method":"representative_point_in_boundary","region":"","region_translated":"","subdivision":"","inn":"","is_sanctioned":"","is_mass_director":"","is_mass_founder":"","is_disqualified_persons":"","geometry_type":"LineString","latitude":"","longitude":"","centroid_latitude":"53.65020207","centroid_longitude":"23.99084020","map_latitude":"53.65020207","map_longitude":"23.99084020","start_latitude":"53.6503645","start_longitude":"23.9904553","end_latitude":"53.6500235","end_longitude":"23.9912609","coordinate_count":"3","length_km":"0.065244","has_point_location":"true","location_quality":"line_centroid","coordinate_precision":"centroid","coordinate_source":"","entity_confidence":"high","freshness":"recent","cross_source_support":"1","review_status":"unreviewed","confidence":"A","confidence_grade":"A","confidence_score":"0.94","selectable":"true","map_layer":"transport_roads","map_color":"#4b5563","map_icon":"road","risk_flags":"","subcategory":"trunk","transport_functions":"road","un_locode":"","locode_country":"BY","locode_location":"","iata":"","remarks":"","source_date":"","detected_language":"ru_or_mixed","translation_source":"offline_rules+transliteration","derived_subcategory":"trunk","derived_subcategory_label":"Trunk road","derived_subcategory_confidence":"1.0","derived_subcategory_reason":"OSM highway class","possible_duplicate_group":"","search_text":"М6/П4 М6/П4 OSM highway=trunk; ref=М6/П4; surface=asphalt transport road trunk transport road Geofabrik OpenStreetMap roads osm_major_roads m6/p4 osm highway=trunk; ref=m6/p4; surface=asphalt Trunk road","references_json":"[{\"reference_id\":\"ref_4b48bc37f456a2e2\",\"source_id\":\"geofabrik_osm_roads\",\"source_name\":\"Geofabrik OpenStreetMap roads\",\"source_type\":\"openstreetmap_extract\",\"url\":\"https://download.geofabrik.de/europe/belarus-latest.osm.pbf\",\"archive_url\":\"\",\"retrieved_at\":\"2026-09-29T10:12:41Z\",\"source_record_id\":\"belarus:76507\",\"source_file\":\"data/raw/osm/geofabrik/belarus-latest.osm.pbf\",\"source_line_or_record_id\":\"76507\",\"extractor_version\":\"geofabrik_osm_roads_1\",\"license_or_terms\":\"ODbL-1.0\",\"confidence_contribution\":\"0.82\"}]","first_seen_build":"2026-09-29T10:12:41Z","last_seen_build":"2026-09-29T10:12:41Z","change_status":"new","change_types":["new"],"changed_since_previous_build":"false","new_in_latest_build":"true","removed_from_latest_build":"false","source_archive_date":"2026-09-29T10:12:41Z","generation_type":"","primary_fuel":"","secondary_fuels":"","plant_role":"","technology":"","installed_capacity_mw":"","operational_status":"","classification_confidence":"","classification_confidence_score":"","classification_method":"","classification_sources":"","classification_notes":"","alternate_names":"","name_ru":"","match_score":"","match_method":"","matched_source_record_ids":"","is_nuclear":"","nuclear_status":"","reactor_count":"","operating_reactor_count":"","reactor_types":"","nuclear_reference_ids":"","radiological_risk":"","substation_type":"","voltage_kv":"","voltage_levels_kv":"","connected_generation_type":"","ecological_risk_category":"","political_significance":"","risk_assessment_status":"","tags":{"highway":"trunk","lanes":"3","maxaxleload":"11.5","maxspeed":"80","maxspeed:hgv":"80","oneway":"yes","placement":"right_of:1","ref":"М6/П4","source:maxspeed":"sign","surface":"asphalt","turn:lanes":"||merge_to_left"},"references":[{"reference_id":"ref_4b48bc37f456a2e2","source_id":"geofabrik_osm_roads","source_name":"Geofabrik OpenStreetMap roads","source_type":"openstreetmap_extract","url":"https://download.geofabrik.de/europe/belarus-latest.osm.pbf","archive_url":"","retrieved_at":"2026-09-29T10:12:41Z","source_record_id":"belarus:76507","source_file":"data/raw/osm/geofabrik/belarus-latest.osm.pbf","source_line_or_record_id":"76507","extractor_version":"geofabrik_osm_roads_1","license_or_terms":"ODbL-1.0","confidence_contribution":"0.82"}]}},{"type":"Feature","id":"infra_296a636866adea0f","geometry":{"type":"LineString","coordinates":[[26.0636288,52.1125757],[26.0633208,52.1126408],[26.0603519,52.1124941],[26.059772,52.1124786],[26.0591489,52.1124619],[26.0590567,52.1124677]]},"properties":{"uid":"infra_296a636866adea0f","object_id":"infra_296a636866adea0f","source":"geofabrik_osm_roads","source_dataset":"Geofabrik OpenStreetMap roads","source_id":"geofabrik_osm_roads","source_record_id":"belarus:76508","source_url":"https://download.geofabrik.de/europe/belarus-latest.osm.pbf","source_capture_date":"2026-09-29T10:12:41Z","source_layer":"osm_major_roads","source_reference_id":"ref_02301cdb982d1a68","source_name":"Geofabrik OpenStreetMap roads","source_type":"openstreetmap_extract","source_reliability":"B","license_or_terms":"ODbL-1.0","name":"Брэсцкая вуліца","name_en":"","description":"OSM highway=primary; ref=Н218; surface=asphalt","name_translated":"brestskaya vulitsa","description_translated":"osm highway=primary; ref=n218; surface=asphalt","display_label":"Брэсцкая вуліца","asset_class":"transport","asset_type":"road","asset_subtype":"primary","domain":"transport","status":"","operator":"","product":"","country":"Belarus","country_code":"BY","country_source":"geofabrik_extract_boundary","countries":["Belarus"],"source_country":"Belarus","country_match_method":"representative_point_in_boundary","region":"","region_translated":"","subdivision":"","inn":"","is_sanctioned":"","is_mass_director":"","is_mass_founder":"","is_disqualified_persons":"","geometry_type":"LineString","latitude":"","longitude":"","centroid_latitude":"52.11251980","centroid_longitude":"26.06087985","map_latitude":"52.11251980","map_longitude":"26.06087985","start_latitude":"52.1125757","start_longitude":"26.0636288","end_latitude":"52.1124677","end_longitude":"26.0590567","coordinate_count":"6","length_km":"0.314189","has_point_location":"true","location_quality":"line_centroid","coordinate_precision":"centroid","coordinate_source":"","entity_confidence":"high","freshness":"recent","cross_source_support":"1","review_status":"unreviewed","confidence":"A","confidence_grade":"A","confidence_score":"0.94","selectable":"true","map_layer":"transport_roads","map_color":"#4b5563","map_icon":"road","risk_flags":"","subcategory":"primary","transport_functions":"road","un_locode":"","locode_country":"BY","locode_location":"","iata":"","remarks":"","source_date":"","detected_language":"uk_or_mixed","translation_source":"offline_rules+transliteration","derived_subcategory":"primary","derived_subcategory_label":"Primary road","derived_subcategory_confidence":"1.0","derived_subcategory_reason":"OSM highway class","possible_duplicate_group":"","search_text":"Брэсцкая вуліца Брэсцкая вуліца OSM highway=primary; ref=Н218; surface=asphalt transport road primary transport road Geofabrik OpenStreetMap roads osm_major_roads brestskaya vulitsa osm highway=primary; ref=n218; surface=asphalt Primary road","references_json":"[{\"reference_id\":\"ref_02301cdb982d1a68\",\"source_id\":\"geofabrik_osm_roads\",\"source_name\":\"Geofabrik OpenStreetMap roads\",\"source_type\":\"openstreetmap_extract\",\"url\":\"https://download.geofabrik.de/europe/belarus-latest.osm.pbf\",\"archive_url\":\"\",\"retrieved_at\":\"2026-09-29T10:12:41Z\",\"source_record_id\":\"belarus:76508\",\"source_file\":\"data/raw/osm/geofabrik/belarus-latest.osm.pbf\",\"source_line_or_record_id\":\"76508\",\"extractor_version\":\"geofabrik_osm_roads_1\",\"license_or_terms\":\"ODbL-1.0\",\"confidence_contribution\":\"0.82\"}]","first_seen_build":"2026-09-29T10:12:41Z","last_seen_build":"2026-09-29T10:12:41Z","change_status":"new","change_types":["new"],"changed_since_previous_build":"false","new_in_latest_build":"true","removed_from_latest_build":"false","source_archive_date":"2026-09-29T10:12:41Z","generation_type":"","primary_fuel":"","secondary_fuels":"","plant_role":"","technology":"","installed_capacity_mw":"","operational_status":"","classification_confidence":"","classification_confidence_score":"","classification_method":"","classification_sources":"","classification_notes":"","alternate_names":"","name_ru":"","match_score":"","match_method":"","matched_source_record_ids":"","is_nuclear":"","nuclear_status":"","reactor_count":"","operating_reactor_count":"","reactor_types":"","nuclear_reference_ids":"","radiological_risk":"","substation_type":"","voltage_kv":"","voltage_levels_kv":"","connected_generation_type":"","ecological_risk_category":"","political_significance":"","risk_assessment_status":"","tags":{"highway":"primary","int_name":"Bresckaja vulica","lanes":"2","maxspeed":"60","name":"Брэсцкая вуліца","name:be":"Брэсцкая вуліца","name:pl":"ulica Brzeska","name:ru":"Брестская улица","name:uk":"Брестська вулиця","oneway":"yes","ref":"Н218","surface":"asphalt"},"references":[{"reference_id":"ref_02301cdb982d1a68","source_id":"geofabrik_osm_roads","source_name":"Geofabrik OpenStreetMap roads","source_type":"openstreetmap_extract","url":"https://download.geofabrik.de/europe/belarus-latest.osm.pbf","archive_url":"","retrieved_at":"2026-09-29T10:12:41Z","source_record_id":"belarus:76508","source_file":"data/raw/osm/geofabrik/belarus-latest.osm.pbf","source_line_or_record_id":"76508","extractor_version":"geofabrik_osm_roads_1","license_or_terms":"ODbL-1.0","confidence_contribution":"0.82"}]}},{"type":"Feature","id":"infra_14a9f4d52bb68e2b","geometry":{"type":"LineString","coordinates":[[26.0590567,52.1124677],[26.0589733,52.112473],[26.0582345,52.1125196],[26.0579413,52.1125507]]},"properties":{"uid":"infra_14a9f4d52bb68e2b","object_id":"infra_14a9f4d52bb68e2b","source":"geofabrik_osm_roads","source_dataset":"Geofabrik OpenStreetMap roads","source_id":"geofabrik_osm_roads","source_record_id":"belarus:76509","source_url":"https://download.geofabrik.de/europe/belarus-latest.osm.pbf","source_capture_date":"2026-09-29T10:12:41Z","source_layer":"osm_major_roads","source_reference_id":"ref_af0dd26f68745653","source_name":"Geofabrik OpenStreetMap roads","source_type":"openstreetmap_extract","source_reliability":"B","license_or_terms":"ODbL-1.0","name":"Брэсцкая вуліца","name_en":"","description":"OSM highway=primary; ref=Н218; surface=asphalt","name_translated":"brestskaya vulitsa","description_translated":"osm highway=primary; ref=n218; surface=asphalt","display_label":"Брэсцкая вуліца","asset_class":"transport","asset_type":"road","asset_subtype":"primary","domain":"transport","status":"","operator":"","product":"","country":"Belarus","country_code":"BY","country_source":"geofabrik_extract_boundary","countries":["Belarus"],"source_country":"Belarus","country_match_method":"representative_point_in_boundary","region":"","region_translated":"","subdivision":"","inn":"","is_sanctioned":"","is_mass_director":"","is_mass_founder":"","is_disqualified_persons":"","geometry_type":"LineString","latitude":"","longitude":"","centroid_latitude":"52.11250275","centroid_longitude":"26.05855145","map_latitude":"52.11250275","map_longitude":"26.05855145","start_latitude":"52.1124677","start_longitude":"26.0590567","end_latitude":"52.1125507","end_longitude":"26.0579413","coordinate_count":"4","length_km":"0.076759","has_point_location":"true","location_quality":"line_centroid","coordinate_precision":"centroid","coordinate_source":"","entity_confidence":"high","freshness":"recent","cross_source_support":"1","review_status":"unreviewed","confidence":"A","confidence_grade":"A","confidence_score":"0.94","selectable":"true","map_layer":"transport_roads","map_color":"#4b5563","map_icon":"road","risk_flags":"","subcategory":"primary","transport_functions":"road","un_locode":"","locode_country":"BY","locode_location":"","iata":"","remarks":"","source_date":"","detected_language":"uk_or_mixed","translation_source":"offline_rules+transliteration","derived_subcategory":"primary","derived_subcategory_label":"Primary road","derived_subcategory_confidence":"1.0","derived_subcategory_reason":"OSM highway class","possible_duplicate_group":"","search_text":"Брэсцкая вуліца Брэсцкая вуліца OSM highway=primary; ref=Н218; surface=asphalt transport road primary transport road Geofabrik OpenStreetMap roads osm_major_roads brestskaya vulitsa osm highway=primary; ref=n218; surface=asphalt Primary road","references_json":"[{\"reference_id\":\"ref_af0dd26f68745653\",\"source_id\":\"geofabrik_osm_roads\",\"source_name\":\"Geofabrik OpenStreetMap roads\",\"source_type\":\"openstreetmap_extract\",\"url\":\"https://download.geofabrik.de/europe/belarus-latest.osm.pbf\",\"archive_url\":\"\",\"retrieved_at\":\"2026-09-29T10:12:41Z\",\"source_record_id\":\"belarus:76509\",\"source_file\":\"data/raw/osm/geofabrik/belarus-latest.osm.pbf\",\"source_line_or_record_id\":\"76509\",\"extractor_version\":\"geofabrik_osm_roads_1\",\"license_or_terms\":\"ODbL-1.0\",\"confidence_contribution\":\"0.82\"}]","first_seen_build":"2026-09-29T10:12:41Z","last_seen_build":"2026-09-29T10:12:41Z","change_status":"new","change_types":["new"],"changed_since_previous_build":"false","new_in_latest_build":"true","removed_from_latest_build":"false","source_archive_date":"2026-09-29T10:12:41Z","generation_type":"","primary_fuel":"","secondary_fuels":"","plant_role":"","technology":"","installed_capacity_mw":"","operational_status":"","classification_confidence":"","classification_confidence_score":"","classification_method":"","classification_sources":"","classification_notes":"","alternate_names":"","name_ru":"","match_score":"","match_method":"","matched_source_record_ids":"","is_nuclear":"","nuclear_status":"","reactor_count":"","operating_reactor_count":"","reactor_types":"","nuclear_reference_ids":"","radiological_risk":"","substation_type":"","voltage_kv":"","voltage_levels_kv":"","connected_generation_type":"","ecological_risk_category":"","political_significance":"","risk_assessment_status":"","tags":{"highway":"primary","int_name":"Bresckaja vulica","lanes":"2","maxspeed":"60","name":"Брэсцкая вуліца","name:be":"Брэсцкая вуліца","name:pl":"ulica Brzeska","name:ru":"Брестская улица","name:uk":"Брестська вулиця","oneway":"yes","ref":"Н218","surface":"asphalt"},"references":[{"reference_id":"ref_af0dd26f68745653","source_id":"geofabrik_osm_roads","source_name":"Geofabrik OpenStreetMap roads","source_type":"openstreetmap_extract","url":"https://download.geofabrik.de/europe/belarus-latest.osm.pbf","archive_url":"","retrieved_at":"2026-09-29T10:12:41Z","source_record_id":"belarus:76509","source_file":"data/raw/osm/geofabrik/belarus-latest.osm.pbf","source_line_or_record_id":"76509","extractor_version":"geofabrik_osm_roads_1","license_or_terms":"ODbL-1.0","confidence_contribution":"0.82"}]}},{"type":"Feature","id":"infra_9f45372fbe60a815","geometry":{"type":"LineString","coordinates":[[27.543168,53.939376],[27.5431158,53.9394075],[27.543075,53.9394303],[27.5430232,53.939438],[27.5429377,53.9394362],[27.5428323,53.9394394],[27.5427638,53.9394469],[27.5426108,53.939491],[27.5425704,53.9395452]]},"properties":{"uid":"infra_9f45372fbe60a815","object_id":"infra_9f45372fbe60a815","source":"geofabrik_osm_roads","source_dataset":"Geofabrik OpenStreetMap roads","source_id":"geofabrik_osm_roads","source_record_id":"belarus:76510","source_url":"https://download.geofabrik.de/europe/belarus-latest.osm.pbf","source_capture_date":"2026-09-29T10:12:41Z","source_layer":"osm_major_roads","source_reference_id":"ref_837b74dc49d497f0","source_name":"Geofabrik OpenStreetMap roads","source_type":"openstreetmap_extract","source_reliability":"B","license_or_terms":"ODbL-1.0","name":"Даўгінаўскі тракт","name_en":"","description":"OSM highway=primary","name_translated":"daўginaўski trakt","description_translated":"","display_label":"Даўгінаўскі тракт","asset_class":"transport","asset_type":"road","asset_subtype":"primary","domain":"transport","status":"","operator":"","product":"","country":"Belarus","country_code":"BY","country_source":"geofabrik_extract_boundary","countries":["Belarus"],"source_country":"Belarus","country_match_method":"representative_point_in_boundary","region":"","region_translated":"","subdivision":"","inn":"","is_sanctioned":"","is_mass_director":"","is_mass_founder":"","is_disqualified_persons":"","geometry_type":"LineString","latitude":"","longitude":"","centroid_latitude":"53.93944561","centroid_longitude":"27.54289967","map_latitude":"53.93944561","map_longitude":"27.54289967","start_latitude":"53.939376","start_longitude":"27.543168","end_latitude":"53.9395452","end_longitude":"27.5425704","coordinate_count":"9","length_km":"0.046873","has_point_location":"true","location_quality":"line_centroid","coordinate_precision":"centroid","coordinate_source":"","entity_confidence":"high","freshness":"recent","cross_source_support":"1","review_status":"unreviewed","confidence":"A","confidence_grade":"A","confidence_score":"0.94","selectable":"true","map_layer":"transport_roads","map_color":"#4b5563","map_icon":"road","risk_flags":"","subcategory":"primary","transport_functions":"road","un_locode":"","locode_country":"BY","locode_location":"","iata":"","remarks":"","source_date":"","detected_language":"uk_or_mixed","translation_source":"offline_rules+transliteration","derived_subcategory":"primary","derived_subcategory_label":"Primary road","derived_subcategory_confidence":"1.0","derived_subcategory_reason":"OSM highway class","possible_duplicate_group":"","search_text":"Даўгінаўскі тракт Даўгінаўскі тракт OSM highway=primary transport road primary transport road Geofabrik OpenStreetMap roads osm_major_roads daўginaўski trakt Primary road","references_json":"[{\"reference_id\":\"ref_837b74dc49d497f0\",\"source_id\":\"geofabrik_osm_roads\",\"source_name\":\"Geofabrik OpenStreetMap roads\",\"source_type\":\"openstreetmap_extract\",\"url\":\"https://download.geofabrik.de/europe/belarus-latest.osm.pbf\",\"archive_url\":\"\",\"retrieved_at\":\"2026-09-29T10:12:41Z\",\"source_record_id\":\"belarus:76510\",\"source_file\":\"data/raw/osm/geofabrik/belarus-latest.osm.pbf\",\"source_line_or_record_id\":\"76510\",\"extractor_version\":\"geofabrik_osm_roads_1\",\"license_or_terms\":\"ODbL-1.0\",\"confidence_contribution\":\"0.82\"}]","first_seen_build":"2026-09-29T10:12:41Z","last_seen_build":"2026-09-29T10:12:41Z","change_status":"new","change_types":["new"],"changed_since_previous_build":"false","new_in_latest_build":"true","removed_from_latest_build":"false","source_archive_date":"2026-09-29T10:12:41Z","generation_type":"","primary_fuel":"","secondary_fuels":"","plant_role":"","technology":"","installed_capacity_mw":"","operational_status":"","classification_confidence":"","classification_confidence_score":"","classification_method":"","classification_sources":"","classification_notes":"","alternate_names":"","name_ru":"","match_score":"","match_method":"","matched_source_record_ids":"","is_nuclear":"","nuclear_status":"","reactor_count":"","operating_reactor_count":"","reactor_types":"","nuclear_reference_ids":"","radiological_risk":"","substation_type":"","voltage_kv":"","voltage_levels_kv":"","connected_generation_type":"","ecological_risk_category":"","political_significance":"","risk_assessment_status":"","tags":{"highway":"primary","lanes":"3","name":"Даўгінаўскі тракт","name:be":"Даўгінаўскі тракт","name:ru":"Долгиновский тракт"},"references":[{"reference_id":"ref_837b74dc49d497f0","source_id":"geofabrik_osm_roads","source_name":"Geofabrik OpenStreetMap roads","source_type":"openstreetmap_extract","url":"https://download.geofabrik.de/europe/belarus-latest.osm.pbf","archive_url":"","retrieved_at":"2026-09-29T10:12:41Z","source_record_id":"belarus:76510","source_file":"data/raw/osm/geofabrik/belarus-latest.osm.pbf","source_line_or_record_id":"76510","extractor_version":"geofabrik_osm_roads_1","license_or_terms":"ODbL-1.0","confidence_contribution":"0.82"}]}},{"type":"Feature","id":"infra_06ca325ca42ddb42","geometry":{"type":"LineString","coordinates":[[27.5425704,53.9395452],[27.5425324,53.9396029],[27.5425154,53.9396673],[27.5425128,53.9396772],[27.5425107,53.939756],[27.5425247,53.9398365],[27.542562,53.9399672],[27.5425973,53.9400548],[27.54263,53.9401028]]},"properties":{"uid":"infra_06ca325ca42ddb42","object_id":"infra_06ca325ca42ddb42","source":"geofabrik_osm_roads","source_dataset":"Geofabrik OpenStreetMap roads","source_id":"geofabrik_osm_roads","source_record_id":"belarus:76511","source_url":"https://download.geofabrik.de/europe/belarus-latest.osm.pbf","source_capture_date":"2026-09-29T10:12:41Z","source_layer":"osm_major_roads","source_reference_id":"ref_0aad018919cd4ca0","source_name":"Geofabrik OpenStreetMap roads","source_type":"openstreetmap_extract","source_reliability":"B","license_or_terms":"ODbL-1.0","name":"Даўгінаўскі тракт","name_en":"","description":"OSM highway=primary","name_translated":"daўginaўski trakt","description_translated":"","display_label":"Даўгінаўскі тракт","asset_class":"transport","asset_type":"road","asset_subtype":"primary","domain":"transport","status":"","operator":"","product":"","country":"Belarus","country_code":"BY","country_source":"geofabrik_extract_boundary","countries":["Belarus"],"source_country":"Belarus","country_match_method":"representative_point_in_boundary","region":"","region_translated":"","subdivision":"","inn":"","is_sanctioned":"","is_mass_director":"","is_mass_founder":"","is_disqualified_persons":"","geometry_type":"LineString","latitude":"","longitude":"","centroid_latitude":"53.93980110","centroid_longitude":"27.54255063","map_latitude":"53.93980110","map_longitude":"27.54255063","start_latitude":"53.9395452","start_longitude":"27.5425704","end_latitude":"53.9401028","end_longitude":"27.54263","coordinate_count":"9","length_km":"0.063502","has_point_location":"true","location_quality":"line_centroid","coordinate_precision":"centroid","coordinate_source":"","entity_confidence":"high","freshness":"recent","cross_source_support":"1","review_status":"unreviewed","confidence":"A","confidence_grade":"A","confidence_score":"0.94","selectable":"true","map_layer":"transport_roads","map_color":"#4b5563","map_icon":"road","risk_flags":"","subcategory":"primary","transport_functions":"road","un_locode":"","locode_country":"BY","locode_location":"","iata":"","remarks":"","source_date":"","detected_language":"uk_or_mixed","translation_source":"offline_rules+transliteration","derived_subcategory":"primary","derived_subcategory_label":"Primary road","derived_subcategory_confidence":"1.0","derived_subcategory_reason":"OSM highway class","possible_duplicate_group":"","search_text":"Даўгінаўскі тракт Даўгінаўскі тракт OSM highway=primary transport road primary transport road Geofabrik OpenStreetMap roads osm_major_roads daўginaўski trakt Primary road","references_json":"[{\"reference_id\":\"ref_0aad018919cd4ca0\",\"source_id\":\"geofabrik_osm_roads\",\"source_name\":\"Geofabrik OpenStreetMap roads\",\"source_type\":\"openstreetmap_extract\",\"url\":\"https://download.geofabrik.de/europe/belarus-latest.osm.pbf\",\"archive_url\":\"\",\"retrieved_at\":\"2026-09-29T10:12:41Z\",\"source_record_id\":\"belarus:76511\",\"source_file\":\"data/raw/osm/geofabrik/belarus-latest.osm.pbf\",\"source_line_or_record_id\":\"76511\",\"extractor_version\":\"geofabrik_osm_roads_1\",\"license_or_terms\":\"ODbL-1.0\",\"confidence_contribution\":\"0.82\"}]","first_seen_build":"2026-09-29T10:12:41Z","last_seen_build":"2026-09-29T10:12:41Z","change_status":"new","change_types":["new"],"changed_since_previous_build":"false","new_in_latest_build":"true","removed_from_latest_build":"false","source_archive_date":"2026-09-29T10:12:41Z","generation_type":"","primary_fuel":"","secondary_fuels":"","plant_role":"","technology":"","installed_capacity_mw":"","operational_status":"","classification_confidence":"","classification_confidence_score":"","classification_method":"","classification_sources":"","classification_notes":"","alternate_names":"","name_ru":"","match_score":"","match_method":"","matched_source_record_ids":"","is_nuclear":"","nuclear_status":"","reactor_count":"","operating_reactor_count":"","reactor_types":"","nuclear_reference_ids":"","radiological_risk":"","substation_type":"","voltage_kv":"","voltage_levels_kv":"","connected_generation_type":"","ecological_risk_category":"","political_significance":"","risk_assessment_status":"","tags":{"highway":"primary","name":"Даўгінаўскі тракт","name:be":"Даўгінаўскі тракт","name:ru":"Долгиновский тракт"},"references":[{"reference_id":"ref_0aad018919cd4ca0","source_id":"geofabrik_osm_roads","source_name":"Geofabrik OpenStreetMap roads","source_type":"openstreetmap_extract","url":"https://download.geofabrik.de/europe/belarus-latest.osm.pbf","archive_url":"","retrieved_at":"2026-09-29T10:12:41Z","source_record_id":"belarus:76511","source_file":"data/raw/osm/geofabrik/belarus-latest.osm.pbf","source_line_or_record_id":"76511","extractor_version":"geofabrik_osm_roads_1","license_or_terms":"ODbL-1.0","confidence_contribution":"0.82"}]}},{"type":"Feature","id":"infra_1ef078318f854581","geometry":{"type":"LineString","coordinates":[[30.3379626,53.8969091],[30.3373657,53.8963928],[30.3372729,53.8963166],[30.3371182,53.8962226]]},"properties":{"uid":"infra_1ef078318f854581","object_id":"infra_1ef078318f854581","source":"geofabrik_osm_roads","source_dataset":"Geofabrik OpenStreetMap roads","source_id":"geofabrik_osm_roads","source_record_id":"belarus:76512","source_url":"https://download.geofabrik.de/europe/belarus-latest.osm.pbf","source_capture_date":"2026-09-29T10:12:41Z","source_layer":"osm_major_roads","source_reference_id":"ref_6ec4beddcffd6333","source_name":"Geofabrik OpenStreetMap roads","source_type":"openstreetmap_extract","source_reliability":"B","license_or_terms":"ODbL-1.0","name":"Піянерская вуліца","name_en":"","description":"OSM highway=primary; surface=asphalt","name_translated":"piyanerskaya vulitsa","description_translated":"","display_label":"Піянерская вуліца","asset_class":"transport","asset_type":"road","asset_subtype":"primary","domain":"transport","status":"","operator":"","product":"","country":"Belarus","country_code":"BY","country_source":"geofabrik_extract_boundary","countries":["Belarus"],"source_country":"Belarus","country_match_method":"representative_point_in_boundary","region":"","region_translated":"","subdivision":"","inn":"","is_sanctioned":"","is_mass_director":"","is_mass_founder":"","is_disqualified_persons":"","geometry_type":"LineString","latitude":"","longitude":"","centroid_latitude":"53.89646028","centroid_longitude":"30.33742985","map_latitude":"53.89646028","map_longitude":"30.33742985","start_latitude":"53.8969091","start_longitude":"30.3379626","end_latitude":"53.8962226","end_longitude":"30.3371182","coordinate_count":"4","length_km":"0.094455","has_point_location":"true","location_quality":"line_centroid","coordinate_precision":"centroid","coordinate_source":"","entity_confidence":"high","freshness":"recent","cross_source_support":"1","review_status":"unreviewed","confidence":"A","confidence_grade":"A","confidence_score":"0.94","selectable":"true","map_layer":"transport_roads","map_color":"#4b5563","map_icon":"road","risk_flags":"","subcategory":"primary","transport_functions":"road","un_locode":"","locode_country":"BY","locode_location":"","iata":"","remarks":"","source_date":"","detected_language":"uk_or_mixed","translation_source":"offline_rules+transliteration","derived_subcategory":"primary","derived_subcategory_label":"Primary road","derived_subcategory_confidence":"1.0","derived_subcategory_reason":"OSM highway class","possible_duplicate_group":"","search_text":"Піянерская вуліца Піянерская вуліца OSM highway=primary; surface=asphalt transport road primary transport road Geofabrik OpenStreetMap roads osm_major_roads piyanerskaya vulitsa Primary road","references_json":"[{\"reference_id\":\"ref_6ec4beddcffd6333\",\"source_id\":\"geofabrik_osm_roads\",\"source_name\":\"Geofabrik OpenStreetMap roads\",\"source_type\":\"openstreetmap_extract\",\"url\":\"https://download.geofabrik.de/europe/belarus-latest.osm.pbf\",\"archive_url\":\"\",\"retrieved_at\":\"2026-09-29T10:12:41Z\",\"source_record_id\":\"belarus:76512\",\"source_file\":\"data/raw/osm/geofabrik/belarus-latest.osm.pbf\",\"source_line_or_record_id\":\"76512\",\"extractor_version\":\"geofabrik_osm_roads_1\",\"license_or_terms\":\"ODbL-1.0\",\"confidence_contribution\":\"0.82\"}]","first_seen_build":"2026-09-29T10:12:41Z","last_seen_build":"2026-09-29T10:12:41Z","change_status":"new","change_types":["new"],"changed_since_previous_build":"false","new_in_latest_build":"true","removed_from_latest_build":"false","source_archive_date":"2026-09-29T10:12:41Z","generation_type":"","primary_fuel":"","secondary_fuels":"","plant_role":"","technology":"","installed_capacity_mw":"","operational_status":"","classification_confidence":"","classification_confidence_score":"","classification_method":"","classification_sources":"","classification_notes":"","alternate_names":"","name_ru":"","match_score":"","match_method":"","matched_source_record_ids":"","is_nuclear":"","nuclear_status":"","reactor_count":"","operating_reactor_count":"","reactor_types":"","nuclear_reference_ids":"","radiological_risk":"","substation_type":"","voltage_kv":"","voltage_levels_kv":"","connected_generation_type":"","ecological_risk_category":"","political_significance":"","risk_assessment_status":"","tags":{"covered":"no","flood_prone":"no","highway":"primary","lane_markings":"yes","lit":"yes","name":"Піянерская вуліца","name:be":"Піянерская вуліца","name:pl":"ulica Pionierska","name:ru":"Пионерская улица","oneway":"yes","parking:both":"no","surface":"asphalt","toll":"no","trolley_wire":"no","turn:lanes":"through|through"},"references":[{"reference_id":"ref_6ec4beddcffd6333","source_id":"geofabrik_osm_roads","source_name":"Geofabrik OpenStreetMap roads","source_type":"openstreetmap_extract","url":"https://download.geofabrik.de/europe/belarus-latest.osm.pbf","archive_url":"","retrieved_at":"2026-09-29T10:12:41Z","source_record_id":"belarus:76512","source_file":"data/raw/osm/geofabrik/belarus-latest.osm.pbf","source_line_or_record_id":"76512","extractor_version":"geofabrik_osm_roads_1","license_or_terms":"ODbL-1.0","confidence_contribution":"0.82"}]}},{"type":"Feature","id":"infra_887949989282ab2d","geometry":{"type":"LineString","coordinates":[[24.4543968,53.1577574],[24.4544855,53.1576293]]},"properties":{"uid":"infra_887949989282ab2d","object_id":"infra_887949989282ab2d","source":"geofabrik_osm_roads","source_dataset":"Geofabrik OpenStreetMap roads","source_id":"geofabrik_osm_roads","source_record_id":"belarus:76513","source_url":"https://download.geofabrik.de/europe/belarus-latest.osm.pbf","source_capture_date":"2026-09-29T10:12:41Z","source_layer":"osm_major_roads","source_reference_id":"ref_9f5e4a3c07d5fddc","source_name":"Geofabrik OpenStreetMap roads","source_type":"openstreetmap_extract","source_reliability":"B","license_or_terms":"ODbL-1.0","name":"вуліца Зянітчыкаў","name_en":"","description":"OSM highway=primary; surface=asphalt","name_translated":"vulitsa zyanitchykaў","description_translated":"","display_label":"вуліца Зянітчыкаў","asset_class":"transport","asset_type":"road","asset_subtype":"primary","domain":"transport","status":"","operator":"","product":"","country":"Belarus","country_code":"BY","country_source":"geofabrik_extract_boundary","countries":["Belarus"],"source_country":"Belarus","country_match_method":"representative_point_in_boundary","region":"","region_translated":"","subdivision":"","inn":"","is_sanctioned":"","is_mass_director":"","is_mass_founder":"","is_disqualified_persons":"","geometry_type":"LineString","latitude":"","longitude":"","centroid_latitude":"53.15769335","centroid_longitude":"24.45444115","map_latitude":"53.15769335","map_longitude":"24.45444115","start_latitude":"53.1577574","start_longitude":"24.4543968","end_latitude":"53.1576293","end_longitude":"24.4544855","coordinate_count":"2","length_km":"0.015423","has_point_location":"true","location_quality":"line_centroid","coordinate_precision":"centroid","coordinate_source":"","entity_confidence":"high","freshness":"recent","cross_source_support":"1","review_status":"unreviewed","confidence":"A","confidence_grade":"A","confidence_score":"0.94","selectable":"true","map_layer":"transport_roads","map_color":"#4b5563","map_icon":"road","risk_flags":"","subcategory":"primary","transport_functions":"road","un_locode":"","locode_country":"BY","locode_location":"","iata":"","remarks":"","source_date":"","detected_language":"uk_or_mixed","translation_source":"offline_rules+transliteration","derived_subcategory":"primary","derived_subcategory_label":"Primary road","derived_subcategory_confidence":"1.0","derived_subcategory_reason":"OSM highway class","possible_duplicate_group":"","search_text":"вуліца Зянітчыкаў вуліца Зянітчыкаў OSM highway=primary; surface=asphalt transport road primary transport road Geofabrik OpenStreetMap roads osm_major_roads vulitsa zyanitchykaў Primary road","references_json":"[{\"reference_id\":\"ref_9f5e4a3c07d5fddc\",\"source_id\":\"geofabrik_osm_roads\",\"source_name\":\"Geofabrik OpenStreetMap roads\",\"source_type\":\"openstreetmap_extract\",\"url\":\"https://download.geofabrik.de/europe/belarus-latest.osm.pbf\",\"archive_url\":\"\",\"retrieved_at\":\"2026-09-29T10:12:41Z\",\"source_record_id\":\"belarus:76513\",\"source_file\":\"data/raw/osm/geofabrik/belarus-latest.osm.pbf\",\"source_line_or_record_id\":\"76513\",\"extractor_version\":\"geofabrik_osm_roads_1\",\"license_or_terms\":\"ODbL-1.0\",\"confidence_contribution\":\"0.82\"}]","first_seen_build":"2026-09-29T10:12:41Z","last_seen_build":"2026-09-29T10:12:41Z","change_status":"new","change_types":["new"],"changed_since_previous_build":"false","new_in_latest_build":"true","removed_from_latest_build":"false","source_archive_date":"2026-09-29T10:12:41Z","generation_type":"","primary_fuel":"","secondary_fuels":"","plant_role":"","technology":"","installed_capacity_mw":"","operational_status":"","classification_confidence":"","classification_confidence_score":"","classification_method":"","classification_sources":"","classification_notes":"","alternate_names":"","name_ru":"","match_score":"","match_method":"","matched_source_record_ids":"","is_nuclear":"","nuclear_status":"","reactor_count":"","operating_reactor_count":"","reactor_types":"","nuclear_reference_ids":"","radiological_risk":"","substation_type":"","voltage_kv":"","voltage_levels_kv":"","connected_generation_type":"","ecological_risk_category":"","political_significance":"","risk_assessment_status":"","tags":{"highway":"primary","name":"вуліца Зянітчыкаў","surface":"asphalt"},"references":[{"reference_id":"ref_9f5e4a3c07d5fddc","source_id":"geofabrik_osm_roads","source_name":"Geofabrik OpenStreetMap roads","source_type":"openstreetmap_extract","url":"https://download.geofabrik.de/europe/belarus-latest.osm.pbf","archive_url":"","retrieved_at":"2026-09-29T10:12:41Z","source_record_id":"belarus:76513","source_file":"data/raw/osm/geofabrik/belarus-latest.osm.pbf","source_line_or_record_id":"76513","extractor_version":"geofabrik_osm_roads_1","license_or_terms":"ODbL-1.0","confidence_contribution":"0.82"}]}},{"type":"Feature","id":"infra_37086be69e88212b","geometry":{"type":"LineString","coordinates":[[25.3301903,53.8600493],[25.3302812,53.8600825],[25.3303625,53.8601151],[25.3304397,53.8601461],[25.3304904,53.8602097]]},"properties":{"uid":"infra_37086be69e88212b","object_id":"infra_37086be69e88212b","source":"geofabrik_osm_roads","source_dataset":"Geofabrik OpenStreetMap roads","source_id":"geofabrik_osm_roads","source_record_id":"belarus:76514","source_url":"https://download.geofabrik.de/europe/belarus-latest.osm.pbf","source_capture_date":"2026-09-29T10:12:41Z","source_layer":"osm_major_roads","source_reference_id":"ref_e6f3308bd6a8b386","source_name":"Geofabrik OpenStreetMap roads","source_type":"openstreetmap_extract","source_reliability":"B","license_or_terms":"ODbL-1.0","name":"М11/П2","name_en":"","description":"OSM highway=trunk; ref=М11/П2; surface=asphalt","name_translated":"m11/p2","description_translated":"osm highway=trunk; ref=m11/p2; surface=asphalt","display_label":"М11/П2","asset_class":"transport","asset_type":"road","asset_subtype":"trunk","domain":"transport","status":"","operator":"","product":"","country":"Belarus","country_code":"BY","country_source":"geofabrik_extract_boundary","countries":["Belarus"],"source_country":"Belarus","country_match_method":"representative_point_in_boundary","region":"","region_translated":"","subdivision":"","inn":"","is_sanctioned":"","is_mass_director":"","is_mass_founder":"","is_disqualified_persons":"","geometry_type":"LineString","latitude":"","longitude":"","centroid_latitude":"53.86012054","centroid_longitude":"25.33035282","map_latitude":"53.86012054","map_longitude":"25.33035282","start_latitude":"53.8600493","start_longitude":"25.3301903","end_latitude":"53.8602097","end_longitude":"25.3304904","coordinate_count":"5","length_km":"0.027398","has_point_location":"true","location_quality":"line_centroid","coordinate_precision":"centroid","coordinate_source":"","entity_confidence":"high","freshness":"recent","cross_source_support":"1","review_status":"unreviewed","confidence":"A","confidence_grade":"A","confidence_score":"0.94","selectable":"true","map_layer":"transport_roads","map_color":"#4b5563","map_icon":"road","risk_flags":"","subcategory":"trunk","transport_functions":"road","un_locode":"","locode_country":"BY","locode_location":"","iata":"","remarks":"","source_date":"","detected_language":"ru_or_mixed","translation_source":"offline_rules+transliteration","derived_subcategory":"trunk","derived_subcategory_label":"Trunk road","derived_subcategory_confidence":"1.0","derived_subcategory_reason":"OSM highway class","possible_duplicate_group":"","search_text":"М11/П2 М11/П2 OSM highway=trunk; ref=М11/П2; surface=asphalt transport road trunk transport road Geofabrik OpenStreetMap roads osm_major_roads m11/p2 osm highway=trunk; ref=m11/p2; surface=asphalt Trunk road","references_json":"[{\"reference_id\":\"ref_e6f3308bd6a8b386\",\"source_id\":\"geofabrik_osm_roads\",\"source_name\":\"Geofabrik OpenStreetMap roads\",\"source_type\":\"openstreetmap_extract\",\"url\":\"https://download.geofabrik.de/europe/belarus-latest.osm.pbf\",\"archive_url\":\"\",\"retrieved_at\":\"2026-09-29T10:12:41Z\",\"source_record_id\":\"belarus:76514\",\"source_file\":\"data/raw/osm/geofabrik/belarus-latest.osm.pbf\",\"source_line_or_record_id\":\"76514\",\"extractor_version\":\"geofabrik_osm_roads_1\",\"license_or_terms\":\"ODbL-1.0\",\"confidence_contribution\":\"0.82\"}]","first_seen_build":"2026-09-29T10:12:41Z","last_seen_build":"2026-09-29T10:12:41Z","change_status":"new","change_types":["new"],"changed_since_previous_build":"false","new_in_latest_build":"true","removed_from_latest_build":"false","source_archive_date":"2026-09-29T10:12:41Z","generation_type":"","primary_fuel":"","secondary_fuels":"","plant_role":"","technology":"","installed_capacity_mw":"","operational_status":"","classification_confidence":"","classification_confidence_score":"","classification_method":"","classification_sources":"","classification_notes":"","alternate_names":"","name_ru":"","match_score":"","match_method":"","matched_source_record_ids":"","is_nuclear":"","nuclear_status":"","reactor_count":"","operating_reactor_count":"","reactor_types":"","nuclear_reference_ids":"","radiological_risk":"","substation_type":"","voltage_kv":"","voltage_levels_kv":"","connected_generation_type":"","ecological_risk_category":"","political_significance":"","risk_assessment_status":"","tags":{"highway":"trunk","int_ref":"E 85","lanes":"1","lit":"yes","maxspeed":"60","oneway":"yes","ref":"М11/П2","surface":"asphalt"},"references":[{"reference_id":"ref_e6f3308bd6a8b386","source_id":"geofabrik_osm_roads","source_name":"Geofabrik OpenStreetMap roads","source_type":"openstreetmap_extract","url":"https://download.geofabrik.de/europe/belarus-latest.osm.pbf","archive_url":"","retrieved_at":"2026-09-29T10:12:41Z","source_record_id":"belarus:76514","source_file":"data/raw/osm/geofabrik/belarus-latest.osm.pbf","source_line_or_record_id":"76514","extractor_version":"geofabrik_osm_roads_1","license_or_terms":"ODbL-1.0","confidence_contribution":"0.82"}]}}]}